Core Validation & E2E	Run Playwright Tests	﻿2026-09-02T18:31:22.6020688Z ##[group]Run cd apps/web
Core Validation & E2E	Run Playwright Tests	2026-09-02T18:31:22.6022813Z ^[[36;1mcd apps/web^[[0m
Core Validation & E2E	Run Playwright Tests	2026-09-02T18:31:22.6023695Z ^[[36;1mnpx --no-install playwright test --reporter=line,json^[[0m
Core Validation & E2E	Run Playwright Tests	2026-09-02T18:31:22.6258038Z shell: /usr/bin/bash -e {0}
Core Validation & E2E	Run Playwright Tests	2026-09-02T18:31:22.6258369Z env:
Core Validation & E2E	Run Playwright Tests	2026-09-02T18:31:22.6258648Z   NEXT_PUBLIC_SUPABASE_URL: http://127.0.0.1:54321
Core Validation & E2E	Run Playwright Tests	2026-09-02T18:31:22.6260652Z   NEXT_PUBLIC_SUPABASE_ANON_KEY: ***
Core Validation & E2E	Run Playwright Tests	2026-09-02T18:31:22.6261873Z   SUPABASE_SERVICE_ROLE_KEY: ***
Core Validation & E2E	Run Playwright Tests	2026-09-02T18:31:22.6262197Z   PLAYWRIGHT_GIT_COMMIT_INFO: 0
Core Validation & E2E	Run Playwright Tests	2026-09-02T18:31:22.6262530Z   PLAYWRIGHT_JSON_OUTPUT_NAME: playwright-report/results.json
Core Validation & E2E	Run Playwright Tests	2026-09-02T18:31:22.6262871Z ##[endgroup]
Core Validation & E2E	Run Playwright Tests	2026-09-02T18:33:01.3292835Z 
Core Validation & E2E	Run Playwright Tests	2026-09-02T18:33:01.3293543Z Running 626 tests using 1 worker
Core Validation & E2E	Run Playwright Tests	2026-09-02T18:33:01.3293968Z 
Core Validation & E2E	Run Playwright Tests	2026-09-02T18:33:13.0290701Z [1/626] [setup] › e2e/auth.setup.ts:15:8 › authenticate as superadmin
Core Validation & E2E	Run Playwright Tests	2026-09-02T18:33:16.6155096Z [2/626] [setup] › e2e/auth.setup.ts:15:8 › authenticate as branchadmin
Core Validation & E2E	Run Playwright Tests	2026-09-02T18:33:07.9626185Z [3/626] [setup] › e2e/auth.setup.ts:15:8 › authenticate as teacher
Core Validation & E2E	Run Playwright Tests	2026-09-02T18:33:09.3881094Z [4/626] [setup] › e2e/auth.setup.ts:15:8 › authenticate as teacher2
Core Validation & E2E	Run Playwright Tests	2026-09-02T18:33:10.8011967Z [5/626] [setup] › e2e/auth.setup.ts:15:8 › authenticate as teacher_limit
Core Validation & E2E	Run Playwright Tests	2026-09-02T18:33:12.1825523Z [6/626] [setup] › e2e/auth.setup.ts:15:8 › authenticate as guardian
Core Validation & E2E	Run Playwright Tests	2026-09-02T18:33:15.7142840Z [7/626] [chromium-superadmin] › e2e/academic-structure.spec.ts:6:7 › Academic Structure Role Tests › Teacher gets Access Denied when trying to create and sees branch identity without switching
Core Validation & E2E	Run Playwright Tests	2026-09-02T18:33:16.0820016Z [8/626] [chromium-superadmin] › e2e/academic-structure.spec.ts:22:7 › Academic Structure Role Tests › Branch Admin can create, edit, and delete an Academic Year but cannot switch branch
Core Validation & E2E	Run Playwright Tests	2026-09-02T18:33:16.2127861Z [9/626] [chromium-superadmin] › e2e/academic-structure.spec.ts:58:7 › Academic Structure Role Tests › Branch Admin attempting to access another branch resource is denied
Core Validation & E2E	Run Playwright Tests	2026-09-02T18:33:16.3563339Z [10/626] [chromium-superadmin] › e2e/adversarial-security.spec.ts:38:9 › Adversarial Server-Boundary Security › Teacher Role Mutations › Teacher cannot mutate attendance for unauthorized branch
Core Validation & E2E	Run Playwright Tests	2026-09-02T18:33:16.3980469Z [11/626] [chromium-superadmin] › e2e/adversarial-security.spec.ts:63:9 › Adversarial Server-Boundary Security › Teacher Role Mutations › Teacher cannot mutate homework for unauthorized branch
Core Validation & E2E	Run Playwright Tests	2026-09-02T18:33:16.4304440Z [12/626] [chromium-superadmin] › e2e/adversarial-security.spec.ts:104:9 › Adversarial Server-Boundary Security › Teacher Role Mutations › Teacher cannot publish communication messages (admin-only)
Core Validation & E2E	Run Playwright Tests	2026-09-02T18:33:16.4598481Z [13/626] [chromium-superadmin] › e2e/adversarial-security.spec.ts:131:9 › Adversarial Server-Boundary Security › Teacher Role Mutations › Teacher cannot mutate a locked attendance session directly via RPC
Core Validation & E2E	Run Playwright Tests	2026-09-02T18:33:16.4917522Z [14/626] [chromium-superadmin] › e2e/adversarial-security.spec.ts:176:9 › Adversarial Server-Boundary Security › Guardian Role Mutations › Guardian cannot mutate attendance for their own child
Core Validation & E2E	Run Playwright Tests	2026-09-02T18:33:16.5565968Z [15/626] [chromium-superadmin] › e2e/app-config.spec.ts:5:7 › App Config Admin Tests › Teacher gets Access Denied when trying to access app config
Core Validation & E2E	Run Playwright Tests	2026-09-02T18:33:16.6330964Z [16/626] [chromium-superadmin] › e2e/app-config.spec.ts:15:7 › App Config Admin Tests › Branch Admin can view and edit their branch app config
Core Validation & E2E	Run Playwright Tests	2026-09-02T18:33:16.7058645Z [17/626] [chromium-superadmin] › e2e/app-config.spec.ts:40:7 › App Config Admin Tests › Super Admin can view and edit app configs across branches
Core Validation & E2E	Run Playwright Tests	2026-09-02T18:33:17.6828669Z [18/626] [chromium-superadmin] › e2e/attendance.spec.ts:11:9 › Attendance Management › Teacher Flow (chromium-teacher) › Teacher can mark, save, and lock attendance
Core Validation & E2E	Run Playwright Tests	2026-09-02T18:33:17.7244830Z [19/626] [chromium-superadmin] › e2e/attendance.spec.ts:64:9 › Attendance Management › Teacher Flow (chromium-teacher) › Teacher cannot bypass authorization for another branch
Core Validation & E2E	Run Playwright Tests	2026-09-02T18:33:17.7543425Z [20/626] [chromium-superadmin] › e2e/attendance.spec.ts:76:9 › Attendance Management › Branch Admin Flow (chromium-branchadmin) › Admin can mark, save, lock, publish, and correct attendance
Core Validation & E2E	Run Playwright Tests	2026-09-02T18:33:17.7874157Z [21/626] [chromium-superadmin] › e2e/attendance.spec.ts:145:9 › Attendance Management › Guardian History Flow (chromium-guardian) › Guardian can view published absences
Core Validation & E2E	Run Playwright Tests	2026-09-02T18:33:17.8185143Z [22/626] [chromium-superadmin] › e2e/attendance.spec.ts:155:9 › Attendance Management › Guardian History Flow (chromium-guardian) › Guardian cannot access attendance entry page
Core Validation & E2E	Run Playwright Tests	2026-09-02T18:33:17.8773847Z [23/626] [chromium-superadmin] › e2e/auth-password-reset.spec.ts:7:7 › Temporary Credentials Enforcement › User with force_password_reset=true is redirected and can reset
Core Validation & E2E	Run Playwright Tests	2026-09-02T18:33:22.9382404Z [24/626] [chromium-superadmin] › e2e/auth-password-reset.spec.ts:62:7 › Temporary Credentials Enforcement › Normal user without force_password_reset can login normally
Core Validation & E2E	Run Playwright Tests	2026-09-02T18:33:28.2025555Z [25/626] [chromium-superadmin] › e2e/branch-context.spec.ts:39:9 › branch-context authorization helpers › Super Admin Semantics › auth_is_super_admin() is true
Core Validation & E2E	Run Playwright Tests	2026-09-02T18:33:28.2234389Z [26/626] [chromium-superadmin] › e2e/branch-context.spec.ts:44:9 › branch-context authorization helpers › Super Admin Semantics › auth_has_org_access() is true for authorized org
Core Validation & E2E	Run Playwright Tests	2026-09-02T18:33:28.2411834Z [27/626] [chromium-superadmin] › e2e/branch-context.spec.ts:49:9 › branch-context authorization helpers › Super Admin Semantics › auth_has_branch_membership() is true for branch in authorized org
Core Validation & E2E	Run Playwright Tests	2026-09-02T18:33:28.2586436Z [28/626] [chromium-superadmin] › e2e/branch-context.spec.ts:53:9 › branch-context authorization helpers › Super Admin Semantics › auth_has_branch_membership() is false for branch in unauthorized org
Core Validation & E2E	Run Playwright Tests	2026-09-02T18:33:28.2732878Z [29/626] [chromium-superadmin] › e2e/branch-context.spec.ts:57:9 › branch-context authorization helpers › Super Admin Semantics › auth_has_branch_role() is false unless an explicit real role assignment exists
Core Validation & E2E	Run Playwright Tests	2026-09-02T18:33:28.2885983Z [30/626] [chromium-superadmin] › e2e/branch-context.spec.ts:68:9 › branch-context authorization helpers › Branch Admin Semantics › branchadmin role is true for own branch
Core Validation & E2E	Run Playwright Tests	2026-09-02T18:33:28.3036409Z [31/626] [chromium-superadmin] › e2e/branch-context.spec.ts:72:9 › branch-context authorization helpers › Branch Admin Semantics › teacher role is false unless explicitly assigned
Core Validation & E2E	Run Playwright Tests	2026-09-02T18:33:28.3169084Z [32/626] [chromium-superadmin] › e2e/branch-context.spec.ts:76:9 › branch-context authorization helpers › Branch Admin Semantics › other branch is false
Core Validation & E2E	Run Playwright Tests	2026-09-02T18:33:28.3313577Z [33/626] [chromium-superadmin] › e2e/branch-context.spec.ts:80:9 › branch-context authorization helpers › Branch Admin Semantics › wrong org is false
Core Validation & E2E	Run Playwright Tests	2026-09-02T18:33:28.3477518Z [34/626] [chromium-superadmin] › e2e/branch-context.spec.ts:86:9 › branch-context authorization helpers › Teacher Semantics › teacher role is true in own branch
Core Validation & E2E	Run Playwright Tests	2026-09-02T18:33:28.3626730Z [35/626] [chromium-superadmin] › e2e/branch-context.spec.ts:90:9 › branch-context authorization helpers › Teacher Semantics › branchadmin role is false
Core Validation & E2E	Run Playwright Tests	2026-09-02T18:33:28.3791283Z [36/626] [chromium-superadmin] › e2e/branch-context.spec.ts:94:9 › branch-context authorization helpers › Teacher Semantics › other branch is false
Core Validation & E2E	Run Playwright Tests	2026-09-02T18:33:28.3939349Z [37/626] [chromium-superadmin] › e2e/branch-context.spec.ts:98:9 › branch-context authorization helpers › Teacher Semantics › wrong org is false
Core Validation & E2E	Run Playwright Tests	2026-09-02T18:33:28.4437861Z [38/626] [chromium-superadmin] › e2e/calendar.spec.ts:24:7 › Calendar UI › Teacher cannot mutate calendar events or operating days
Core Validation & E2E	Run Playwright Tests	2026-09-02T18:33:28.5354515Z [39/626] [chromium-superadmin] › e2e/calendar.spec.ts:79:9 › Calendar UI › Branch Admin Calendar Mutations › Branch Admin can manage operating days
Core Validation & E2E	Run Playwright Tests	2026-09-02T18:33:28.6196870Z [40/626] [chromium-superadmin] › e2e/calendar.spec.ts:128:9 › Calendar UI › Branch Admin Calendar Mutations › Branch Admin can create, edit, and archive calendar events
Core Validation & E2E	Run Playwright Tests	2026-09-02T18:33:28.7531490Z [41/626] [chromium-superadmin] › e2e/communication.spec.ts:5:7 › Communication End-to-End Workflows › Branch Admin can create an announcement and view it in Sent
Core Validation & E2E	Run Playwright Tests	2026-09-02T18:33:28.8262870Z [42/626] [chromium-superadmin] › e2e/communication.spec.ts:26:7 › Communication End-to-End Workflows › Teacher can create class announcement and branch-wide targeting is denied
Core Validation & E2E	Run Playwright Tests	2026-09-02T18:33:28.8407013Z [43/626] [chromium-superadmin] › e2e/communication.spec.ts:61:7 › Communication End-to-End Workflows › Recipient can view message in inbox
Core Validation & E2E	Run Playwright Tests	2026-09-02T18:33:28.8636970Z [44/626] [chromium-superadmin] › e2e/communication.spec.ts:163:7 › Communication End-to-End Workflows › Teacher rate limit enforces exactly 5 messages per day
Core Validation & E2E	Run Playwright Tests	2026-09-02T18:33:28.9172078Z [45/626] [chromium-superadmin] › e2e/homework.spec.ts:11:9 › Homework E2E - Phase 5 › Teacher Creation Flow › Teacher creates, saves draft, and publishes
Core Validation & E2E	Run Playwright Tests	2026-09-02T18:33:28.9458063Z [46/626] [chromium-superadmin] › e2e/homework.spec.ts:63:9 › Homework E2E - Phase 5 › Guardian View Flow › Guardian views homework but cannot submit
Core Validation & E2E	Run Playwright Tests	2026-09-02T18:33:28.9744264Z [47/626] [chromium-superadmin] › e2e/homework.spec.ts:86:9 › Homework E2E - Phase 5 › Unauthorized Access › Unauthorized access to creation page is blocked
Core Validation & E2E	Run Playwright Tests	2026-09-02T18:33:29.0359072Z [48/626] [chromium-superadmin] › e2e/proxy-security.spec.ts:8:7 › Proxy / Middleware Runtime Security › Unauthenticated user is redirected to /login
Core Validation & E2E	Run Playwright Tests	2026-09-02T18:33:29.0633152Z [49/626] [chromium-superadmin] › e2e/proxy-security.spec.ts:20:7 › Proxy / Middleware Runtime Security › Normal authenticated user is not incorrectly redirected
Core Validation & E2E	Run Playwright Tests	2026-09-02T18:33:29.0922540Z [50/626] [chromium-superadmin] › e2e/proxy-security.spec.ts:28:7 › Proxy / Middleware Runtime Security › Logout remains usable
Core Validation & E2E	Run Playwright Tests	2026-09-02T18:33:29.1200880Z [51/626] [chromium-superadmin] › e2e/proxy-security.spec.ts:45:9 › Proxy / Middleware Runtime Security › Password Reset Flow › User requiring password reset is redirected to /auth/update-password
Core Validation & E2E	Run Playwright Tests	2026-09-02T18:33:29.1814706Z [52/626] [chromium-superadmin] › e2e/scheduling.spec.ts:13:7 › Scheduling Management › Branch Admin can manage rooms, bell schedules, and periods
Core Validation & E2E	Run Playwright Tests	2026-09-02T18:33:29.2091476Z [53/626] [chromium-superadmin] › e2e/scheduling.spec.ts:99:7 › Scheduling Security - Teacher Role › Teacher cannot perform administrative mutations
Core Validation & E2E	Run Playwright Tests	2026-09-02T18:33:29.2404919Z [54/626] [chromium-superadmin] › e2e/scheduling.spec.ts:119:7 › Scheduling Security - Cross Branch › Cross-branch manipulation is rejected
Core Validation & E2E	Run Playwright Tests	2026-09-02T18:33:29.3165893Z [55/626] [chromium-superadmin] › e2e/storage.spec.ts:34:7 › Storage Runtime Authorization (Communication) › Teacher can upload attachment to their own draft and unauthorized users cannot read
Core Validation & E2E	Run Playwright Tests	2026-09-02T18:33:29.3801351Z [56/626] [chromium-superadmin] › e2e/students-security.spec.ts:17:7 › Students Page Authorization › Branch Admin can access /students for their own branch
Core Validation & E2E	Run Playwright Tests	2026-09-02T18:33:29.4558370Z [57/626] [chromium-superadmin] › e2e/students-security.spec.ts:35:7 › Students Page Authorization › Teacher can access /students in read-only mode
Core Validation & E2E	Run Playwright Tests	2026-09-02T18:33:29.5307710Z [58/626] [chromium-superadmin] › e2e/students-security.spec.ts:52:7 › Students Page Authorization › Students page rejects access with invalid branch context
Core Validation & E2E	Run Playwright Tests	2026-09-02T18:33:29.6060958Z [59/626] [chromium-superadmin] › e2e/students-security.spec.ts:67:7 › Students/New Page Authorization › Branch Admin can access /students/new for their branch
Core Validation & E2E	Run Playwright Tests	2026-09-02T18:33:29.6826201Z [60/626] [chromium-superadmin] › e2e/students-security.spec.ts:80:7 › Students/New Page Authorization › Teacher cannot access /students/new (read-only role)
Core Validation & E2E	Run Playwright Tests	2026-09-02T18:33:29.7555780Z [61/626] [chromium-superadmin] › e2e/students-security.spec.ts:91:7 › Students/New Page Authorization › Students/new page does not contain hardcoded branch/org IDs
Core Validation & E2E	Run Playwright Tests	2026-09-02T18:33:29.8436927Z [62/626] [chromium-superadmin] › e2e/students-security.spec.ts:104:7 › Students/New Page Authorization › Students/new rejects cross-branch access
Core Validation & E2E	Run Playwright Tests	2026-09-02T18:33:29.9370634Z [63/626] [chromium-superadmin] › e2e/students-security.spec.ts:119:7 › Students Detail Page Authorization › Student detail page enforces branch context
Core Validation & E2E	Run Playwright Tests	2026-09-02T18:33:30.0137296Z [64/626] [chromium-superadmin] › e2e/students-security.spec.ts:131:7 › Students Detail Page Authorization › Student detail page rejects cross-branch access
Core Validation & E2E	Run Playwright Tests	2026-09-02T18:33:30.1206581Z [65/626] [chromium-superadmin] › e2e/substitutions.spec.ts:33:7 › Substitutions Management › Branch Admin CRUD & Conflicts › should manage substitutions and handle conflicts
Core Validation & E2E	Run Playwright Tests	2026-09-02T18:33:30.1521653Z [66/626] [chromium-superadmin] › e2e/substitutions.spec.ts:281:9 › Substitutions Management › Teacher Roles › should view substitutions but cannot create
Core Validation & E2E	Run Playwright Tests	2026-09-02T18:33:30.2200753Z [67/626] [chromium-superadmin] › e2e/timetable.spec.ts:27:9 › Timetable Management › Branch Admin CRUD & Conflicts › should manage timetable entries and handle conflicts
Core Validation & E2E	Run Playwright Tests	2026-09-02T18:33:30.2525088Z [68/626] [chromium-superadmin] › e2e/timetable.spec.ts:168:9 › Timetable Management › Teacher Roles › should view timetable but cannot create entries
Core Validation & E2E	Run Playwright Tests	2026-09-02T18:33:32.7300609Z [69/626] [chromium-branchadmin] › e2e/academic-structure.spec.ts:6:7 › Academic Structure Role Tests › Teacher gets Access Denied when trying to create and sees branch identity without switching
Core Validation & E2E	Run Playwright Tests	2026-09-02T18:33:33.1885115Z [70/626] [chromium-branchadmin] › e2e/academic-structure.spec.ts:22:7 › Academic Structure Role Tests › Branch Admin can create, edit, and delete an Academic Year but cannot switch branch
Core Validation & E2E	Run Playwright Tests	2026-09-02T18:33:36.5607871Z [71/626] [chromium-branchadmin] › e2e/academic-structure.spec.ts:58:7 › Academic Structure Role Tests › Branch Admin attempting to access another branch resource is denied
Core Validation & E2E	Run Playwright Tests	2026-09-02T18:34:21.6844042Z [chromium-branchadmin] › e2e/academic-structure.spec.ts:58:7 › Academic Structure Role Tests › Branch Admin attempting to access another branch resource is denied
Core Validation & E2E	Run Playwright Tests	2026-09-02T18:34:21.6845670Z 
Core Validation & E2E	Run Playwright Tests	2026-09-02T18:34:21.6846056Z Connecting to local database...
Core Validation & E2E	Run Playwright Tests	2026-09-02T18:34:21.6846811Z 
Core Validation & E2E	Run Playwright Tests	2026-09-02T18:34:21.7893843Z [72/626] [chromium-branchadmin] › e2e/adversarial-security.spec.ts:38:9 › Adversarial Server-Boundary Security › Teacher Role Mutations › Teacher cannot mutate attendance for unauthorized branch
Core Validation & E2E	Run Playwright Tests	2026-09-02T18:34:21.8303213Z [73/626] [chromium-branchadmin] › e2e/adversarial-security.spec.ts:63:9 › Adversarial Server-Boundary Security › Teacher Role Mutations › Teacher cannot mutate homework for unauthorized branch
Core Validation & E2E	Run Playwright Tests	2026-09-02T18:34:21.8686203Z [74/626] [chromium-branchadmin] › e2e/adversarial-security.spec.ts:104:9 › Adversarial Server-Boundary Security › Teacher Role Mutations › Teacher cannot publish communication messages (admin-only)
Core Validation & E2E	Run Playwright Tests	2026-09-02T18:34:21.9119815Z [75/626] [chromium-branchadmin] › e2e/adversarial-security.spec.ts:131:9 › Adversarial Server-Boundary Security › Teacher Role Mutations › Teacher cannot mutate a locked attendance session directly via RPC
Core Validation & E2E	Run Playwright Tests	2026-09-02T18:34:21.9443954Z [76/626] [chromium-branchadmin] › e2e/adversarial-security.spec.ts:176:9 › Adversarial Server-Boundary Security › Guardian Role Mutations › Guardian cannot mutate attendance for their own child
Core Validation & E2E	Run Playwright Tests	2026-09-02T18:34:22.0537590Z [77/626] [chromium-branchadmin] › e2e/app-config.spec.ts:5:7 › App Config Admin Tests › Teacher gets Access Denied when trying to access app config
Core Validation & E2E	Run Playwright Tests	2026-09-02T18:34:22.1484431Z [78/626] [chromium-branchadmin] › e2e/app-config.spec.ts:15:7 › App Config Admin Tests › Branch Admin can view and edit their branch app config
Core Validation & E2E	Run Playwright Tests	2026-09-02T18:34:23.9050586Z [79/626] [chromium-branchadmin] › e2e/app-config.spec.ts:40:7 › App Config Admin Tests › Super Admin can view and edit app configs across branches
Core Validation & E2E	Run Playwright Tests	2026-09-02T18:34:24.1352304Z [80/626] [chromium-branchadmin] › e2e/attendance.spec.ts:11:9 › Attendance Management › Teacher Flow (chromium-teacher) › Teacher can mark, save, and lock attendance
Core Validation & E2E	Run Playwright Tests	2026-09-02T18:34:24.1739820Z [81/626] [chromium-branchadmin] › e2e/attendance.spec.ts:64:9 › Attendance Management › Teacher Flow (chromium-teacher) › Teacher cannot bypass authorization for another branch
Core Validation & E2E	Run Playwright Tests	2026-09-02T18:34:24.2096739Z [82/626] [chromium-branchadmin] › e2e/attendance.spec.ts:76:9 › Attendance Management › Branch Admin Flow (chromium-branchadmin) › Admin can mark, save, lock, publish, and correct attendance
Core Validation & E2E	Run Playwright Tests	2026-09-02T18:34:38.8594686Z [83/626] [chromium-branchadmin] › e2e/attendance.spec.ts:145:9 › Attendance Management › Guardian History Flow (chromium-guardian) › Guardian can view published absences
Core Validation & E2E	Run Playwright Tests	2026-09-02T18:34:38.8950961Z [84/626] [chromium-branchadmin] › e2e/attendance.spec.ts:155:9 › Attendance Management › Guardian History Flow (chromium-guardian) › Guardian cannot access attendance entry page
Core Validation & E2E	Run Playwright Tests	2026-09-02T18:34:38.9597295Z [85/626] [chromium-branchadmin] › e2e/auth-password-reset.spec.ts:7:7 › Temporary Credentials Enforcement › User with force_password_reset=true is redirected and can reset
Core Validation & E2E	Run Playwright Tests	2026-09-02T18:34:39.0356144Z [86/626] [chromium-branchadmin] › e2e/auth-password-reset.spec.ts:62:7 › Temporary Credentials Enforcement › Normal user without force_password_reset can login normally
Core Validation & E2E	Run Playwright Tests	2026-09-02T18:34:34.9034392Z [87/626] [chromium-branchadmin] › e2e/branch-context.spec.ts:39:9 › branch-context authorization helpers › Super Admin Semantics › auth_is_super_admin() is true
Core Validation & E2E	Run Playwright Tests	2026-09-02T18:34:34.9186989Z [88/626] [chromium-branchadmin] › e2e/branch-context.spec.ts:44:9 › branch-context authorization helpers › Super Admin Semantics › auth_has_org_access() is true for authorized org
Core Validation & E2E	Run Playwright Tests	2026-09-02T18:34:34.9377423Z [89/626] [chromium-branchadmin] › e2e/branch-context.spec.ts:49:9 › branch-context authorization helpers › Super Admin Semantics › auth_has_branch_membership() is true for branch in authorized org
Core Validation & E2E	Run Playwright Tests	2026-09-02T18:34:34.9533615Z [90/626] [chromium-branchadmin] › e2e/branch-context.spec.ts:53:9 › branch-context authorization helpers › Super Admin Semantics › auth_has_branch_membership() is false for branch in unauthorized org
Core Validation & E2E	Run Playwright Tests	2026-09-02T18:34:34.9804675Z [91/626] [chromium-branchadmin] › e2e/branch-context.spec.ts:57:9 › branch-context authorization helpers › Super Admin Semantics › auth_has_branch_role() is false unless an explicit real role assignment exists
Core Validation & E2E	Run Playwright Tests	2026-09-02T18:34:35.0006739Z [92/626] [chromium-branchadmin] › e2e/branch-context.spec.ts:68:9 › branch-context authorization helpers › Branch Admin Semantics › branchadmin role is true for own branch
Core Validation & E2E	Run Playwright Tests	2026-09-02T18:34:35.0241564Z [93/626] [chromium-branchadmin] › e2e/branch-context.spec.ts:72:9 › branch-context authorization helpers › Branch Admin Semantics › teacher role is false unless explicitly assigned
Core Validation & E2E	Run Playwright Tests	2026-09-02T18:34:35.0463361Z [94/626] [chromium-branchadmin] › e2e/branch-context.spec.ts:76:9 › branch-context authorization helpers › Branch Admin Semantics › other branch is false
Core Validation & E2E	Run Playwright Tests	2026-09-02T18:34:35.0628248Z [95/626] [chromium-branchadmin] › e2e/branch-context.spec.ts:80:9 › branch-context authorization helpers › Branch Admin Semantics › wrong org is false
Core Validation & E2E	Run Playwright Tests	2026-09-02T18:34:35.0804856Z [96/626] [chromium-branchadmin] › e2e/branch-context.spec.ts:86:9 › branch-context authorization helpers › Teacher Semantics › teacher role is true in own branch
Core Validation & E2E	Run Playwright Tests	2026-09-02T18:34:35.0985584Z [97/626] [chromium-branchadmin] › e2e/branch-context.spec.ts:90:9 › branch-context authorization helpers › Teacher Semantics › branchadmin role is false
Core Validation & E2E	Run Playwright Tests	2026-09-02T18:34:35.1141505Z [98/626] [chromium-branchadmin] › e2e/branch-context.spec.ts:94:9 › branch-context authorization helpers › Teacher Semantics › other branch is false
Core Validation & E2E	Run Playwright Tests	2026-09-02T18:34:35.1316096Z [99/626] [chromium-branchadmin] › e2e/branch-context.spec.ts:98:9 › branch-context authorization helpers › Teacher Semantics › wrong org is false
Core Validation & E2E	Run Playwright Tests	2026-09-02T18:34:35.1865519Z [100/626] [chromium-branchadmin] › e2e/calendar.spec.ts:24:7 › Calendar UI › Teacher cannot mutate calendar events or operating days
Core Validation & E2E	Run Playwright Tests	2026-09-02T18:34:35.2859183Z [101/626] [chromium-branchadmin] › e2e/calendar.spec.ts:79:9 › Calendar UI › Branch Admin Calendar Mutations › Branch Admin can manage operating days
Core Validation & E2E	Run Playwright Tests	2026-09-02T18:34:37.9894270Z [102/626] [chromium-branchadmin] › e2e/calendar.spec.ts:128:9 › Calendar UI › Branch Admin Calendar Mutations › Branch Admin can create, edit, and archive calendar events
Core Validation & E2E	Run Playwright Tests	2026-09-02T18:34:43.8523768Z [103/626] [chromium-branchadmin] › e2e/communication.spec.ts:5:7 › Communication End-to-End Workflows › Branch Admin can create an announcement and view it in Sent
Core Validation & E2E	Run Playwright Tests	2026-09-02T18:34:46.1304889Z [104/626] [chromium-branchadmin] › e2e/communication.spec.ts:26:7 › Communication End-to-End Workflows › Teacher can create class announcement and branch-wide targeting is denied
Core Validation & E2E	Run Playwright Tests	2026-09-02T18:34:46.1572779Z [105/626] [chromium-branchadmin] › e2e/communication.spec.ts:61:7 › Communication End-to-End Workflows › Recipient can view message in inbox
Core Validation & E2E	Run Playwright Tests	2026-09-02T18:34:46.1785800Z [106/626] [chromium-branchadmin] › e2e/communication.spec.ts:163:7 › Communication End-to-End Workflows › Teacher rate limit enforces exactly 5 messages per day
Core Validation & E2E	Run Playwright Tests	2026-09-02T18:34:46.2259736Z [107/626] [chromium-branchadmin] › e2e/homework.spec.ts:11:9 › Homework E2E - Phase 5 › Teacher Creation Flow › Teacher creates, saves draft, and publishes
Core Validation & E2E	Run Playwright Tests	2026-09-02T18:34:46.2525378Z [108/626] [chromium-branchadmin] › e2e/homework.spec.ts:63:9 › Homework E2E - Phase 5 › Guardian View Flow › Guardian views homework but cannot submit
Core Validation & E2E	Run Playwright Tests	2026-09-02T18:34:46.2785393Z [109/626] [chromium-branchadmin] › e2e/homework.spec.ts:86:9 › Homework E2E - Phase 5 › Unauthorized Access › Unauthorized access to creation page is blocked
Core Validation & E2E	Run Playwright Tests	2026-09-02T18:34:46.3420136Z [110/626] [chromium-branchadmin] › e2e/proxy-security.spec.ts:8:7 › Proxy / Middleware Runtime Security › Unauthenticated user is redirected to /login
Core Validation & E2E	Run Playwright Tests	2026-09-02T18:34:46.3682649Z [111/626] [chromium-branchadmin] › e2e/proxy-security.spec.ts:20:7 › Proxy / Middleware Runtime Security › Normal authenticated user is not incorrectly redirected
Core Validation & E2E	Run Playwright Tests	2026-09-02T18:34:46.3943979Z [112/626] [chromium-branchadmin] › e2e/proxy-security.spec.ts:28:7 › Proxy / Middleware Runtime Security › Logout remains usable
Core Validation & E2E	Run Playwright Tests	2026-09-02T18:34:46.4201091Z [113/626] [chromium-branchadmin] › e2e/proxy-security.spec.ts:45:9 › Proxy / Middleware Runtime Security › Password Reset Flow › User requiring password reset is redirected to /auth/update-password
Core Validation & E2E	Run Playwright Tests	2026-09-02T18:34:46.4803456Z [114/626] [chromium-branchadmin] › e2e/scheduling.spec.ts:13:7 › Scheduling Management › Branch Admin can manage rooms, bell schedules, and periods
Core Validation & E2E	Run Playwright Tests	2026-09-02T18:34:52.7178181Z [115/626] [chromium-branchadmin] › e2e/scheduling.spec.ts:99:7 › Scheduling Security - Teacher Role › Teacher cannot perform administrative mutations
Core Validation & E2E	Run Playwright Tests	2026-09-02T18:34:52.7633120Z [116/626] [chromium-branchadmin] › e2e/scheduling.spec.ts:119:7 › Scheduling Security - Cross Branch › Cross-branch manipulation is rejected
Core Validation & E2E	Run Playwright Tests	2026-09-02T18:34:53.3132876Z [117/626] [chromium-branchadmin] › e2e/storage.spec.ts:34:7 › Storage Runtime Authorization (Communication) › Teacher can upload attachment to their own draft and unauthorized users cannot read
Core Validation & E2E	Run Playwright Tests	2026-09-02T18:34:53.3809652Z [118/626] [chromium-branchadmin] › e2e/students-security.spec.ts:17:7 › Students Page Authorization › Branch Admin can access /students for their own branch
Core Validation & E2E	Run Playwright Tests	2026-09-02T18:34:53.8655404Z [119/626] [chromium-branchadmin] › e2e/students-security.spec.ts:35:7 › Students Page Authorization › Teacher can access /students in read-only mode
Core Validation & E2E	Run Playwright Tests	2026-09-02T18:34:53.9840844Z [120/626] [chromium-branchadmin] › e2e/students-security.spec.ts:52:7 › Students Page Authorization › Students page rejects access with invalid branch context
Core Validation & E2E	Run Playwright Tests	2026-09-02T18:34:54.4508044Z [121/626] [chromium-branchadmin] › e2e/students-security.spec.ts:67:7 › Students/New Page Authorization › Branch Admin can access /students/new for their branch
Core Validation & E2E	Run Playwright Tests	2026-09-02T18:34:55.0120222Z [122/626] [chromium-branchadmin] › e2e/students-security.spec.ts:80:7 › Students/New Page Authorization › Teacher cannot access /students/new (read-only role)
Core Validation & E2E	Run Playwright Tests	2026-09-02T18:34:55.1808364Z [123/626] [chromium-branchadmin] › e2e/students-security.spec.ts:91:7 › Students/New Page Authorization › Students/new page does not contain hardcoded branch/org IDs
Core Validation & E2E	Run Playwright Tests	2026-09-02T18:34:55.6642391Z [124/626] [chromium-branchadmin] › e2e/students-security.spec.ts:104:7 › Students/New Page Authorization › Students/new rejects cross-branch access
Core Validation & E2E	Run Playwright Tests	2026-09-02T18:34:56.1480199Z [125/626] [chromium-branchadmin] › e2e/students-security.spec.ts:119:7 › Students Detail Page Authorization › Student detail page enforces branch context
Core Validation & E2E	Run Playwright Tests	2026-09-02T18:34:56.6736082Z [126/626] [chromium-branchadmin] › e2e/students-security.spec.ts:131:7 › Students Detail Page Authorization › Student detail page rejects cross-branch access
Core Validation & E2E	Run Playwright Tests	2026-09-02T18:35:06.3058923Z [127/626] [chromium-branchadmin] › e2e/substitutions.spec.ts:33:7 › Substitutions Management › Branch Admin CRUD & Conflicts › should manage substitutions and handle conflicts
Core Validation & E2E	Run Playwright Tests	2026-09-02T18:35:08.5626198Z [WebServer] Action database error: {
Core Validation & E2E	Run Playwright Tests	2026-09-02T18:35:08.5627565Z [WebServer]   code: 'P0001',
Core Validation & E2E	Run Playwright Tests	2026-09-02T18:35:08.5628607Z [WebServer]   details: null,
Core Validation & E2E	Run Playwright Tests	2026-09-02T18:35:08.5629607Z [WebServer]   hint: null,
Core Validation & E2E	Run Playwright Tests	2026-09-02T18:35:08.5630714Z [WebServer]   message: 'Substitution date 2026-08-18 does not match timetable day of week 3'
Core Validation & E2E	Run Playwright Tests	2026-09-02T18:35:08.5631661Z [WebServer] }
Core Validation & E2E	Run Playwright Tests	2026-09-02T18:35:08.5631936Z 
Core Validation & E2E	Run Playwright Tests	2026-09-02T18:35:09.5000041Z [WebServer] Action database error: {
Core Validation & E2E	Run Playwright Tests	2026-09-02T18:35:09.5001026Z 
Core Validation & E2E	Run Playwright Tests	2026-09-02T18:35:09.5004661Z [WebServer]   code: 'P0001',
Core Validation & E2E	Run Playwright Tests	2026-09-02T18:35:09.5005761Z [WebServer]   details: null,
Core Validation & E2E	Run Playwright Tests	2026-09-02T18:35:09.5006578Z [WebServer]   hint: null,
Core Validation & E2E	Run Playwright Tests	2026-09-02T18:35:09.5007834Z [WebServer]   message: 'Substitution date 2099-01-01 does not match timetable day of week 3'
Core Validation & E2E	Run Playwright Tests	2026-09-02T18:35:09.5008757Z [WebServer] }
Core Validation & E2E	Run Playwright Tests	2026-09-02T18:35:11.2359226Z [WebServer] ⨯ Error: The destination stream closed early.
Core Validation & E2E	Run Playwright Tests	2026-09-02T18:35:11.2359855Z 
Core Validation & E2E	Run Playwright Tests	2026-09-02T18:35:11.2380269Z [WebServer]     at ignore-listed frames {
Core Validation & E2E	Run Playwright Tests	2026-09-02T18:35:11.2414156Z [WebServer]   digest: '3078329035'
Core Validation & E2E	Run Playwright Tests	2026-09-02T18:35:11.2415189Z [WebServer] }
Core Validation & E2E	Run Playwright Tests	2026-09-02T18:35:12.9702828Z [WebServer] ⨯ Error: The destination stream closed early.
Core Validation & E2E	Run Playwright Tests	2026-09-02T18:35:12.9703459Z 
Core Validation & E2E	Run Playwright Tests	2026-09-02T18:35:12.9703822Z [WebServer]     at ignore-listed frames {
Core Validation & E2E	Run Playwright Tests	2026-09-02T18:35:12.9704543Z [WebServer]   digest: '3078329035'
Core Validation & E2E	Run Playwright Tests	2026-09-02T18:35:12.9705045Z [WebServer] }
Core Validation & E2E	Run Playwright Tests	2026-09-02T18:35:15.8883281Z [128/626] [chromium-branchadmin] › e2e/substitutions.spec.ts:281:9 › Substitutions Management › Teacher Roles › should view substitutions but cannot create
Core Validation & E2E	Run Playwright Tests	2026-09-02T18:35:16.0026605Z [129/626] [chromium-branchadmin] › e2e/timetable.spec.ts:27:9 › Timetable Management › Branch Admin CRUD & Conflicts › should manage timetable entries and handle conflicts
Core Validation & E2E	Run Playwright Tests	2026-09-02T18:35:20.3267622Z [WebServer] Action database error: {
Core Validation & E2E	Run Playwright Tests	2026-09-02T18:35:20.3268464Z [WebServer]   code: '23P01',
Core Validation & E2E	Run Playwright Tests	2026-09-02T18:35:20.3269785Z [WebServer]   details: 'Key conflicts with existing key.',
Core Validation & E2E	Run Playwright Tests	2026-09-02T18:35:20.3273474Z [WebServer]   hint: null,
Core Validation & E2E	Run Playwright Tests	2026-09-02T18:35:20.3275397Z [WebServer]   message: 'conflicting key value violates exclusion constraint "ex_timetable_section"'
Core Validation & E2E	Run Playwright Tests	2026-09-02T18:35:20.3276565Z [WebServer] }
Core Validation & E2E	Run Playwright Tests	2026-09-02T18:35:20.3276850Z 
Core Validation & E2E	Run Playwright Tests	2026-09-02T18:35:20.7964613Z [WebServer] Action database error: {
Core Validation & E2E	Run Playwright Tests	2026-09-02T18:35:20.7965199Z 
Core Validation & E2E	Run Playwright Tests	2026-09-02T18:35:20.8036146Z [WebServer]   code: '23P01',
Core Validation & E2E	Run Playwright Tests	2026-09-02T18:35:20.8037096Z [WebServer]   details: 'Key conflicts with existing key.',
Core Validation & E2E	Run Playwright Tests	2026-09-02T18:35:20.8037810Z [WebServer]   hint: null,
Core Validation & E2E	Run Playwright Tests	2026-09-02T18:35:20.8038892Z [WebServer]   message: 'conflicting key value violates exclusion constraint "ex_timetable_teacher"'
Core Validation & E2E	Run Playwright Tests	2026-09-02T18:35:20.8040346Z [WebServer] }
Core Validation & E2E	Run Playwright Tests	2026-09-02T18:35:21.1928099Z [WebServer] Action database error: {
Core Validation & E2E	Run Playwright Tests	2026-09-02T18:35:21.1928491Z 
Core Validation & E2E	Run Playwright Tests	2026-09-02T18:35:21.1928679Z [WebServer]   code: '23P01',
Core Validation & E2E	Run Playwright Tests	2026-09-02T18:35:21.1929176Z [WebServer]   details: 'Key conflicts with existing key.',
Core Validation & E2E	Run Playwright Tests	2026-09-02T18:35:21.1929614Z [WebServer]   hint: null,
Core Validation & E2E	Run Playwright Tests	2026-09-02T18:35:21.1930252Z [WebServer]   message: 'conflicting key value violates exclusion constraint "ex_timetable_room"'
Core Validation & E2E	Run Playwright Tests	2026-09-02T18:35:21.1931396Z [WebServer] }
Core Validation & E2E	Run Playwright Tests	2026-09-02T18:35:22.9782942Z [130/626] [chromium-branchadmin] › e2e/timetable.spec.ts:168:9 › Timetable Management › Teacher Roles › should view timetable but cannot create entries
Core Validation & E2E	Run Playwright Tests	2026-09-02T18:35:25.4956944Z [131/626] [chromium-teacher] › e2e/academic-structure.spec.ts:6:7 › Academic Structure Role Tests › Teacher gets Access Denied when trying to create and sees branch identity without switching
Core Validation & E2E	Run Playwright Tests	2026-09-02T18:35:26.8511971Z [132/626] [chromium-teacher] › e2e/academic-structure.spec.ts:22:7 › Academic Structure Role Tests › Branch Admin can create, edit, and delete an Academic Year but cannot switch branch
Core Validation & E2E	Run Playwright Tests	2026-09-02T18:35:27.0671052Z [133/626] [chromium-teacher] › e2e/academic-structure.spec.ts:58:7 › Academic Structure Role Tests › Branch Admin attempting to access another branch resource is denied
Core Validation & E2E	Run Playwright Tests	2026-09-02T18:35:27.2187203Z [134/626] [chromium-teacher] › e2e/adversarial-security.spec.ts:38:9 › Adversarial Server-Boundary Security › Teacher Role Mutations › Teacher cannot mutate attendance for unauthorized branch
Core Validation & E2E	Run Playwright Tests	2026-09-02T18:35:27.3006366Z [135/626] [chromium-teacher] › e2e/adversarial-security.spec.ts:63:9 › Adversarial Server-Boundary Security › Teacher Role Mutations › Teacher cannot mutate homework for unauthorized branch
Core Validation & E2E	Run Playwright Tests	2026-09-02T18:35:36.5946954Z [136/626] [chromium-teacher] › e2e/adversarial-security.spec.ts:104:9 › Adversarial Server-Boundary Security › Teacher Role Mutations › Teacher cannot publish communication messages (admin-only)
Core Validation & E2E	Run Playwright Tests	2026-09-02T18:35:36.6468889Z [137/626] [chromium-teacher] › e2e/adversarial-security.spec.ts:131:9 › Adversarial Server-Boundary Security › Teacher Role Mutations › Teacher cannot mutate a locked attendance session directly via RPC
Core Validation & E2E	Run Playwright Tests	2026-09-02T18:35:36.7439002Z [138/626] [chromium-teacher] › e2e/adversarial-security.spec.ts:176:9 › Adversarial Server-Boundary Security › Guardian Role Mutations › Guardian cannot mutate attendance for their own child
Core Validation & E2E	Run Playwright Tests	2026-09-02T18:35:36.8159038Z [139/626] [chromium-teacher] › e2e/app-config.spec.ts:5:7 › App Config Admin Tests › Teacher gets Access Denied when trying to access app config
Core Validation & E2E	Run Playwright Tests	2026-09-02T18:35:27.9203579Z [140/626] [chromium-teacher] › e2e/app-config.spec.ts:15:7 › App Config Admin Tests › Branch Admin can view and edit their branch app config
Core Validation & E2E	Run Playwright Tests	2026-09-02T18:35:28.1115164Z [141/626] [chromium-teacher] › e2e/app-config.spec.ts:40:7 › App Config Admin Tests › Super Admin can view and edit app configs across branches
Core Validation & E2E	Run Playwright Tests	2026-09-02T18:35:28.2570050Z [142/626] [chromium-teacher] › e2e/attendance.spec.ts:11:9 › Attendance Management › Teacher Flow (chromium-teacher) › Teacher can mark, save, and lock attendance
Core Validation & E2E	Run Playwright Tests	2026-09-02T18:35:31.9802824Z [143/626] [chromium-teacher] › e2e/attendance.spec.ts:64:9 › Attendance Management › Teacher Flow (chromium-teacher) › Teacher cannot bypass authorization for another branch
Core Validation & E2E	Run Playwright Tests	2026-09-02T18:35:32.4572460Z [144/626] [chromium-teacher] › e2e/attendance.spec.ts:76:9 › Attendance Management › Branch Admin Flow (chromium-branchadmin) › Admin can mark, save, lock, publish, and correct attendance
Core Validation & E2E	Run Playwright Tests	2026-09-02T18:35:32.5428081Z [145/626] [chromium-teacher] › e2e/attendance.spec.ts:145:9 › Attendance Management › Guardian History Flow (chromium-guardian) › Guardian can view published absences
Core Validation & E2E	Run Playwright Tests	2026-09-02T18:35:41.6235962Z [146/626] [chromium-teacher] › e2e/attendance.spec.ts:155:9 › Attendance Management › Guardian History Flow (chromium-guardian) › Guardian cannot access attendance entry page
Core Validation & E2E	Run Playwright Tests	2026-09-02T18:35:41.7012515Z [147/626] [chromium-teacher] › e2e/auth-password-reset.spec.ts:7:7 › Temporary Credentials Enforcement › User with force_password_reset=true is redirected and can reset
Core Validation & E2E	Run Playwright Tests	2026-09-02T18:35:41.7706406Z [148/626] [chromium-teacher] › e2e/auth-password-reset.spec.ts:62:7 › Temporary Credentials Enforcement › Normal user without force_password_reset can login normally
Core Validation & E2E	Run Playwright Tests	2026-09-02T18:35:37.4905583Z [149/626] [chromium-teacher] › e2e/branch-context.spec.ts:39:9 › branch-context authorization helpers › Super Admin Semantics › auth_is_super_admin() is true
Core Validation & E2E	Run Playwright Tests	2026-09-02T18:35:37.5045182Z [150/626] [chromium-teacher] › e2e/branch-context.spec.ts:44:9 › branch-context authorization helpers › Super Admin Semantics › auth_has_org_access() is true for authorized org
Core Validation & E2E	Run Playwright Tests	2026-09-02T18:35:37.5213851Z [151/626] [chromium-teacher] › e2e/branch-context.spec.ts:49:9 › branch-context authorization helpers › Super Admin Semantics › auth_has_branch_membership() is true for branch in authorized org
Core Validation & E2E	Run Playwright Tests	2026-09-02T18:35:37.5337373Z [152/626] [chromium-teacher] › e2e/branch-context.spec.ts:53:9 › branch-context authorization helpers › Super Admin Semantics › auth_has_branch_membership() is false for branch in unauthorized org
Core Validation & E2E	Run Playwright Tests	2026-09-02T18:35:37.5525638Z [153/626] [chromium-teacher] › e2e/branch-context.spec.ts:57:9 › branch-context authorization helpers › Super Admin Semantics › auth_has_branch_role() is false unless an explicit real role assignment exists
Core Validation & E2E	Run Playwright Tests	2026-09-02T18:35:37.5679033Z [154/626] [chromium-teacher] › e2e/branch-context.spec.ts:68:9 › branch-context authorization helpers › Branch Admin Semantics › branchadmin role is true for own branch
Core Validation & E2E	Run Playwright Tests	2026-09-02T18:35:37.5819633Z [155/626] [chromium-teacher] › e2e/branch-context.spec.ts:72:9 › branch-context authorization helpers › Branch Admin Semantics › teacher role is false unless explicitly assigned
Core Validation & E2E	Run Playwright Tests	2026-09-02T18:35:37.5969959Z [156/626] [chromium-teacher] › e2e/branch-context.spec.ts:76:9 › branch-context authorization helpers › Branch Admin Semantics › other branch is false
Core Validation & E2E	Run Playwright Tests	2026-09-02T18:35:37.6115940Z [157/626] [chromium-teacher] › e2e/branch-context.spec.ts:80:9 › branch-context authorization helpers › Branch Admin Semantics › wrong org is false
Core Validation & E2E	Run Playwright Tests	2026-09-02T18:35:37.6252830Z [158/626] [chromium-teacher] › e2e/branch-context.spec.ts:86:9 › branch-context authorization helpers › Teacher Semantics › teacher role is true in own branch
Core Validation & E2E	Run Playwright Tests	2026-09-02T18:35:37.6379343Z [159/626] [chromium-teacher] › e2e/branch-context.spec.ts:90:9 › branch-context authorization helpers › Teacher Semantics › branchadmin role is false
Core Validation & E2E	Run Playwright Tests	2026-09-02T18:35:37.6535133Z [160/626] [chromium-teacher] › e2e/branch-context.spec.ts:94:9 › branch-context authorization helpers › Teacher Semantics › other branch is false
Core Validation & E2E	Run Playwright Tests	2026-09-02T18:35:37.6685304Z [161/626] [chromium-teacher] › e2e/branch-context.spec.ts:98:9 › branch-context authorization helpers › Teacher Semantics › wrong org is false
Core Validation & E2E	Run Playwright Tests	2026-09-02T18:35:37.7146939Z [162/626] [chromium-teacher] › e2e/calendar.spec.ts:24:7 › Calendar UI › Teacher cannot mutate calendar events or operating days
Core Validation & E2E	Run Playwright Tests	2026-09-02T18:35:38.2199435Z [163/626] [chromium-teacher] › e2e/calendar.spec.ts:79:9 › Calendar UI › Branch Admin Calendar Mutations › Branch Admin can manage operating days
Core Validation & E2E	Run Playwright Tests	2026-09-02T18:35:38.3692348Z [164/626] [chromium-teacher] › e2e/calendar.spec.ts:128:9 › Calendar UI › Branch Admin Calendar Mutations › Branch Admin can create, edit, and archive calendar events
Core Validation & E2E	Run Playwright Tests	2026-09-02T18:35:38.4995462Z [165/626] [chromium-teacher] › e2e/communication.spec.ts:5:7 › Communication End-to-End Workflows › Branch Admin can create an announcement and view it in Sent
Core Validation & E2E	Run Playwright Tests	2026-09-02T18:35:38.5767115Z [166/626] [chromium-teacher] › e2e/communication.spec.ts:26:7 › Communication End-to-End Workflows › Teacher can create class announcement and branch-wide targeting is denied
Core Validation & E2E	Run Playwright Tests	2026-09-02T18:35:40.8818631Z [167/626] [chromium-teacher] › e2e/communication.spec.ts:61:7 › Communication End-to-End Workflows › Recipient can view message in inbox
Core Validation & E2E	Run Playwright Tests	2026-09-02T18:35:40.9246641Z [168/626] [chromium-teacher] › e2e/communication.spec.ts:163:7 › Communication End-to-End Workflows › Teacher rate limit enforces exactly 5 messages per day
Core Validation & E2E	Run Playwright Tests	2026-09-02T18:35:48.7830858Z [WebServer] rpc_create_message error: {
Core Validation & E2E	Run Playwright Tests	2026-09-02T18:35:48.7832938Z [WebServer]   code: 'P0001',
Core Validation & E2E	Run Playwright Tests	2026-09-02T18:35:48.7841248Z [WebServer]   details: null,
Core Validation & E2E	Run Playwright Tests	2026-09-02T18:35:48.7841712Z 
Core Validation & E2E	Run Playwright Tests	2026-09-02T18:35:48.7842767Z [WebServer]   hint: null,
Core Validation & E2E	Run Playwright Tests	2026-09-02T18:35:48.7844511Z [WebServer]   message: 'Rate limit exceeded: You have sent 5 messages today. Limit is 5.'
Core Validation & E2E	Run Playwright Tests	2026-09-02T18:35:48.7845495Z [WebServer] }
Core Validation & E2E	Run Playwright Tests	2026-09-02T18:35:49.2965259Z [169/626] [chromium-teacher] › e2e/homework.spec.ts:11:9 › Homework E2E - Phase 5 › Teacher Creation Flow › Teacher creates, saves draft, and publishes
Core Validation & E2E	Run Playwright Tests	2026-09-02T18:35:52.0418423Z [170/626] [chromium-teacher] › e2e/homework.spec.ts:63:9 › Homework E2E - Phase 5 › Guardian View Flow › Guardian views homework but cannot submit
Core Validation & E2E	Run Playwright Tests	2026-09-02T18:35:52.1139773Z [171/626] [chromium-teacher] › e2e/homework.spec.ts:86:9 › Homework E2E - Phase 5 › Unauthorized Access › Unauthorized access to creation page is blocked
Core Validation & E2E	Run Playwright Tests	2026-09-02T18:35:52.1821602Z [172/626] [chromium-teacher] › e2e/proxy-security.spec.ts:8:7 › Proxy / Middleware Runtime Security › Unauthenticated user is redirected to /login
Core Validation & E2E	Run Playwright Tests	2026-09-02T18:35:52.4011603Z [173/626] [chromium-teacher] › e2e/proxy-security.spec.ts:20:7 › Proxy / Middleware Runtime Security › Normal authenticated user is not incorrectly redirected
Core Validation & E2E	Run Playwright Tests	2026-09-02T18:35:52.8962902Z [174/626] [chromium-teacher] › e2e/proxy-security.spec.ts:28:7 › Proxy / Middleware Runtime Security › Logout remains usable
Core Validation & E2E	Run Playwright Tests	2026-09-02T18:35:54.1595075Z [175/626] [chromium-teacher] › e2e/proxy-security.spec.ts:45:9 › Proxy / Middleware Runtime Security › Password Reset Flow › User requiring password reset is redirected to /auth/update-password
Core Validation & E2E	Run Playwright Tests	2026-09-02T18:35:54.5810742Z [chromium-teacher] › e2e/proxy-security.spec.ts:45:9 › Proxy / Middleware Runtime Security › Password Reset Flow › User requiring password reset is redirected to /auth/update-password
Core Validation & E2E	Run Playwright Tests	2026-09-02T18:35:54.5811908Z BROWSER CONSOLE: Submitting form...
Core Validation & E2E	Run Playwright Tests	2026-09-02T18:35:54.5812180Z 
Core Validation & E2E	Run Playwright Tests	2026-09-02T18:35:54.7177048Z BROWSER CONSOLE: Failed to load resource: the server responded with a status of 400 (Bad Request)
Core Validation & E2E	Run Playwright Tests	2026-09-02T18:35:54.7177529Z 
Core Validation & E2E	Run Playwright Tests	2026-09-02T18:35:54.7883635Z UI ERROR: Invalid login credentials
Core Validation & E2E	Run Playwright Tests	2026-09-02T18:35:54.7884661Z 
Core Validation & E2E	Run Playwright Tests	2026-09-02T18:36:10.9830981Z [176/626] (retries) [chromium-teacher] › e2e/proxy-security.spec.ts:45:9 › Proxy / Middleware Runtime Security › Password Reset Flow › User requiring password reset is redirected to /auth/update-password (retry #1)
Core Validation & E2E	Run Playwright Tests	2026-09-02T18:36:11.9126590Z BROWSER CONSOLE: Submitting form...
Core Validation & E2E	Run Playwright Tests	2026-09-02T18:36:11.9127105Z 
Core Validation & E2E	Run Playwright Tests	2026-09-02T18:36:12.0717069Z BROWSER CONSOLE: Failed to load resource: the server responded with a status of 400 (Bad Request)
Core Validation & E2E	Run Playwright Tests	2026-09-02T18:36:12.0718281Z 
Core Validation & E2E	Run Playwright Tests	2026-09-02T18:36:12.0778054Z UI ERROR: Invalid login credentials
Core Validation & E2E	Run Playwright Tests	2026-09-02T18:36:12.0778646Z 
Core Validation & E2E	Run Playwright Tests	2026-09-02T18:36:27.8665157Z [177/626] (retries) [chromium-teacher] › e2e/proxy-security.spec.ts:45:9 › Proxy / Middleware Runtime Security › Password Reset Flow › User requiring password reset is redirected to /auth/update-password (retry #2)
Core Validation & E2E	Run Playwright Tests	2026-09-02T18:36:28.6063878Z BROWSER CONSOLE: Submitting form...
Core Validation & E2E	Run Playwright Tests	2026-09-02T18:36:28.6064384Z 
Core Validation & E2E	Run Playwright Tests	2026-09-02T18:36:28.7531708Z BROWSER CONSOLE: Failed to load resource: the server responded with a status of 400 (Bad Request)
Core Validation & E2E	Run Playwright Tests	2026-09-02T18:36:28.7532426Z 
Core Validation & E2E	Run Playwright Tests	2026-09-02T18:36:28.7604142Z UI ERROR: Invalid login credentials
Core Validation & E2E	Run Playwright Tests	2026-09-02T18:36:28.7604585Z 
Core Validation & E2E	Run Playwright Tests	2026-09-02T18:36:51.7741207Z   1) [chromium-teacher] › e2e/proxy-security.spec.ts:45:9 › Proxy / Middleware Runtime Security › Password Reset Flow › User requiring password reset is redirected to /auth/update-password 
Core Validation & E2E	Run Playwright Tests	2026-09-02T18:36:51.7743302Z 
Core Validation & E2E	Run Playwright Tests	2026-09-02T18:36:51.7743722Z     Error: expect(page).toHaveURL(expected) failed
Core Validation & E2E	Run Playwright Tests	2026-09-02T18:36:51.7750401Z 
Core Validation & E2E	Run Playwright Tests	2026-09-02T18:36:51.7750644Z     Expected pattern: /.*\/auth\/update-password/
Core Validation & E2E	Run Playwright Tests	2026-09-02T18:36:51.7751123Z     Received string:  "http://localhost:3000/login"
Core Validation & E2E	Run Playwright Tests	2026-09-02T18:36:51.7751449Z     Timeout: 15000ms
Core Validation & E2E	Run Playwright Tests	2026-09-02T18:36:51.7751600Z 
Core Validation & E2E	Run Playwright Tests	2026-09-02T18:36:51.7751689Z     Call log:
Core Validation & E2E	Run Playwright Tests	2026-09-02T18:36:51.7751969Z       - Expect "toHaveURL" with timeout 15000ms
Core Validation & E2E	Run Playwright Tests	2026-09-02T18:36:51.7752856Z         33 × locator resolved to <html lang="en" class="h-full antialiased">…</html>
Core Validation & E2E	Run Playwright Tests	2026-09-02T18:36:51.7753868Z            - unexpected value "http://localhost:3000/login"
Core Validation & E2E	Run Playwright Tests	2026-09-02T18:36:51.7754262Z 
Core Validation & E2E	Run Playwright Tests	2026-09-02T18:36:51.7754270Z 
Core Validation & E2E	Run Playwright Tests	2026-09-02T18:36:51.7754387Z       61 |
Core Validation & E2E	Run Playwright Tests	2026-09-02T18:36:51.7754742Z       62 |       // Should be forced to update-password
Core Validation & E2E	Run Playwright Tests	2026-09-02T18:36:51.7755290Z     > 63 |       await expect(page).toHaveURL(/.*\/auth\/update-password/, { timeout: 15000 });
Core Validation & E2E	Run Playwright Tests	2026-09-02T18:36:51.7756115Z          |                          ^
Core Validation & E2E	Run Playwright Tests	2026-09-02T18:36:51.7756721Z       64 |       await expect(page.getByRole('heading', { name: 'Update Password' })).toBeVisible();
Core Validation & E2E	Run Playwright Tests	2026-09-02T18:36:51.7758053Z       65 |
Core Validation & E2E	Run Playwright Tests	2026-09-02T18:36:51.7758796Z       66 |       // Trying to navigate to a protected page directly should still redirect
Core Validation & E2E	Run Playwright Tests	2026-09-02T18:36:51.7759815Z         at /mnt/c/Users/krish/actions-runner/_work/ERP-1/ERP-1/apps/web/e2e/proxy-security.spec.ts:63:26
Core Validation & E2E	Run Playwright Tests	2026-09-02T18:36:51.7760257Z 
Core Validation & E2E	Run Playwright Tests	2026-09-02T18:36:51.7760811Z     Error Context: test-results/proxy-security-Proxy-Middl-e4437-ted-to-auth-update-password-chromium-teacher/error-context.md
Core Validation & E2E	Run Playwright Tests	2026-09-02T18:36:51.7761392Z 
Core Validation & E2E	Run Playwright Tests	2026-09-02T18:36:51.7761911Z     Retry #1 ───────────────────────────────────────────────────────────────────────────────────────
Core Validation & E2E	Run Playwright Tests	2026-09-02T18:36:51.7768149Z 
Core Validation & E2E	Run Playwright Tests	2026-09-02T18:36:51.7768423Z     Error: expect(page).toHaveURL(expected) failed
Core Validation & E2E	Run Playwright Tests	2026-09-02T18:36:51.7768682Z 
Core Validation & E2E	Run Playwright Tests	2026-09-02T18:36:51.7768857Z     Expected pattern: /.*\/auth\/update-password/
Core Validation & E2E	Run Playwright Tests	2026-09-02T18:36:51.7769270Z     Received string:  "http://localhost:3000/login"
Core Validation & E2E	Run Playwright Tests	2026-09-02T18:36:51.7769672Z     Timeout: 15000ms
Core Validation & E2E	Run Playwright Tests	2026-09-02T18:36:51.7769813Z 
Core Validation & E2E	Run Playwright Tests	2026-09-02T18:36:51.7770286Z     Call log:
Core Validation & E2E	Run Playwright Tests	2026-09-02T18:36:51.7770648Z       - Expect "toHaveURL" with timeout 15000ms
Core Validation & E2E	Run Playwright Tests	2026-09-02T18:36:51.7771322Z         33 × locator resolved to <html lang="en" class="h-full antialiased">…</html>
Core Validation & E2E	Run Playwright Tests	2026-09-02T18:36:51.7771865Z            - unexpected value "http://localhost:3000/login"
Core Validation & E2E	Run Playwright Tests	2026-09-02T18:36:51.7772128Z 
Core Validation & E2E	Run Playwright Tests	2026-09-02T18:36:51.7772136Z 
Core Validation & E2E	Run Playwright Tests	2026-09-02T18:36:51.7772223Z       61 |
Core Validation & E2E	Run Playwright Tests	2026-09-02T18:36:51.7772516Z       62 |       // Should be forced to update-password
Core Validation & E2E	Run Playwright Tests	2026-09-02T18:36:51.7773051Z     > 63 |       await expect(page).toHaveURL(/.*\/auth\/update-password/, { timeout: 15000 });
Core Validation & E2E	Run Playwright Tests	2026-09-02T18:36:51.7773863Z          |                          ^
Core Validation & E2E	Run Playwright Tests	2026-09-02T18:36:51.7774416Z       64 |       await expect(page.getByRole('heading', { name: 'Update Password' })).toBeVisible();
Core Validation & E2E	Run Playwright Tests	2026-09-02T18:36:51.7775186Z       65 |
Core Validation & E2E	Run Playwright Tests	2026-09-02T18:36:51.7775631Z       66 |       // Trying to navigate to a protected page directly should still redirect
Core Validation & E2E	Run Playwright Tests	2026-09-02T18:36:51.7776955Z         at /mnt/c/Users/krish/actions-runner/_work/ERP-1/ERP-1/apps/web/e2e/proxy-security.spec.ts:63:26
Core Validation & E2E	Run Playwright Tests	2026-09-02T18:36:51.7777521Z 
Core Validation & E2E	Run Playwright Tests	2026-09-02T18:36:51.7778805Z     Error Context: test-results/proxy-security-Proxy-Middl-e4437-ted-to-auth-update-password-chromium-teacher-retry1/error-context.md
Core Validation & E2E	Run Playwright Tests	2026-09-02T18:36:51.7780222Z 
Core Validation & E2E	Run Playwright Tests	2026-09-02T18:36:51.7781853Z     attachment #2: trace (application/zip) ─────────────────────────────────────────────────────────
Core Validation & E2E	Run Playwright Tests	2026-09-02T18:36:51.7783396Z     test-results/proxy-security-Proxy-Middl-e4437-ted-to-auth-update-password-chromium-teacher-retry1/trace.zip
Core Validation & E2E	Run Playwright Tests	2026-09-02T18:36:51.7784945Z     Usage:
Core Validation & E2E	Run Playwright Tests	2026-09-02T18:36:51.7785198Z 
Core Validation & E2E	Run Playwright Tests	2026-09-02T18:36:51.7786463Z         npx playwright show-trace test-results/proxy-security-Proxy-Middl-e4437-ted-to-auth-update-password-chromium-teacher-retry1/trace.zip
Core Validation & E2E	Run Playwright Tests	2026-09-02T18:36:51.7787421Z 
Core Validation & E2E	Run Playwright Tests	2026-09-02T18:36:51.7787918Z     ────────────────────────────────────────────────────────────────────────────────────────────────
Core Validation & E2E	Run Playwright Tests	2026-09-02T18:36:51.7795096Z 
Core Validation & E2E	Run Playwright Tests	2026-09-02T18:36:51.7795960Z     Retry #2 ───────────────────────────────────────────────────────────────────────────────────────
Core Validation & E2E	Run Playwright Tests	2026-09-02T18:36:51.7796336Z 
Core Validation & E2E	Run Playwright Tests	2026-09-02T18:36:51.7796535Z     Error: expect(page).toHaveURL(expected) failed
Core Validation & E2E	Run Playwright Tests	2026-09-02T18:36:51.7796788Z 
Core Validation & E2E	Run Playwright Tests	2026-09-02T18:36:51.7796969Z     Expected pattern: /.*\/auth\/update-password/
Core Validation & E2E	Run Playwright Tests	2026-09-02T18:36:51.7797658Z     Received string:  "http://localhost:3000/login"
Core Validation & E2E	Run Playwright Tests	2026-09-02T18:36:51.7798088Z     Timeout: 15000ms
Core Validation & E2E	Run Playwright Tests	2026-09-02T18:36:51.7798247Z 
Core Validation & E2E	Run Playwright Tests	2026-09-02T18:36:51.7798339Z     Call log:
Core Validation & E2E	Run Playwright Tests	2026-09-02T18:36:51.7798950Z       - Expect "toHaveURL" with timeout 15000ms
Core Validation & E2E	Run Playwright Tests	2026-09-02T18:36:51.7799636Z         33 × locator resolved to <html lang="en" class="h-full antialiased">…</html>
Core Validation & E2E	Run Playwright Tests	2026-09-02T18:36:51.7800184Z            - unexpected value "http://localhost:3000/login"
Core Validation & E2E	Run Playwright Tests	2026-09-02T18:36:51.7800443Z 
Core Validation & E2E	Run Playwright Tests	2026-09-02T18:36:51.7800450Z 
Core Validation & E2E	Run Playwright Tests	2026-09-02T18:36:51.7800567Z       61 |
Core Validation & E2E	Run Playwright Tests	2026-09-02T18:36:51.7800857Z       62 |       // Should be forced to update-password
Core Validation & E2E	Run Playwright Tests	2026-09-02T18:36:51.7801402Z     > 63 |       await expect(page).toHaveURL(/.*\/auth\/update-password/, { timeout: 15000 });
Core Validation & E2E	Run Playwright Tests	2026-09-02T18:36:51.7802148Z          |                          ^
Core Validation & E2E	Run Playwright Tests	2026-09-02T18:36:51.7802980Z       64 |       await expect(page.getByRole('heading', { name: 'Update Password' })).toBeVisible();
Core Validation & E2E	Run Playwright Tests	2026-09-02T18:36:51.7803759Z       65 |
Core Validation & E2E	Run Playwright Tests	2026-09-02T18:36:51.7805030Z       66 |       // Trying to navigate to a protected page directly should still redirect
Core Validation & E2E	Run Playwright Tests	2026-09-02T18:36:51.7806205Z         at /mnt/c/Users/krish/actions-runner/_work/ERP-1/ERP-1/apps/web/e2e/proxy-security.spec.ts:63:26
Core Validation & E2E	Run Playwright Tests	2026-09-02T18:36:51.7812581Z 
Core Validation & E2E	Run Playwright Tests	2026-09-02T18:36:51.7813998Z     Error Context: test-results/proxy-security-Proxy-Middl-e4437-ted-to-auth-update-password-chromium-teacher-retry2/error-context.md
Core Validation & E2E	Run Playwright Tests	2026-09-02T18:36:51.7814690Z 
Core Validation & E2E	Run Playwright Tests	2026-09-02T18:36:51.7814700Z 
Core Validation & E2E	Run Playwright Tests	2026-09-02T18:36:44.8110015Z [178/626] [chromium-teacher] › e2e/scheduling.spec.ts:13:7 › Scheduling Management › Branch Admin can manage rooms, bell schedules, and periods
Core Validation & E2E	Run Playwright Tests	2026-09-02T18:36:44.9702122Z [179/626] [chromium-teacher] › e2e/scheduling.spec.ts:99:7 › Scheduling Security - Teacher Role › Teacher cannot perform administrative mutations
Core Validation & E2E	Run Playwright Tests	2026-09-02T18:37:01.7934089Z [180/626] (retries) [chromium-teacher] › e2e/scheduling.spec.ts:99:7 › Scheduling Security - Teacher Role › Teacher cannot perform administrative mutations (retry #1)
Core Validation & E2E	Run Playwright Tests	2026-09-02T18:37:01.2478947Z [181/626] (retries) [chromium-teacher] › e2e/scheduling.spec.ts:99:7 › Scheduling Security - Teacher Role › Teacher cannot perform administrative mutations (retry #2)
Core Validation & E2E	Run Playwright Tests	2026-09-02T18:37:06.6766606Z   2) [chromium-teacher] › e2e/scheduling.spec.ts:99:7 › Scheduling Security - Teacher Role › Teacher cannot perform administrative mutations 
Core Validation & E2E	Run Playwright Tests	2026-09-02T18:37:06.6767768Z 
Core Validation & E2E	Run Playwright Tests	2026-09-02T18:37:06.6768094Z     Error: expect(locator).toBeVisible() failed
Core Validation & E2E	Run Playwright Tests	2026-09-02T18:37:06.6768849Z 
Core Validation & E2E	Run Playwright Tests	2026-09-02T18:37:06.6769202Z     Locator: getByRole('heading', { name: 'Scheduling' })
Core Validation & E2E	Run Playwright Tests	2026-09-02T18:37:06.6770053Z     Expected: visible
Core Validation & E2E	Run Playwright Tests	2026-09-02T18:37:06.6770408Z     Timeout: 5000ms
Core Validation & E2E	Run Playwright Tests	2026-09-02T18:37:06.6770744Z     Error: element(s) not found
Core Validation & E2E	Run Playwright Tests	2026-09-02T18:37:06.6771031Z 
Core Validation & E2E	Run Playwright Tests	2026-09-02T18:37:06.6771271Z     Call log:
Core Validation & E2E	Run Playwright Tests	2026-09-02T18:37:06.6771953Z       - Expect "toBeVisible" with timeout 5000ms
Core Validation & E2E	Run Playwright Tests	2026-09-02T18:37:06.6773030Z       - waiting for getByRole('heading', { name: 'Scheduling' })
Core Validation & E2E	Run Playwright Tests	2026-09-02T18:37:06.6773523Z 
Core Validation & E2E	Run Playwright Tests	2026-09-02T18:37:06.6773534Z 
Core Validation & E2E	Run Playwright Tests	2026-09-02T18:37:06.6773942Z        99 |   test('Teacher cannot perform administrative mutations', async ({ page }) => {
Core Validation & E2E	Run Playwright Tests	2026-09-02T18:37:06.6774597Z       100 |     await page.goto('/scheduling');
Core Validation & E2E	Run Playwright Tests	2026-09-02T18:37:06.6776722Z     > 101 |     await expect(page.getByRole('heading', { name: 'Scheduling' })).toBeVisible();
Core Validation & E2E	Run Playwright Tests	2026-09-02T18:37:06.6777711Z           |                                                                     ^
Core Validation & E2E	Run Playwright Tests	2026-09-02T18:37:06.6778128Z       102 |     
Core Validation & E2E	Run Playwright Tests	2026-09-02T18:37:06.6784242Z       103 |     // Create buttons should not be visible
Core Validation & E2E	Run Playwright Tests	2026-09-02T18:37:06.6785166Z       104 |     await expect(page.getByRole('button', { name: 'Create Room' })).not.toBeVisible();
Core Validation & E2E	Run Playwright Tests	2026-09-02T18:37:06.6786605Z         at /mnt/c/Users/krish/actions-runner/_work/ERP-1/ERP-1/apps/web/e2e/scheduling.spec.ts:101:69
Core Validation & E2E	Run Playwright Tests	2026-09-02T18:37:06.6787493Z 
Core Validation & E2E	Run Playwright Tests	2026-09-02T18:37:06.6788894Z     Error Context: test-results/scheduling-Scheduling-Secu-05035-rm-administrative-mutations-chromium-teacher/error-context.md
Core Validation & E2E	Run Playwright Tests	2026-09-02T18:37:06.6789860Z 
Core Validation & E2E	Run Playwright Tests	2026-09-02T18:37:06.6790500Z     Retry #1 ───────────────────────────────────────────────────────────────────────────────────────
Core Validation & E2E	Run Playwright Tests	2026-09-02T18:37:06.6790848Z 
Core Validation & E2E	Run Playwright Tests	2026-09-02T18:37:06.6791029Z     Error: expect(locator).toBeVisible() failed
Core Validation & E2E	Run Playwright Tests	2026-09-02T18:37:06.6795983Z 
Core Validation & E2E	Run Playwright Tests	2026-09-02T18:37:06.6796216Z     Locator: getByRole('heading', { name: 'Scheduling' })
Core Validation & E2E	Run Playwright Tests	2026-09-02T18:37:06.6796567Z     Expected: visible
Core Validation & E2E	Run Playwright Tests	2026-09-02T18:37:06.6796807Z     Timeout: 5000ms
Core Validation & E2E	Run Playwright Tests	2026-09-02T18:37:06.6797078Z     Error: element(s) not found
Core Validation & E2E	Run Playwright Tests	2026-09-02T18:37:06.6797607Z 
Core Validation & E2E	Run Playwright Tests	2026-09-02T18:37:06.6797729Z     Call log:
Core Validation & E2E	Run Playwright Tests	2026-09-02T18:37:06.6798364Z       - Expect "toBeVisible" with timeout 5000ms
Core Validation & E2E	Run Playwright Tests	2026-09-02T18:37:06.6799037Z       - waiting for getByRole('heading', { name: 'Scheduling' })
Core Validation & E2E	Run Playwright Tests	2026-09-02T18:37:06.6799319Z 
Core Validation & E2E	Run Playwright Tests	2026-09-02T18:37:06.6799327Z 
Core Validation & E2E	Run Playwright Tests	2026-09-02T18:37:06.6799635Z        99 |   test('Teacher cannot perform administrative mutations', async ({ page }) => {
Core Validation & E2E	Run Playwright Tests	2026-09-02T18:37:06.6800497Z       100 |     await page.goto('/scheduling');
Core Validation & E2E	Run Playwright Tests	2026-09-02T18:37:06.6801058Z     > 101 |     await expect(page.getByRole('heading', { name: 'Scheduling' })).toBeVisible();
Core Validation & E2E	Run Playwright Tests	2026-09-02T18:37:06.6801866Z           |                                                                     ^
Core Validation & E2E	Run Playwright Tests	2026-09-02T18:37:06.6802267Z       102 |     
Core Validation & E2E	Run Playwright Tests	2026-09-02T18:37:06.6802574Z       103 |     // Create buttons should not be visible
Core Validation & E2E	Run Playwright Tests	2026-09-02T18:37:06.6803381Z       104 |     await expect(page.getByRole('button', { name: 'Create Room' })).not.toBeVisible();
Core Validation & E2E	Run Playwright Tests	2026-09-02T18:37:06.6804151Z         at /mnt/c/Users/krish/actions-runner/_work/ERP-1/ERP-1/apps/web/e2e/scheduling.spec.ts:101:69
Core Validation & E2E	Run Playwright Tests	2026-09-02T18:37:06.6804551Z 
Core Validation & E2E	Run Playwright Tests	2026-09-02T18:37:06.6805407Z     Error Context: test-results/scheduling-Scheduling-Secu-05035-rm-administrative-mutations-chromium-teacher-retry1/error-context.md
Core Validation & E2E	Run Playwright Tests	2026-09-02T18:37:06.6806097Z 
Core Validation & E2E	Run Playwright Tests	2026-09-02T18:37:06.6806650Z     attachment #2: trace (application/zip) ─────────────────────────────────────────────────────────
Core Validation & E2E	Run Playwright Tests	2026-09-02T18:37:06.6807520Z     test-results/scheduling-Scheduling-Secu-05035-rm-administrative-mutations-chromium-teacher-retry1/trace.zip
Core Validation & E2E	Run Playwright Tests	2026-09-02T18:37:06.6808129Z     Usage:
Core Validation & E2E	Run Playwright Tests	2026-09-02T18:37:06.6808244Z 
Core Validation & E2E	Run Playwright Tests	2026-09-02T18:37:06.6809160Z         npx playwright show-trace test-results/scheduling-Scheduling-Secu-05035-rm-administrative-mutations-chromium-teacher-retry1/trace.zip
Core Validation & E2E	Run Playwright Tests	2026-09-02T18:37:06.6809837Z 
Core Validation & E2E	Run Playwright Tests	2026-09-02T18:37:06.6810263Z     ────────────────────────────────────────────────────────────────────────────────────────────────
Core Validation & E2E	Run Playwright Tests	2026-09-02T18:37:06.6818483Z 
Core Validation & E2E	Run Playwright Tests	2026-09-02T18:37:06.6819979Z     Retry #2 ───────────────────────────────────────────────────────────────────────────────────────
Core Validation & E2E	Run Playwright Tests	2026-09-02T18:37:06.6820551Z 
Core Validation & E2E	Run Playwright Tests	2026-09-02T18:37:06.6820828Z     Error: expect(locator).toBeVisible() failed
Core Validation & E2E	Run Playwright Tests	2026-09-02T18:37:06.6821742Z 
Core Validation & E2E	Run Playwright Tests	2026-09-02T18:37:06.6822096Z     Locator: getByRole('heading', { name: 'Scheduling' })
Core Validation & E2E	Run Playwright Tests	2026-09-02T18:37:06.6822643Z     Expected: visible
Core Validation & E2E	Run Playwright Tests	2026-09-02T18:37:06.6823372Z     Timeout: 5000ms
Core Validation & E2E	Run Playwright Tests	2026-09-02T18:37:06.6823792Z     Error: element(s) not found
Core Validation & E2E	Run Playwright Tests	2026-09-02T18:37:06.6824043Z 
Core Validation & E2E	Run Playwright Tests	2026-09-02T18:37:06.6824173Z     Call log:
Core Validation & E2E	Run Playwright Tests	2026-09-02T18:37:06.6824954Z       - Expect "toBeVisible" with timeout 5000ms
Core Validation & E2E	Run Playwright Tests	2026-09-02T18:37:06.6825636Z       - waiting for getByRole('heading', { name: 'Scheduling' })
Core Validation & E2E	Run Playwright Tests	2026-09-02T18:37:06.6826094Z 
Core Validation & E2E	Run Playwright Tests	2026-09-02T18:37:06.6826104Z 
Core Validation & E2E	Run Playwright Tests	2026-09-02T18:37:06.6826896Z        99 |   test('Teacher cannot perform administrative mutations', async ({ page }) => {
Core Validation & E2E	Run Playwright Tests	2026-09-02T18:37:06.6827763Z       100 |     await page.goto('/scheduling');
Core Validation & E2E	Run Playwright Tests	2026-09-02T18:37:06.6828868Z     > 101 |     await expect(page.getByRole('heading', { name: 'Scheduling' })).toBeVisible();
Core Validation & E2E	Run Playwright Tests	2026-09-02T18:37:06.6830023Z           |                                                                     ^
Core Validation & E2E	Run Playwright Tests	2026-09-02T18:37:06.6830581Z       102 |     
Core Validation & E2E	Run Playwright Tests	2026-09-02T18:37:06.6831028Z       103 |     // Create buttons should not be visible
Core Validation & E2E	Run Playwright Tests	2026-09-02T18:37:06.6831902Z       104 |     await expect(page.getByRole('button', { name: 'Create Room' })).not.toBeVisible();
Core Validation & E2E	Run Playwright Tests	2026-09-02T18:37:06.6832711Z         at /mnt/c/Users/krish/actions-runner/_work/ERP-1/ERP-1/apps/web/e2e/scheduling.spec.ts:101:69
Core Validation & E2E	Run Playwright Tests	2026-09-02T18:37:06.6833111Z 
Core Validation & E2E	Run Playwright Tests	2026-09-02T18:37:06.6833693Z     Error Context: test-results/scheduling-Scheduling-Secu-05035-rm-administrative-mutations-chromium-teacher-retry2/error-context.md
Core Validation & E2E	Run Playwright Tests	2026-09-02T18:37:06.6840872Z 
Core Validation & E2E	Run Playwright Tests	2026-09-02T18:37:06.6840893Z 
Core Validation & E2E	Run Playwright Tests	2026-09-02T18:37:08.8076269Z [182/626] [chromium-teacher] › e2e/scheduling.spec.ts:119:7 › Scheduling Security - Cross Branch › Cross-branch manipulation is rejected
Core Validation & E2E	Run Playwright Tests	2026-09-02T18:37:10.8594558Z [183/626] [chromium-teacher] › e2e/storage.spec.ts:34:7 › Storage Runtime Authorization (Communication) › Teacher can upload attachment to their own draft and unauthorized users cannot read
Core Validation & E2E	Run Playwright Tests	2026-09-02T18:37:12.0349645Z [184/626] [chromium-teacher] › e2e/students-security.spec.ts:17:7 › Students Page Authorization › Branch Admin can access /students for their own branch
Core Validation & E2E	Run Playwright Tests	2026-09-02T18:37:12.2874544Z [185/626] [chromium-teacher] › e2e/students-security.spec.ts:35:7 › Students Page Authorization › Teacher can access /students in read-only mode
Core Validation & E2E	Run Playwright Tests	2026-09-02T18:37:19.2528620Z [186/626] (retries) [chromium-teacher] › e2e/students-security.spec.ts:35:7 › Students Page Authorization › Teacher can access /students in read-only mode (retry #1)
Core Validation & E2E	Run Playwright Tests	2026-09-02T18:37:27.6358021Z [187/626] (retries) [chromium-teacher] › e2e/students-security.spec.ts:35:7 › Students Page Authorization › Teacher can access /students in read-only mode (retry #2)
Core Validation & E2E	Run Playwright Tests	2026-09-02T18:37:41.9533220Z   3) [chromium-teacher] › e2e/students-security.spec.ts:35:7 › Students Page Authorization › Teacher can access /students in read-only mode 
Core Validation & E2E	Run Playwright Tests	2026-09-02T18:37:41.9533857Z 
Core Validation & E2E	Run Playwright Tests	2026-09-02T18:37:41.9534059Z     Error: expect(locator).toBeVisible() failed
Core Validation & E2E	Run Playwright Tests	2026-09-02T18:37:41.9534280Z 
Core Validation & E2E	Run Playwright Tests	2026-09-02T18:37:41.9534914Z     Locator: locator('h1:has-text("Students")')
Core Validation & E2E	Run Playwright Tests	2026-09-02T18:37:41.9535370Z     Expected: visible
Core Validation & E2E	Run Playwright Tests	2026-09-02T18:37:41.9536179Z     Timeout: 5000ms
Core Validation & E2E	Run Playwright Tests	2026-09-02T18:37:41.9536730Z     Error: element(s) not found
Core Validation & E2E	Run Playwright Tests	2026-09-02T18:37:41.9537027Z 
Core Validation & E2E	Run Playwright Tests	2026-09-02T18:37:41.9537171Z     Call log:
Core Validation & E2E	Run Playwright Tests	2026-09-02T18:37:41.9537622Z       - Expect "toBeVisible" with timeout 5000ms
Core Validation & E2E	Run Playwright Tests	2026-09-02T18:37:41.9538540Z       - waiting for locator('h1:has-text("Students")')
Core Validation & E2E	Run Playwright Tests	2026-09-02T18:37:41.9538831Z 
Core Validation & E2E	Run Playwright Tests	2026-09-02T18:37:41.9538839Z 
Core Validation & E2E	Run Playwright Tests	2026-09-02T18:37:41.9538935Z       41 |
Core Validation & E2E	Run Playwright Tests	2026-09-02T18:37:41.9539198Z       42 |     // Page should render successfully
Core Validation & E2E	Run Playwright Tests	2026-09-02T18:37:41.9539662Z     > 43 |     await expect(page.locator('h1:has-text("Students")')).toBeVisible();
Core Validation & E2E	Run Playwright Tests	2026-09-02T18:37:41.9545418Z          |                                                           ^
Core Validation & E2E	Run Playwright Tests	2026-09-02T18:37:41.9546184Z       44 |
Core Validation & E2E	Run Playwright Tests	2026-09-02T18:37:41.9546574Z       45 |     // Teacher should NOT see the "Add Student" link (read-only)
Core Validation & E2E	Run Playwright Tests	2026-09-02T18:37:41.9547164Z       46 |     await expect(page.locator('a:has-text("Add Student")')).not.toBeVisible();
Core Validation & E2E	Run Playwright Tests	2026-09-02T18:37:41.9548141Z         at /mnt/c/Users/krish/actions-runner/_work/ERP-1/ERP-1/apps/web/e2e/students-security.spec.ts:43:59
Core Validation & E2E	Run Playwright Tests	2026-09-02T18:37:41.9548795Z 
Core Validation & E2E	Run Playwright Tests	2026-09-02T18:37:41.9549704Z     Error Context: test-results/students-security-Students-c93cf--students-in-read-only-mode-chromium-teacher/error-context.md
Core Validation & E2E	Run Playwright Tests	2026-09-02T18:37:41.9550831Z 
Core Validation & E2E	Run Playwright Tests	2026-09-02T18:37:41.9551851Z     Retry #1 ───────────────────────────────────────────────────────────────────────────────────────
Core Validation & E2E	Run Playwright Tests	2026-09-02T18:37:41.9552497Z 
Core Validation & E2E	Run Playwright Tests	2026-09-02T18:37:41.9553203Z     Error: expect(locator).toBeVisible() failed
Core Validation & E2E	Run Playwright Tests	2026-09-02T18:37:41.9553758Z 
Core Validation & E2E	Run Playwright Tests	2026-09-02T18:37:41.9554079Z     Locator: locator('h1:has-text("Students")')
Core Validation & E2E	Run Playwright Tests	2026-09-02T18:37:41.9554590Z     Expected: visible
Core Validation & E2E	Run Playwright Tests	2026-09-02T18:37:41.9555009Z     Timeout: 5000ms
Core Validation & E2E	Run Playwright Tests	2026-09-02T18:37:41.9555411Z     Error: element(s) not found
Core Validation & E2E	Run Playwright Tests	2026-09-02T18:37:41.9555691Z 
Core Validation & E2E	Run Playwright Tests	2026-09-02T18:37:41.9555823Z     Call log:
Core Validation & E2E	Run Playwright Tests	2026-09-02T18:37:41.9556726Z       - Expect "toBeVisible" with timeout 5000ms
Core Validation & E2E	Run Playwright Tests	2026-09-02T18:37:41.9557548Z       - waiting for locator('h1:has-text("Students")')
Core Validation & E2E	Run Playwright Tests	2026-09-02T18:37:41.9557967Z 
Core Validation & E2E	Run Playwright Tests	2026-09-02T18:37:41.9557979Z 
Core Validation & E2E	Run Playwright Tests	2026-09-02T18:37:41.9558126Z       41 |
Core Validation & E2E	Run Playwright Tests	2026-09-02T18:37:41.9558633Z       42 |     // Page should render successfully
Core Validation & E2E	Run Playwright Tests	2026-09-02T18:37:41.9577159Z     > 43 |     await expect(page.locator('h1:has-text("Students")')).toBeVisible();
Core Validation & E2E	Run Playwright Tests	2026-09-02T18:37:41.9584404Z          |                                                           ^
Core Validation & E2E	Run Playwright Tests	2026-09-02T18:37:41.9585151Z       44 |
Core Validation & E2E	Run Playwright Tests	2026-09-02T18:37:41.9585528Z       45 |     // Teacher should NOT see the "Add Student" link (read-only)
Core Validation & E2E	Run Playwright Tests	2026-09-02T18:37:41.9586124Z       46 |     await expect(page.locator('a:has-text("Add Student")')).not.toBeVisible();
Core Validation & E2E	Run Playwright Tests	2026-09-02T18:37:41.9586824Z         at /mnt/c/Users/krish/actions-runner/_work/ERP-1/ERP-1/apps/web/e2e/students-security.spec.ts:43:59
Core Validation & E2E	Run Playwright Tests	2026-09-02T18:37:41.9587233Z 
Core Validation & E2E	Run Playwright Tests	2026-09-02T18:37:41.9587795Z     Error Context: test-results/students-security-Students-c93cf--students-in-read-only-mode-chromium-teacher-retry1/error-context.md
Core Validation & E2E	Run Playwright Tests	2026-09-02T18:37:41.9588378Z 
Core Validation & E2E	Run Playwright Tests	2026-09-02T18:37:41.9589057Z     attachment #2: trace (application/zip) ─────────────────────────────────────────────────────────
Core Validation & E2E	Run Playwright Tests	2026-09-02T18:37:41.9589874Z     test-results/students-security-Students-c93cf--students-in-read-only-mode-chromium-teacher-retry1/trace.zip
Core Validation & E2E	Run Playwright Tests	2026-09-02T18:37:41.9590469Z     Usage:
Core Validation & E2E	Run Playwright Tests	2026-09-02T18:37:41.9590682Z 
Core Validation & E2E	Run Playwright Tests	2026-09-02T18:37:41.9591991Z         npx playwright show-trace test-results/students-security-Students-c93cf--students-in-read-only-mode-chromium-teacher-retry1/trace.zip
Core Validation & E2E	Run Playwright Tests	2026-09-02T18:37:41.9592779Z 
Core Validation & E2E	Run Playwright Tests	2026-09-02T18:37:41.9593481Z     ────────────────────────────────────────────────────────────────────────────────────────────────
Core Validation & E2E	Run Playwright Tests	2026-09-02T18:37:41.9593920Z 
Core Validation & E2E	Run Playwright Tests	2026-09-02T18:37:41.9594353Z     Retry #2 ───────────────────────────────────────────────────────────────────────────────────────
Core Validation & E2E	Run Playwright Tests	2026-09-02T18:37:41.9594667Z 
Core Validation & E2E	Run Playwright Tests	2026-09-02T18:37:41.9594824Z     Error: expect(locator).toBeVisible() failed
Core Validation & E2E	Run Playwright Tests	2026-09-02T18:37:41.9595046Z 
Core Validation & E2E	Run Playwright Tests	2026-09-02T18:37:41.9595489Z     Locator: locator('h1:has-text("Students")')
Core Validation & E2E	Run Playwright Tests	2026-09-02T18:37:41.9596129Z     Expected: visible
Core Validation & E2E	Run Playwright Tests	2026-09-02T18:37:41.9598350Z     Timeout: 5000ms
Core Validation & E2E	Run Playwright Tests	2026-09-02T18:37:41.9598784Z     Error: element(s) not found
Core Validation & E2E	Run Playwright Tests	2026-09-02T18:37:41.9599064Z 
Core Validation & E2E	Run Playwright Tests	2026-09-02T18:37:41.9599203Z     Call log:
Core Validation & E2E	Run Playwright Tests	2026-09-02T18:37:41.9599678Z       - Expect "toBeVisible" with timeout 5000ms
Core Validation & E2E	Run Playwright Tests	2026-09-02T18:37:41.9600100Z       - waiting for locator('h1:has-text("Students")')
Core Validation & E2E	Run Playwright Tests	2026-09-02T18:37:41.9600330Z 
Core Validation & E2E	Run Playwright Tests	2026-09-02T18:37:41.9600337Z 
Core Validation & E2E	Run Playwright Tests	2026-09-02T18:37:41.9600434Z       41 |
Core Validation & E2E	Run Playwright Tests	2026-09-02T18:37:41.9600699Z       42 |     // Page should render successfully
Core Validation & E2E	Run Playwright Tests	2026-09-02T18:37:41.9606544Z     > 43 |     await expect(page.locator('h1:has-text("Students")')).toBeVisible();
Core Validation & E2E	Run Playwright Tests	2026-09-02T18:37:41.9607052Z          |                                                           ^
Core Validation & E2E	Run Playwright Tests	2026-09-02T18:37:41.9607365Z       44 |
Core Validation & E2E	Run Playwright Tests	2026-09-02T18:37:41.9607710Z       45 |     // Teacher should NOT see the "Add Student" link (read-only)
Core Validation & E2E	Run Playwright Tests	2026-09-02T18:37:41.9608271Z       46 |     await expect(page.locator('a:has-text("Add Student")')).not.toBeVisible();
Core Validation & E2E	Run Playwright Tests	2026-09-02T18:37:41.9608970Z         at /mnt/c/Users/krish/actions-runner/_work/ERP-1/ERP-1/apps/web/e2e/students-security.spec.ts:43:59
Core Validation & E2E	Run Playwright Tests	2026-09-02T18:37:41.9609407Z 
Core Validation & E2E	Run Playwright Tests	2026-09-02T18:37:41.9610105Z     Error Context: test-results/students-security-Students-c93cf--students-in-read-only-mode-chromium-teacher-retry2/error-context.md
Core Validation & E2E	Run Playwright Tests	2026-09-02T18:37:41.9616046Z 
Core Validation & E2E	Run Playwright Tests	2026-09-02T18:37:41.9616065Z 
Core Validation & E2E	Run Playwright Tests	2026-09-02T18:37:35.1188156Z [188/626] [chromium-teacher] › e2e/students-security.spec.ts:52:7 › Students Page Authorization › Students page rejects access with invalid branch context
Core Validation & E2E	Run Playwright Tests	2026-09-02T18:37:35.4833056Z [189/626] [chromium-teacher] › e2e/students-security.spec.ts:67:7 › Students/New Page Authorization › Branch Admin can access /students/new for their branch
Core Validation & E2E	Run Playwright Tests	2026-09-02T18:37:35.5722149Z [190/626] [chromium-teacher] › e2e/students-security.spec.ts:80:7 › Students/New Page Authorization › Teacher cannot access /students/new (read-only role)
Core Validation & E2E	Run Playwright Tests	2026-09-02T18:37:52.3180232Z [191/626] (retries) [chromium-teacher] › e2e/students-security.spec.ts:80:7 › Students/New Page Authorization › Teacher cannot access /students/new (read-only role) (retry #1)
Core Validation & E2E	Run Playwright Tests	2026-09-02T18:38:01.0647436Z [192/626] (retries) [chromium-teacher] › e2e/students-security.spec.ts:80:7 › Students/New Page Authorization › Teacher cannot access /students/new (read-only role) (retry #2)
Core Validation & E2E	Run Playwright Tests	2026-09-02T18:38:06.8464612Z   4) [chromium-teacher] › e2e/students-security.spec.ts:80:7 › Students/New Page Authorization › Teacher cannot access /students/new (read-only role) 
Core Validation & E2E	Run Playwright Tests	2026-09-02T18:38:06.8466625Z 
Core Validation & E2E	Run Playwright Tests	2026-09-02T18:38:06.8466995Z     Error: expect(locator).toBeVisible() failed
Core Validation & E2E	Run Playwright Tests	2026-09-02T18:38:06.8467371Z 
Core Validation & E2E	Run Playwright Tests	2026-09-02T18:38:06.8467674Z     Locator: locator('text=Insufficient Permissions')
Core Validation & E2E	Run Playwright Tests	2026-09-02T18:38:06.8468279Z     Expected: visible
Core Validation & E2E	Run Playwright Tests	2026-09-02T18:38:06.8468704Z     Timeout: 5000ms
Core Validation & E2E	Run Playwright Tests	2026-09-02T18:38:06.8469209Z     Error: element(s) not found
Core Validation & E2E	Run Playwright Tests	2026-09-02T18:38:06.8469582Z 
Core Validation & E2E	Run Playwright Tests	2026-09-02T18:38:06.8469753Z     Call log:
Core Validation & E2E	Run Playwright Tests	2026-09-02T18:38:06.8470276Z       - Expect "toBeVisible" with timeout 5000ms
Core Validation & E2E	Run Playwright Tests	2026-09-02T18:38:06.8471548Z       - waiting for locator('text=Insufficient Permissions')
Core Validation & E2E	Run Playwright Tests	2026-09-02T18:38:06.8472310Z 
Core Validation & E2E	Run Playwright Tests	2026-09-02T18:38:06.8472344Z 
Core Validation & E2E	Run Playwright Tests	2026-09-02T18:38:06.8472518Z       86 |
Core Validation & E2E	Run Playwright Tests	2026-09-02T18:38:06.8473067Z       87 |     // Should show insufficient permissions
Core Validation & E2E	Run Playwright Tests	2026-09-02T18:38:06.8474044Z     > 88 |     await expect(page.locator('text=Insufficient Permissions')).toBeVisible();
Core Validation & E2E	Run Playwright Tests	2026-09-02T18:38:06.8474960Z          |                                                                 ^
Core Validation & E2E	Run Playwright Tests	2026-09-02T18:38:06.8481547Z       89 |   });
Core Validation & E2E	Run Playwright Tests	2026-09-02T18:38:06.8481770Z       90 |
Core Validation & E2E	Run Playwright Tests	2026-09-02T18:38:06.8482244Z       91 |   test('Students/new page does not contain hardcoded branch/org IDs', async ({ page }) => {
Core Validation & E2E	Run Playwright Tests	2026-09-02T18:38:06.8483026Z         at /mnt/c/Users/krish/actions-runner/_work/ERP-1/ERP-1/apps/web/e2e/students-security.spec.ts:88:65
Core Validation & E2E	Run Playwright Tests	2026-09-02T18:38:06.8483450Z 
Core Validation & E2E	Run Playwright Tests	2026-09-02T18:38:06.8483997Z     Error Context: test-results/students-security-Students-0e584-tudents-new-read-only-role--chromium-teacher/error-context.md
Core Validation & E2E	Run Playwright Tests	2026-09-02T18:38:06.8484563Z 
Core Validation & E2E	Run Playwright Tests	2026-09-02T18:38:06.8485173Z     Retry #1 ───────────────────────────────────────────────────────────────────────────────────────
Core Validation & E2E	Run Playwright Tests	2026-09-02T18:38:06.8485497Z 
Core Validation & E2E	Run Playwright Tests	2026-09-02T18:38:06.8485678Z     Error: expect(locator).toBeVisible() failed
Core Validation & E2E	Run Playwright Tests	2026-09-02T18:38:06.8485901Z 
Core Validation & E2E	Run Playwright Tests	2026-09-02T18:38:06.8486088Z     Locator: locator('text=Insufficient Permissions')
Core Validation & E2E	Run Playwright Tests	2026-09-02T18:38:06.8486435Z     Expected: visible
Core Validation & E2E	Run Playwright Tests	2026-09-02T18:38:06.8486659Z     Timeout: 5000ms
Core Validation & E2E	Run Playwright Tests	2026-09-02T18:38:06.8486942Z     Error: element(s) not found
Core Validation & E2E	Run Playwright Tests	2026-09-02T18:38:06.8487223Z 
Core Validation & E2E	Run Playwright Tests	2026-09-02T18:38:06.8487365Z     Call log:
Core Validation & E2E	Run Playwright Tests	2026-09-02T18:38:06.8487818Z       - Expect "toBeVisible" with timeout 5000ms
Core Validation & E2E	Run Playwright Tests	2026-09-02T18:38:06.8488312Z       - waiting for locator('text=Insufficient Permissions')
Core Validation & E2E	Run Playwright Tests	2026-09-02T18:38:06.8488576Z 
Core Validation & E2E	Run Playwright Tests	2026-09-02T18:38:06.8488582Z 
Core Validation & E2E	Run Playwright Tests	2026-09-02T18:38:06.8488670Z       86 |
Core Validation & E2E	Run Playwright Tests	2026-09-02T18:38:06.8488947Z       87 |     // Should show insufficient permissions
Core Validation & E2E	Run Playwright Tests	2026-09-02T18:38:06.8489452Z     > 88 |     await expect(page.locator('text=Insufficient Permissions')).toBeVisible();
Core Validation & E2E	Run Playwright Tests	2026-09-02T18:38:06.8490497Z          |                                                                 ^
Core Validation & E2E	Run Playwright Tests	2026-09-02T18:38:06.8495899Z       89 |   });
Core Validation & E2E	Run Playwright Tests	2026-09-02T18:38:06.8496128Z       90 |
Core Validation & E2E	Run Playwright Tests	2026-09-02T18:38:06.8496584Z       91 |   test('Students/new page does not contain hardcoded branch/org IDs', async ({ page }) => {
Core Validation & E2E	Run Playwright Tests	2026-09-02T18:38:06.8497516Z         at /mnt/c/Users/krish/actions-runner/_work/ERP-1/ERP-1/apps/web/e2e/students-security.spec.ts:88:65
Core Validation & E2E	Run Playwright Tests	2026-09-02T18:38:06.8498002Z 
Core Validation & E2E	Run Playwright Tests	2026-09-02T18:38:06.8498610Z     Error Context: test-results/students-security-Students-0e584-tudents-new-read-only-role--chromium-teacher-retry1/error-context.md
Core Validation & E2E	Run Playwright Tests	2026-09-02T18:38:06.8499226Z 
Core Validation & E2E	Run Playwright Tests	2026-09-02T18:38:06.8499800Z     attachment #2: trace (application/zip) ─────────────────────────────────────────────────────────
Core Validation & E2E	Run Playwright Tests	2026-09-02T18:38:06.8500653Z     test-results/students-security-Students-0e584-tudents-new-read-only-role--chromium-teacher-retry1/trace.zip
Core Validation & E2E	Run Playwright Tests	2026-09-02T18:38:06.8501257Z     Usage:
Core Validation & E2E	Run Playwright Tests	2026-09-02T18:38:06.8501375Z 
Core Validation & E2E	Run Playwright Tests	2026-09-02T18:38:06.8501981Z         npx playwright show-trace test-results/students-security-Students-0e584-tudents-new-read-only-role--chromium-teacher-retry1/trace.zip
Core Validation & E2E	Run Playwright Tests	2026-09-02T18:38:06.8502604Z 
Core Validation & E2E	Run Playwright Tests	2026-09-02T18:38:06.8502978Z     ────────────────────────────────────────────────────────────────────────────────────────────────
Core Validation & E2E	Run Playwright Tests	2026-09-02T18:38:06.8503291Z 
Core Validation & E2E	Run Playwright Tests	2026-09-02T18:38:06.8503656Z     Retry #2 ───────────────────────────────────────────────────────────────────────────────────────
Core Validation & E2E	Run Playwright Tests	2026-09-02T18:38:06.8503979Z 
Core Validation & E2E	Run Playwright Tests	2026-09-02T18:38:06.8504131Z     Error: expect(locator).toBeVisible() failed
Core Validation & E2E	Run Playwright Tests	2026-09-02T18:38:06.8504790Z 
Core Validation & E2E	Run Playwright Tests	2026-09-02T18:38:06.8505934Z     Locator: locator('text=Insufficient Permissions')
Core Validation & E2E	Run Playwright Tests	2026-09-02T18:38:06.8506481Z     Expected: visible
Core Validation & E2E	Run Playwright Tests	2026-09-02T18:38:06.8506730Z     Timeout: 5000ms
Core Validation & E2E	Run Playwright Tests	2026-09-02T18:38:06.8506984Z     Error: element(s) not found
Core Validation & E2E	Run Playwright Tests	2026-09-02T18:38:06.8507156Z 
Core Validation & E2E	Run Playwright Tests	2026-09-02T18:38:06.8507246Z     Call log:
Core Validation & E2E	Run Playwright Tests	2026-09-02T18:38:06.8507535Z       - Expect "toBeVisible" with timeout 5000ms
Core Validation & E2E	Run Playwright Tests	2026-09-02T18:38:06.8507982Z       - waiting for locator('text=Insufficient Permissions')
Core Validation & E2E	Run Playwright Tests	2026-09-02T18:38:06.8508231Z 
Core Validation & E2E	Run Playwright Tests	2026-09-02T18:38:06.8508256Z 
Core Validation & E2E	Run Playwright Tests	2026-09-02T18:38:06.8508377Z       86 |
Core Validation & E2E	Run Playwright Tests	2026-09-02T18:38:06.8508657Z       87 |     // Should show insufficient permissions
Core Validation & E2E	Run Playwright Tests	2026-09-02T18:38:06.8509163Z     > 88 |     await expect(page.locator('text=Insufficient Permissions')).toBeVisible();
Core Validation & E2E	Run Playwright Tests	2026-09-02T18:38:06.8515563Z          |                                                                 ^
Core Validation & E2E	Run Playwright Tests	2026-09-02T18:38:06.8515889Z       89 |   });
Core Validation & E2E	Run Playwright Tests	2026-09-02T18:38:06.8516091Z       90 |
Core Validation & E2E	Run Playwright Tests	2026-09-02T18:38:06.8516545Z       91 |   test('Students/new page does not contain hardcoded branch/org IDs', async ({ page }) => {
Core Validation & E2E	Run Playwright Tests	2026-09-02T18:38:06.8517306Z         at /mnt/c/Users/krish/actions-runner/_work/ERP-1/ERP-1/apps/web/e2e/students-security.spec.ts:88:65
Core Validation & E2E	Run Playwright Tests	2026-09-02T18:38:06.8517723Z 
Core Validation & E2E	Run Playwright Tests	2026-09-02T18:38:06.8518299Z     Error Context: test-results/students-security-Students-0e584-tudents-new-read-only-role--chromium-teacher-retry2/error-context.md
Core Validation & E2E	Run Playwright Tests	2026-09-02T18:38:06.8518896Z 
Core Validation & E2E	Run Playwright Tests	2026-09-02T18:38:06.8518902Z 
Core Validation & E2E	Run Playwright Tests	2026-09-02T18:37:58.5668515Z [193/626] [chromium-teacher] › e2e/students-security.spec.ts:91:7 › Students/New Page Authorization › Students/new page does not contain hardcoded branch/org IDs
Core Validation & E2E	Run Playwright Tests	2026-09-02T18:37:58.9272472Z [194/626] [chromium-teacher] › e2e/students-security.spec.ts:104:7 › Students/New Page Authorization › Students/new rejects cross-branch access
Core Validation & E2E	Run Playwright Tests	2026-09-02T18:37:59.0269880Z [195/626] [chromium-teacher] › e2e/students-security.spec.ts:119:7 › Students Detail Page Authorization › Student detail page enforces branch context
Core Validation & E2E	Run Playwright Tests	2026-09-02T18:37:59.1080704Z [196/626] [chromium-teacher] › e2e/students-security.spec.ts:131:7 › Students Detail Page Authorization › Student detail page rejects cross-branch access
Core Validation & E2E	Run Playwright Tests	2026-09-02T18:37:59.2320947Z [197/626] [chromium-teacher] › e2e/substitutions.spec.ts:33:7 › Substitutions Management › Branch Admin CRUD & Conflicts › should manage substitutions and handle conflicts
Core Validation & E2E	Run Playwright Tests	2026-09-02T18:37:59.2745574Z [198/626] [chromium-teacher] › e2e/substitutions.spec.ts:281:9 › Substitutions Management › Teacher Roles › should view substitutions but cannot create
Core Validation & E2E	Run Playwright Tests	2026-09-02T18:38:07.1219734Z [199/626] (retries) [chromium-teacher] › e2e/substitutions.spec.ts:281:9 › Substitutions Management › Teacher Roles › should view substitutions but cannot create (retry #1)
Core Validation & E2E	Run Playwright Tests	2026-09-02T18:38:15.3439183Z [200/626] (retries) [chromium-teacher] › e2e/substitutions.spec.ts:281:9 › Substitutions Management › Teacher Roles › should view substitutions but cannot create (retry #2)
Core Validation & E2E	Run Playwright Tests	2026-09-02T18:38:20.6153478Z   5) [chromium-teacher] › e2e/substitutions.spec.ts:281:9 › Substitutions Management › Teacher Roles › should view substitutions but cannot create 
Core Validation & E2E	Run Playwright Tests	2026-09-02T18:38:20.6154741Z 
Core Validation & E2E	Run Playwright Tests	2026-09-02T18:38:20.6155079Z     Error: expect(locator).toBeVisible() failed
Core Validation & E2E	Run Playwright Tests	2026-09-02T18:38:20.6155511Z 
Core Validation & E2E	Run Playwright Tests	2026-09-02T18:38:20.6156191Z     Locator: getByRole('heading', { name: 'Substitutions' })
Core Validation & E2E	Run Playwright Tests	2026-09-02T18:38:20.6157048Z     Expected: visible
Core Validation & E2E	Run Playwright Tests	2026-09-02T18:38:20.6157549Z     Timeout: 5000ms
Core Validation & E2E	Run Playwright Tests	2026-09-02T18:38:20.6159395Z     Error: element(s) not found
Core Validation & E2E	Run Playwright Tests	2026-09-02T18:38:20.6160291Z 
Core Validation & E2E	Run Playwright Tests	2026-09-02T18:38:20.6160776Z     Call log:
Core Validation & E2E	Run Playwright Tests	2026-09-02T18:38:20.6161304Z       - Expect "toBeVisible" with timeout 5000ms
Core Validation & E2E	Run Playwright Tests	2026-09-02T18:38:20.6162034Z       - waiting for getByRole('heading', { name: 'Substitutions' })
Core Validation & E2E	Run Playwright Tests	2026-09-02T18:38:20.6162545Z 
Core Validation & E2E	Run Playwright Tests	2026-09-02T18:38:20.6162586Z 
Core Validation & E2E	Run Playwright Tests	2026-09-02T18:38:20.6163122Z       281 |     test('should view substitutions but cannot create', async ({ page }) => {
Core Validation & E2E	Run Playwright Tests	2026-09-02T18:38:20.6167708Z       282 |       await page.goto('/scheduling/substitutions?date=2026-08-19');
Core Validation & E2E	Run Playwright Tests	2026-09-02T18:38:20.6169801Z     > 283 |       await expect(page.getByRole('heading', { name: 'Substitutions' })).toBeVisible();
Core Validation & E2E	Run Playwright Tests	2026-09-02T18:38:20.6171031Z           |                                                                          ^
Core Validation & E2E	Run Playwright Tests	2026-09-02T18:38:20.6171657Z       284 |
Core Validation & E2E	Run Playwright Tests	2026-09-02T18:38:20.6173888Z       285 |       const createBtn = page.getByRole('button', { name: 'New Substitution' });
Core Validation & E2E	Run Playwright Tests	2026-09-02T18:38:20.6174973Z       286 |       await expect(createBtn).not.toBeVisible();
Core Validation & E2E	Run Playwright Tests	2026-09-02T18:38:20.6176375Z         at /mnt/c/Users/krish/actions-runner/_work/ERP-1/ERP-1/apps/web/e2e/substitutions.spec.ts:283:74
Core Validation & E2E	Run Playwright Tests	2026-09-02T18:38:20.6177207Z 
Core Validation & E2E	Run Playwright Tests	2026-09-02T18:38:20.6178442Z     Error Context: test-results/substitutions-Substitution-a72df-titutions-but-cannot-create-chromium-teacher/error-context.md
Core Validation & E2E	Run Playwright Tests	2026-09-02T18:38:20.6221545Z 
Core Validation & E2E	Run Playwright Tests	2026-09-02T18:38:20.6222894Z     Retry #1 ───────────────────────────────────────────────────────────────────────────────────────
Core Validation & E2E	Run Playwright Tests	2026-09-02T18:38:20.6223442Z 
Core Validation & E2E	Run Playwright Tests	2026-09-02T18:38:20.6223817Z     Error: expect(locator).toBeVisible() failed
Core Validation & E2E	Run Playwright Tests	2026-09-02T18:38:20.6224254Z 
Core Validation & E2E	Run Playwright Tests	2026-09-02T18:38:20.6224733Z     Locator: getByRole('heading', { name: 'Substitutions' })
Core Validation & E2E	Run Playwright Tests	2026-09-02T18:38:20.6225464Z     Expected: visible
Core Validation & E2E	Run Playwright Tests	2026-09-02T18:38:20.6226055Z     Timeout: 5000ms
Core Validation & E2E	Run Playwright Tests	2026-09-02T18:38:20.6226694Z     Error: element(s) not found
Core Validation & E2E	Run Playwright Tests	2026-09-02T18:38:20.6227760Z 
Core Validation & E2E	Run Playwright Tests	2026-09-02T18:38:20.6227973Z     Call log:
Core Validation & E2E	Run Playwright Tests	2026-09-02T18:38:20.6228574Z       - Expect "toBeVisible" with timeout 5000ms
Core Validation & E2E	Run Playwright Tests	2026-09-02T18:38:20.6244827Z       - waiting for getByRole('heading', { name: 'Substitutions' })
Core Validation & E2E	Run Playwright Tests	2026-09-02T18:38:20.6245984Z 
Core Validation & E2E	Run Playwright Tests	2026-09-02T18:38:20.6246014Z 
Core Validation & E2E	Run Playwright Tests	2026-09-02T18:38:20.6246676Z       281 |     test('should view substitutions but cannot create', async ({ page }) => {
Core Validation & E2E	Run Playwright Tests	2026-09-02T18:38:20.6247914Z       282 |       await page.goto('/scheduling/substitutions?date=2026-08-19');
Core Validation & E2E	Run Playwright Tests	2026-09-02T18:38:20.6249151Z     > 283 |       await expect(page.getByRole('heading', { name: 'Substitutions' })).toBeVisible();
Core Validation & E2E	Run Playwright Tests	2026-09-02T18:38:20.6250539Z           |                                                                          ^
Core Validation & E2E	Run Playwright Tests	2026-09-02T18:38:20.6251281Z       284 |
Core Validation & E2E	Run Playwright Tests	2026-09-02T18:38:20.6252092Z       285 |       const createBtn = page.getByRole('button', { name: 'New Substitution' });
Core Validation & E2E	Run Playwright Tests	2026-09-02T18:38:20.6254407Z       286 |       await expect(createBtn).not.toBeVisible();
Core Validation & E2E	Run Playwright Tests	2026-09-02T18:38:20.6257348Z         at /mnt/c/Users/krish/actions-runner/_work/ERP-1/ERP-1/apps/web/e2e/substitutions.spec.ts:283:74
Core Validation & E2E	Run Playwright Tests	2026-09-02T18:38:20.6258798Z 
Core Validation & E2E	Run Playwright Tests	2026-09-02T18:38:20.6260626Z     Error Context: test-results/substitutions-Substitution-a72df-titutions-but-cannot-create-chromium-teacher-retry1/error-context.md
Core Validation & E2E	Run Playwright Tests	2026-09-02T18:38:20.6262814Z 
Core Validation & E2E	Run Playwright Tests	2026-09-02T18:38:20.6263915Z     attachment #2: trace (application/zip) ─────────────────────────────────────────────────────────
Core Validation & E2E	Run Playwright Tests	2026-09-02T18:38:20.6265546Z     test-results/substitutions-Substitution-a72df-titutions-but-cannot-create-chromium-teacher-retry1/trace.zip
Core Validation & E2E	Run Playwright Tests	2026-09-02T18:38:20.6266324Z     Usage:
Core Validation & E2E	Run Playwright Tests	2026-09-02T18:38:20.6266459Z 
Core Validation & E2E	Run Playwright Tests	2026-09-02T18:38:20.6270894Z         npx playwright show-trace test-results/substitutions-Substitution-a72df-titutions-but-cannot-create-chromium-teacher-retry1/trace.zip
Core Validation & E2E	Run Playwright Tests	2026-09-02T18:38:20.6273546Z 
Core Validation & E2E	Run Playwright Tests	2026-09-02T18:38:20.6274797Z     ────────────────────────────────────────────────────────────────────────────────────────────────
Core Validation & E2E	Run Playwright Tests	2026-09-02T18:38:20.6275578Z 
Core Validation & E2E	Run Playwright Tests	2026-09-02T18:38:20.6277496Z     Retry #2 ───────────────────────────────────────────────────────────────────────────────────────
Core Validation & E2E	Run Playwright Tests	2026-09-02T18:38:20.6278251Z 
Core Validation & E2E	Run Playwright Tests	2026-09-02T18:38:20.6279308Z     Error: expect(locator).toBeVisible() failed
Core Validation & E2E	Run Playwright Tests	2026-09-02T18:38:20.6280834Z 
Core Validation & E2E	Run Playwright Tests	2026-09-02T18:38:20.6281788Z     Locator: getByRole('heading', { name: 'Substitutions' })
Core Validation & E2E	Run Playwright Tests	2026-09-02T18:38:20.6282777Z     Expected: visible
Core Validation & E2E	Run Playwright Tests	2026-09-02T18:38:20.6291753Z     Timeout: 5000ms
Core Validation & E2E	Run Playwright Tests	2026-09-02T18:38:20.6293373Z     Error: element(s) not found
Core Validation & E2E	Run Playwright Tests	2026-09-02T18:38:20.6293817Z 
Core Validation & E2E	Run Playwright Tests	2026-09-02T18:38:20.6294033Z     Call log:
Core Validation & E2E	Run Playwright Tests	2026-09-02T18:38:20.6294711Z       - Expect "toBeVisible" with timeout 5000ms
Core Validation & E2E	Run Playwright Tests	2026-09-02T18:38:20.6295754Z       - waiting for getByRole('heading', { name: 'Substitutions' })
Core Validation & E2E	Run Playwright Tests	2026-09-02T18:38:20.6296406Z 
Core Validation & E2E	Run Playwright Tests	2026-09-02T18:38:20.6296432Z 
Core Validation & E2E	Run Playwright Tests	2026-09-02T18:38:20.6297095Z       281 |     test('should view substitutions but cannot create', async ({ page }) => {
Core Validation & E2E	Run Playwright Tests	2026-09-02T18:38:20.6298249Z       282 |       await page.goto('/scheduling/substitutions?date=2026-08-19');
Core Validation & E2E	Run Playwright Tests	2026-09-02T18:38:20.6299823Z     > 283 |       await expect(page.getByRole('heading', { name: 'Substitutions' })).toBeVisible();
Core Validation & E2E	Run Playwright Tests	2026-09-02T18:38:20.6301739Z           |                                                                          ^
Core Validation & E2E	Run Playwright Tests	2026-09-02T18:38:20.6302407Z       284 |
Core Validation & E2E	Run Playwright Tests	2026-09-02T18:38:20.6303084Z       285 |       const createBtn = page.getByRole('button', { name: 'New Substitution' });
Core Validation & E2E	Run Playwright Tests	2026-09-02T18:38:20.6304265Z       286 |       await expect(createBtn).not.toBeVisible();
Core Validation & E2E	Run Playwright Tests	2026-09-02T18:38:20.6305550Z         at /mnt/c/Users/krish/actions-runner/_work/ERP-1/ERP-1/apps/web/e2e/substitutions.spec.ts:283:74
Core Validation & E2E	Run Playwright Tests	2026-09-02T18:38:20.6306770Z 
Core Validation & E2E	Run Playwright Tests	2026-09-02T18:38:20.6307894Z     Error Context: test-results/substitutions-Substitution-a72df-titutions-but-cannot-create-chromium-teacher-retry2/error-context.md
Core Validation & E2E	Run Playwright Tests	2026-09-02T18:38:20.6308667Z 
Core Validation & E2E	Run Playwright Tests	2026-09-02T18:38:20.6308676Z 
Core Validation & E2E	Run Playwright Tests	2026-09-02T18:38:22.7178951Z [201/626] [chromium-teacher] › e2e/timetable.spec.ts:27:9 › Timetable Management › Branch Admin CRUD & Conflicts › should manage timetable entries and handle conflicts
Core Validation & E2E	Run Playwright Tests	2026-09-02T18:38:22.8825649Z [202/626] [chromium-teacher] › e2e/timetable.spec.ts:168:9 › Timetable Management › Teacher Roles › should view timetable but cannot create entries
Core Validation & E2E	Run Playwright Tests	2026-09-02T18:38:30.8920188Z [203/626] (retries) [chromium-teacher] › e2e/timetable.spec.ts:168:9 › Timetable Management › Teacher Roles › should view timetable but cannot create entries (retry #1)
Core Validation & E2E	Run Playwright Tests	2026-09-02T18:38:48.4875716Z [204/626] (retries) [chromium-teacher] › e2e/timetable.spec.ts:168:9 › Timetable Management › Teacher Roles › should view timetable but cannot create entries (retry #2)
Core Validation & E2E	Run Playwright Tests	2026-09-02T18:38:54.2928485Z   6) [chromium-teacher] › e2e/timetable.spec.ts:168:9 › Timetable Management › Teacher Roles › should view timetable but cannot create entries 
Core Validation & E2E	Run Playwright Tests	2026-09-02T18:38:54.2929118Z 
Core Validation & E2E	Run Playwright Tests	2026-09-02T18:38:54.2929354Z     Error: expect(locator).toBeVisible() failed
Core Validation & E2E	Run Playwright Tests	2026-09-02T18:38:54.2929583Z 
Core Validation & E2E	Run Playwright Tests	2026-09-02T18:38:54.2929752Z     Locator: getByRole('heading', { name: 'Timetable' })
Core Validation & E2E	Run Playwright Tests	2026-09-02T18:38:54.2930058Z     Expected: visible
Core Validation & E2E	Run Playwright Tests	2026-09-02T18:38:54.2930269Z     Timeout: 5000ms
Core Validation & E2E	Run Playwright Tests	2026-09-02T18:38:54.2930662Z     Error: element(s) not found
Core Validation & E2E	Run Playwright Tests	2026-09-02T18:38:54.2930817Z 
Core Validation & E2E	Run Playwright Tests	2026-09-02T18:38:54.2930903Z     Call log:
Core Validation & E2E	Run Playwright Tests	2026-09-02T18:38:54.2931154Z       - Expect "toBeVisible" with timeout 5000ms
Core Validation & E2E	Run Playwright Tests	2026-09-02T18:38:54.2931530Z       - waiting for getByRole('heading', { name: 'Timetable' })
Core Validation & E2E	Run Playwright Tests	2026-09-02T18:38:54.2931952Z 
Core Validation & E2E	Run Playwright Tests	2026-09-02T18:38:54.2931966Z 
Core Validation & E2E	Run Playwright Tests	2026-09-02T18:38:54.2932469Z       168 |     test('should view timetable but cannot create entries', async ({ page }) => {
Core Validation & E2E	Run Playwright Tests	2026-09-02T18:38:54.2933417Z       169 |       await page.goto('/scheduling/timetable');
Core Validation & E2E	Run Playwright Tests	2026-09-02T18:38:54.2934588Z     > 170 |       await expect(page.getByRole('heading', { name: 'Timetable' })).toBeVisible();
Core Validation & E2E	Run Playwright Tests	2026-09-02T18:38:54.2935143Z           |                                                                      ^
Core Validation & E2E	Run Playwright Tests	2026-09-02T18:38:54.2936011Z       171 |       const createBtn = page.getByRole('button', { name: 'Create Timetable Entry' });
Core Validation & E2E	Run Playwright Tests	2026-09-02T18:38:54.2936598Z       172 |       await expect(createBtn).not.toBeVisible();
Core Validation & E2E	Run Playwright Tests	2026-09-02T18:38:54.2937435Z       173 |     });
Core Validation & E2E	Run Playwright Tests	2026-09-02T18:38:54.2938091Z         at /mnt/c/Users/krish/actions-runner/_work/ERP-1/ERP-1/apps/web/e2e/timetable.spec.ts:170:70
Core Validation & E2E	Run Playwright Tests	2026-09-02T18:38:54.2938777Z 
Core Validation & E2E	Run Playwright Tests	2026-09-02T18:38:54.2939314Z     Error Context: test-results/timetable-Timetable-Manage-7f662-e-but-cannot-create-entries-chromium-teacher/error-context.md
Core Validation & E2E	Run Playwright Tests	2026-09-02T18:38:54.2946669Z 
Core Validation & E2E	Run Playwright Tests	2026-09-02T18:38:54.2947614Z     Retry #1 ───────────────────────────────────────────────────────────────────────────────────────
Core Validation & E2E	Run Playwright Tests	2026-09-02T18:38:54.2948168Z 
Core Validation & E2E	Run Playwright Tests	2026-09-02T18:38:54.2948440Z     Error: expect(locator).toBeVisible() failed
Core Validation & E2E	Run Playwright Tests	2026-09-02T18:38:54.2948814Z 
Core Validation & E2E	Run Playwright Tests	2026-09-02T18:38:54.2949113Z     Locator: getByRole('heading', { name: 'Timetable' })
Core Validation & E2E	Run Playwright Tests	2026-09-02T18:38:54.2949697Z     Expected: visible
Core Validation & E2E	Run Playwright Tests	2026-09-02T18:38:54.2950075Z     Timeout: 5000ms
Core Validation & E2E	Run Playwright Tests	2026-09-02T18:38:54.2950470Z     Error: element(s) not found
Core Validation & E2E	Run Playwright Tests	2026-09-02T18:38:54.2950751Z 
Core Validation & E2E	Run Playwright Tests	2026-09-02T18:38:54.2950885Z     Call log:
Core Validation & E2E	Run Playwright Tests	2026-09-02T18:38:54.2951826Z       - Expect "toBeVisible" with timeout 5000ms
Core Validation & E2E	Run Playwright Tests	2026-09-02T18:38:54.2952355Z       - waiting for getByRole('heading', { name: 'Timetable' })
Core Validation & E2E	Run Playwright Tests	2026-09-02T18:38:54.2952601Z 
Core Validation & E2E	Run Playwright Tests	2026-09-02T18:38:54.2952608Z 
Core Validation & E2E	Run Playwright Tests	2026-09-02T18:38:54.2952891Z       168 |     test('should view timetable but cannot create entries', async ({ page }) => {
Core Validation & E2E	Run Playwright Tests	2026-09-02T18:38:54.2953390Z       169 |       await page.goto('/scheduling/timetable');
Core Validation & E2E	Run Playwright Tests	2026-09-02T18:38:54.2953873Z     > 170 |       await expect(page.getByRole('heading', { name: 'Timetable' })).toBeVisible();
Core Validation & E2E	Run Playwright Tests	2026-09-02T18:38:54.2954345Z           |                                                                      ^
Core Validation & E2E	Run Playwright Tests	2026-09-02T18:38:54.2954843Z       171 |       const createBtn = page.getByRole('button', { name: 'Create Timetable Entry' });
Core Validation & E2E	Run Playwright Tests	2026-09-02T18:38:54.2955319Z       172 |       await expect(createBtn).not.toBeVisible();
Core Validation & E2E	Run Playwright Tests	2026-09-02T18:38:54.2955606Z       173 |     });
Core Validation & E2E	Run Playwright Tests	2026-09-02T18:38:54.2956030Z         at /mnt/c/Users/krish/actions-runner/_work/ERP-1/ERP-1/apps/web/e2e/timetable.spec.ts:170:70
Core Validation & E2E	Run Playwright Tests	2026-09-02T18:38:54.2961133Z 
Core Validation & E2E	Run Playwright Tests	2026-09-02T18:38:54.2961726Z     Error Context: test-results/timetable-Timetable-Manage-7f662-e-but-cannot-create-entries-chromium-teacher-retry1/error-context.md
Core Validation & E2E	Run Playwright Tests	2026-09-02T18:38:54.2962282Z 
Core Validation & E2E	Run Playwright Tests	2026-09-02T18:38:54.2963354Z     attachment #2: trace (application/zip) ─────────────────────────────────────────────────────────
Core Validation & E2E	Run Playwright Tests	2026-09-02T18:38:54.2964576Z     test-results/timetable-Timetable-Manage-7f662-e-but-cannot-create-entries-chromium-teacher-retry1/trace.zip
Core Validation & E2E	Run Playwright Tests	2026-09-02T18:38:54.2965438Z     Usage:
Core Validation & E2E	Run Playwright Tests	2026-09-02T18:38:54.2965572Z 
Core Validation & E2E	Run Playwright Tests	2026-09-02T18:38:54.2966386Z         npx playwright show-trace test-results/timetable-Timetable-Manage-7f662-e-but-cannot-create-entries-chromium-teacher-retry1/trace.zip
Core Validation & E2E	Run Playwright Tests	2026-09-02T18:38:54.2967018Z 
Core Validation & E2E	Run Playwright Tests	2026-09-02T18:38:54.2967425Z     ────────────────────────────────────────────────────────────────────────────────────────────────
Core Validation & E2E	Run Playwright Tests	2026-09-02T18:38:54.2967718Z 
Core Validation & E2E	Run Playwright Tests	2026-09-02T18:38:54.2968064Z     Retry #2 ───────────────────────────────────────────────────────────────────────────────────────
Core Validation & E2E	Run Playwright Tests	2026-09-02T18:38:54.2968370Z 
Core Validation & E2E	Run Playwright Tests	2026-09-02T18:38:54.2968516Z     Error: expect(locator).toBeVisible() failed
Core Validation & E2E	Run Playwright Tests	2026-09-02T18:38:54.2968728Z 
Core Validation & E2E	Run Playwright Tests	2026-09-02T18:38:54.2968897Z     Locator: getByRole('heading', { name: 'Timetable' })
Core Validation & E2E	Run Playwright Tests	2026-09-02T18:38:54.2974515Z     Expected: visible
Core Validation & E2E	Run Playwright Tests	2026-09-02T18:38:54.2974757Z     Timeout: 5000ms
Core Validation & E2E	Run Playwright Tests	2026-09-02T18:38:54.2975011Z     Error: element(s) not found
Core Validation & E2E	Run Playwright Tests	2026-09-02T18:38:54.2975180Z 
Core Validation & E2E	Run Playwright Tests	2026-09-02T18:38:54.2975261Z     Call log:
Core Validation & E2E	Run Playwright Tests	2026-09-02T18:38:54.2975529Z       - Expect "toBeVisible" with timeout 5000ms
Core Validation & E2E	Run Playwright Tests	2026-09-02T18:38:54.2975932Z       - waiting for getByRole('heading', { name: 'Timetable' })
Core Validation & E2E	Run Playwright Tests	2026-09-02T18:38:54.2976183Z 
Core Validation & E2E	Run Playwright Tests	2026-09-02T18:38:54.2976190Z 
Core Validation & E2E	Run Playwright Tests	2026-09-02T18:38:54.2976484Z       168 |     test('should view timetable but cannot create entries', async ({ page }) => {
Core Validation & E2E	Run Playwright Tests	2026-09-02T18:38:54.2976991Z       169 |       await page.goto('/scheduling/timetable');
Core Validation & E2E	Run Playwright Tests	2026-09-02T18:38:54.2977506Z     > 170 |       await expect(page.getByRole('heading', { name: 'Timetable' })).toBeVisible();
Core Validation & E2E	Run Playwright Tests	2026-09-02T18:38:54.2978572Z           |                                                                      ^
Core Validation & E2E	Run Playwright Tests	2026-09-02T18:38:54.2979189Z       171 |       const createBtn = page.getByRole('button', { name: 'Create Timetable Entry' });
Core Validation & E2E	Run Playwright Tests	2026-09-02T18:38:54.2979738Z       172 |       await expect(createBtn).not.toBeVisible();
Core Validation & E2E	Run Playwright Tests	2026-09-02T18:38:54.2980054Z       173 |     });
Core Validation & E2E	Run Playwright Tests	2026-09-02T18:38:54.2980524Z         at /mnt/c/Users/krish/actions-runner/_work/ERP-1/ERP-1/apps/web/e2e/timetable.spec.ts:170:70
Core Validation & E2E	Run Playwright Tests	2026-09-02T18:38:54.2980903Z 
Core Validation & E2E	Run Playwright Tests	2026-09-02T18:38:54.2981719Z     Error Context: test-results/timetable-Timetable-Manage-7f662-e-but-cannot-create-entries-chromium-teacher-retry2/error-context.md
Core Validation & E2E	Run Playwright Tests	2026-09-02T18:38:54.2982620Z 
Core Validation & E2E	Run Playwright Tests	2026-09-02T18:38:54.2982639Z 
Core Validation & E2E	Run Playwright Tests	2026-09-02T18:38:56.7617069Z [205/626] [chromium-guardian] › e2e/academic-structure.spec.ts:6:7 › Academic Structure Role Tests › Teacher gets Access Denied when trying to create and sees branch identity without switching
Core Validation & E2E	Run Playwright Tests	2026-09-02T18:38:57.1382238Z [206/626] [chromium-guardian] › e2e/academic-structure.spec.ts:22:7 › Academic Structure Role Tests › Branch Admin can create, edit, and delete an Academic Year but cannot switch branch
Core Validation & E2E	Run Playwright Tests	2026-09-02T18:38:57.2260094Z [207/626] [chromium-guardian] › e2e/academic-structure.spec.ts:58:7 › Academic Structure Role Tests › Branch Admin attempting to access another branch resource is denied
Core Validation & E2E	Run Playwright Tests	2026-09-02T18:38:57.3611569Z [208/626] [chromium-guardian] › e2e/adversarial-security.spec.ts:38:9 › Adversarial Server-Boundary Security › Teacher Role Mutations › Teacher cannot mutate attendance for unauthorized branch
Core Validation & E2E	Run Playwright Tests	2026-09-02T18:38:57.3967902Z [209/626] [chromium-guardian] › e2e/adversarial-security.spec.ts:63:9 › Adversarial Server-Boundary Security › Teacher Role Mutations › Teacher cannot mutate homework for unauthorized branch
Core Validation & E2E	Run Playwright Tests	2026-09-02T18:38:57.4339704Z [210/626] [chromium-guardian] › e2e/adversarial-security.spec.ts:104:9 › Adversarial Server-Boundary Security › Teacher Role Mutations › Teacher cannot publish communication messages (admin-only)
Core Validation & E2E	Run Playwright Tests	2026-09-02T18:38:57.4794514Z [211/626] [chromium-guardian] › e2e/adversarial-security.spec.ts:131:9 › Adversarial Server-Boundary Security › Teacher Role Mutations › Teacher cannot mutate a locked attendance session directly via RPC
Core Validation & E2E	Run Playwright Tests	2026-09-02T18:38:57.5094869Z [212/626] [chromium-guardian] › e2e/adversarial-security.spec.ts:176:9 › Adversarial Server-Boundary Security › Guardian Role Mutations › Guardian cannot mutate attendance for their own child
Core Validation & E2E	Run Playwright Tests	2026-09-02T18:38:57.6933492Z [213/626] [chromium-guardian] › e2e/app-config.spec.ts:5:7 › App Config Admin Tests › Teacher gets Access Denied when trying to access app config
Core Validation & E2E	Run Playwright Tests	2026-09-02T18:38:57.7789683Z [214/626] [chromium-guardian] › e2e/app-config.spec.ts:15:7 › App Config Admin Tests › Branch Admin can view and edit their branch app config
Core Validation & E2E	Run Playwright Tests	2026-09-02T18:38:57.8568591Z [215/626] [chromium-guardian] › e2e/app-config.spec.ts:40:7 › App Config Admin Tests › Super Admin can view and edit app configs across branches
Core Validation & E2E	Run Playwright Tests	2026-09-02T18:38:57.9630814Z [216/626] [chromium-guardian] › e2e/attendance.spec.ts:11:9 › Attendance Management › Teacher Flow (chromium-teacher) › Teacher can mark, save, and lock attendance
Core Validation & E2E	Run Playwright Tests	2026-09-02T18:38:57.9923616Z [217/626] [chromium-guardian] › e2e/attendance.spec.ts:64:9 › Attendance Management › Teacher Flow (chromium-teacher) › Teacher cannot bypass authorization for another branch
Core Validation & E2E	Run Playwright Tests	2026-09-02T18:38:58.0201963Z [218/626] [chromium-guardian] › e2e/attendance.spec.ts:76:9 › Attendance Management › Branch Admin Flow (chromium-branchadmin) › Admin can mark, save, lock, publish, and correct attendance
Core Validation & E2E	Run Playwright Tests	2026-09-02T18:38:58.0498478Z [219/626] [chromium-guardian] › e2e/attendance.spec.ts:145:9 › Attendance Management › Guardian History Flow (chromium-guardian) › Guardian can view published absences
Core Validation & E2E	Run Playwright Tests	2026-09-02T18:38:58.9535164Z [220/626] [chromium-guardian] › e2e/attendance.spec.ts:155:9 › Attendance Management › Guardian History Flow (chromium-guardian) › Guardian cannot access attendance entry page
Core Validation & E2E	Run Playwright Tests	2026-09-02T18:38:59.5574751Z [221/626] [chromium-guardian] › e2e/auth-password-reset.spec.ts:7:7 › Temporary Credentials Enforcement › User with force_password_reset=true is redirected and can reset
Core Validation & E2E	Run Playwright Tests	2026-09-02T18:38:59.6359251Z [222/626] [chromium-guardian] › e2e/auth-password-reset.spec.ts:62:7 › Temporary Credentials Enforcement › Normal user without force_password_reset can login normally
Core Validation & E2E	Run Playwright Tests	2026-09-02T18:38:54.2399107Z [223/626] [chromium-guardian] › e2e/branch-context.spec.ts:39:9 › branch-context authorization helpers › Super Admin Semantics › auth_is_super_admin() is true
Core Validation & E2E	Run Playwright Tests	2026-09-02T18:38:54.2548901Z [224/626] [chromium-guardian] › e2e/branch-context.spec.ts:44:9 › branch-context authorization helpers › Super Admin Semantics › auth_has_org_access() is true for authorized org
Core Validation & E2E	Run Playwright Tests	2026-09-02T18:38:54.2726126Z [225/626] [chromium-guardian] › e2e/branch-context.spec.ts:49:9 › branch-context authorization helpers › Super Admin Semantics › auth_has_branch_membership() is true for branch in authorized org
Core Validation & E2E	Run Playwright Tests	2026-09-02T18:38:54.2870356Z [226/626] [chromium-guardian] › e2e/branch-context.spec.ts:53:9 › branch-context authorization helpers › Super Admin Semantics › auth_has_branch_membership() is false for branch in unauthorized org
Core Validation & E2E	Run Playwright Tests	2026-09-02T18:38:54.3020122Z [227/626] [chromium-guardian] › e2e/branch-context.spec.ts:57:9 › branch-context authorization helpers › Super Admin Semantics › auth_has_branch_role() is false unless an explicit real role assignment exists
Core Validation & E2E	Run Playwright Tests	2026-09-02T18:38:54.3208837Z [228/626] [chromium-guardian] › e2e/branch-context.spec.ts:68:9 › branch-context authorization helpers › Branch Admin Semantics › branchadmin role is true for own branch
Core Validation & E2E	Run Playwright Tests	2026-09-02T18:38:54.3350897Z [229/626] [chromium-guardian] › e2e/branch-context.spec.ts:72:9 › branch-context authorization helpers › Branch Admin Semantics › teacher role is false unless explicitly assigned
Core Validation & E2E	Run Playwright Tests	2026-09-02T18:38:54.3484638Z [230/626] [chromium-guardian] › e2e/branch-context.spec.ts:76:9 › branch-context authorization helpers › Branch Admin Semantics › other branch is false
Core Validation & E2E	Run Playwright Tests	2026-09-02T18:38:54.3627290Z [231/626] [chromium-guardian] › e2e/branch-context.spec.ts:80:9 › branch-context authorization helpers › Branch Admin Semantics › wrong org is false
Core Validation & E2E	Run Playwright Tests	2026-09-02T18:38:54.3772382Z [232/626] [chromium-guardian] › e2e/branch-context.spec.ts:86:9 › branch-context authorization helpers › Teacher Semantics › teacher role is true in own branch
Core Validation & E2E	Run Playwright Tests	2026-09-02T18:38:54.3926772Z [233/626] [chromium-guardian] › e2e/branch-context.spec.ts:90:9 › branch-context authorization helpers › Teacher Semantics › branchadmin role is false
Core Validation & E2E	Run Playwright Tests	2026-09-02T18:38:54.4042801Z [234/626] [chromium-guardian] › e2e/branch-context.spec.ts:94:9 › branch-context authorization helpers › Teacher Semantics › other branch is false
Core Validation & E2E	Run Playwright Tests	2026-09-02T18:38:54.4180998Z [235/626] [chromium-guardian] › e2e/branch-context.spec.ts:98:9 › branch-context authorization helpers › Teacher Semantics › wrong org is false
Core Validation & E2E	Run Playwright Tests	2026-09-02T18:38:54.4736135Z [236/626] [chromium-guardian] › e2e/calendar.spec.ts:24:7 › Calendar UI › Teacher cannot mutate calendar events or operating days
Core Validation & E2E	Run Playwright Tests	2026-09-02T18:38:54.5839059Z [237/626] [chromium-guardian] › e2e/calendar.spec.ts:79:9 › Calendar UI › Branch Admin Calendar Mutations › Branch Admin can manage operating days
Core Validation & E2E	Run Playwright Tests	2026-09-02T18:38:54.6683178Z [238/626] [chromium-guardian] › e2e/calendar.spec.ts:128:9 › Calendar UI › Branch Admin Calendar Mutations › Branch Admin can create, edit, and archive calendar events
Core Validation & E2E	Run Playwright Tests	2026-09-02T18:38:54.8068165Z [239/626] [chromium-guardian] › e2e/communication.spec.ts:5:7 › Communication End-to-End Workflows › Branch Admin can create an announcement and view it in Sent
Core Validation & E2E	Run Playwright Tests	2026-09-02T18:38:54.8843104Z [240/626] [chromium-guardian] › e2e/communication.spec.ts:26:7 › Communication End-to-End Workflows › Teacher can create class announcement and branch-wide targeting is denied
Core Validation & E2E	Run Playwright Tests	2026-09-02T18:38:54.8973731Z [241/626] [chromium-guardian] › e2e/communication.spec.ts:61:7 › Communication End-to-End Workflows › Recipient can view message in inbox
Core Validation & E2E	Run Playwright Tests	2026-09-02T18:38:58.8777060Z [242/626] [chromium-guardian] › e2e/communication.spec.ts:163:7 › Communication End-to-End Workflows › Teacher rate limit enforces exactly 5 messages per day
Core Validation & E2E	Run Playwright Tests	2026-09-02T18:38:58.9833481Z [243/626] [chromium-guardian] › e2e/homework.spec.ts:11:9 › Homework E2E - Phase 5 › Teacher Creation Flow › Teacher creates, saves draft, and publishes
Core Validation & E2E	Run Playwright Tests	2026-09-02T18:38:59.0143957Z [244/626] [chromium-guardian] › e2e/homework.spec.ts:63:9 › Homework E2E - Phase 5 › Guardian View Flow › Guardian views homework but cannot submit
Core Validation & E2E	Run Playwright Tests	2026-09-02T18:39:00.5191871Z [245/626] [chromium-guardian] › e2e/homework.spec.ts:86:9 › Homework E2E - Phase 5 › Unauthorized Access › Unauthorized access to creation page is blocked
Core Validation & E2E	Run Playwright Tests	2026-09-02T18:39:01.3624995Z [246/626] [chromium-guardian] › e2e/proxy-security.spec.ts:8:7 › Proxy / Middleware Runtime Security › Unauthenticated user is redirected to /login
Core Validation & E2E	Run Playwright Tests	2026-09-02T18:39:01.4077441Z [247/626] [chromium-guardian] › e2e/proxy-security.spec.ts:20:7 › Proxy / Middleware Runtime Security › Normal authenticated user is not incorrectly redirected
Core Validation & E2E	Run Playwright Tests	2026-09-02T18:39:01.4383860Z [248/626] [chromium-guardian] › e2e/proxy-security.spec.ts:28:7 › Proxy / Middleware Runtime Security › Logout remains usable
Core Validation & E2E	Run Playwright Tests	2026-09-02T18:39:01.4699874Z [249/626] [chromium-guardian] › e2e/proxy-security.spec.ts:45:9 › Proxy / Middleware Runtime Security › Password Reset Flow › User requiring password reset is redirected to /auth/update-password
Core Validation & E2E	Run Playwright Tests	2026-09-02T18:39:01.5373838Z [250/626] [chromium-guardian] › e2e/scheduling.spec.ts:13:7 › Scheduling Management › Branch Admin can manage rooms, bell schedules, and periods
Core Validation & E2E	Run Playwright Tests	2026-09-02T18:39:01.5727147Z [251/626] [chromium-guardian] › e2e/scheduling.spec.ts:99:7 › Scheduling Security - Teacher Role › Teacher cannot perform administrative mutations
Core Validation & E2E	Run Playwright Tests	2026-09-02T18:39:01.6029818Z [252/626] [chromium-guardian] › e2e/scheduling.spec.ts:119:7 › Scheduling Security - Cross Branch › Cross-branch manipulation is rejected
Core Validation & E2E	Run Playwright Tests	2026-09-02T18:39:01.6809978Z [253/626] [chromium-guardian] › e2e/storage.spec.ts:34:7 › Storage Runtime Authorization (Communication) › Teacher can upload attachment to their own draft and unauthorized users cannot read
Core Validation & E2E	Run Playwright Tests	2026-09-02T18:39:01.7399425Z [254/626] [chromium-guardian] › e2e/students-security.spec.ts:17:7 › Students Page Authorization › Branch Admin can access /students for their own branch
Core Validation & E2E	Run Playwright Tests	2026-09-02T18:39:01.8152475Z [255/626] [chromium-guardian] › e2e/students-security.spec.ts:35:7 › Students Page Authorization › Teacher can access /students in read-only mode
Core Validation & E2E	Run Playwright Tests	2026-09-02T18:39:01.8969359Z [256/626] [chromium-guardian] › e2e/students-security.spec.ts:52:7 › Students Page Authorization › Students page rejects access with invalid branch context
Core Validation & E2E	Run Playwright Tests	2026-09-02T18:39:01.9712135Z [257/626] [chromium-guardian] › e2e/students-security.spec.ts:67:7 › Students/New Page Authorization › Branch Admin can access /students/new for their branch
Core Validation & E2E	Run Playwright Tests	2026-09-02T18:39:02.0458943Z [258/626] [chromium-guardian] › e2e/students-security.spec.ts:80:7 › Students/New Page Authorization › Teacher cannot access /students/new (read-only role)
Core Validation & E2E	Run Playwright Tests	2026-09-02T18:39:02.1220130Z [259/626] [chromium-guardian] › e2e/students-security.spec.ts:91:7 › Students/New Page Authorization › Students/new page does not contain hardcoded branch/org IDs
Core Validation & E2E	Run Playwright Tests	2026-09-02T18:39:02.1979475Z [260/626] [chromium-guardian] › e2e/students-security.spec.ts:104:7 › Students/New Page Authorization › Students/new rejects cross-branch access
Core Validation & E2E	Run Playwright Tests	2026-09-02T18:39:02.2749738Z [261/626] [chromium-guardian] › e2e/students-security.spec.ts:119:7 › Students Detail Page Authorization › Student detail page enforces branch context
Core Validation & E2E	Run Playwright Tests	2026-09-02T18:39:02.3451373Z [262/626] [chromium-guardian] › e2e/students-security.spec.ts:131:7 › Students Detail Page Authorization › Student detail page rejects cross-branch access
Core Validation & E2E	Run Playwright Tests	2026-09-02T18:39:02.4665032Z [263/626] [chromium-guardian] › e2e/substitutions.spec.ts:33:7 › Substitutions Management › Branch Admin CRUD & Conflicts › should manage substitutions and handle conflicts
Core Validation & E2E	Run Playwright Tests	2026-09-02T18:39:02.4988607Z [264/626] [chromium-guardian] › e2e/substitutions.spec.ts:281:9 › Substitutions Management › Teacher Roles › should view substitutions but cannot create
Core Validation & E2E	Run Playwright Tests	2026-09-02T18:39:02.5594263Z [265/626] [chromium-guardian] › e2e/timetable.spec.ts:27:9 › Timetable Management › Branch Admin CRUD & Conflicts › should manage timetable entries and handle conflicts
Core Validation & E2E	Run Playwright Tests	2026-09-02T18:39:02.5872565Z [266/626] [chromium-guardian] › e2e/timetable.spec.ts:168:9 › Timetable Management › Teacher Roles › should view timetable but cannot create entries
Core Validation & E2E	Run Playwright Tests	2026-09-02T18:39:04.8694364Z [267/626] [mobile-chrome-superadmin] › e2e/academic-structure.spec.ts:6:7 › Academic Structure Role Tests › Teacher gets Access Denied when trying to create and sees branch identity without switching
Core Validation & E2E	Run Playwright Tests	2026-09-02T18:39:05.2543742Z [268/626] [mobile-chrome-superadmin] › e2e/academic-structure.spec.ts:22:7 › Academic Structure Role Tests › Branch Admin can create, edit, and delete an Academic Year but cannot switch branch
Core Validation & E2E	Run Playwright Tests	2026-09-02T18:39:05.3610217Z [269/626] [mobile-chrome-superadmin] › e2e/academic-structure.spec.ts:58:7 › Academic Structure Role Tests › Branch Admin attempting to access another branch resource is denied
Core Validation & E2E	Run Playwright Tests	2026-09-02T18:39:05.4982903Z [270/626] [mobile-chrome-superadmin] › e2e/adversarial-security.spec.ts:38:9 › Adversarial Server-Boundary Security › Teacher Role Mutations › Teacher cannot mutate attendance for unauthorized branch
Core Validation & E2E	Run Playwright Tests	2026-09-02T18:39:05.5330081Z [271/626] [mobile-chrome-superadmin] › e2e/adversarial-security.spec.ts:63:9 › Adversarial Server-Boundary Security › Teacher Role Mutations › Teacher cannot mutate homework for unauthorized branch
Core Validation & E2E	Run Playwright Tests	2026-09-02T18:39:05.5683331Z [272/626] [mobile-chrome-superadmin] › e2e/adversarial-security.spec.ts:104:9 › Adversarial Server-Boundary Security › Teacher Role Mutations › Teacher cannot publish communication messages (admin-only)
Core Validation & E2E	Run Playwright Tests	2026-09-02T18:39:05.5967144Z [273/626] [mobile-chrome-superadmin] › e2e/adversarial-security.spec.ts:131:9 › Adversarial Server-Boundary Security › Teacher Role Mutations › Teacher cannot mutate a locked attendance session directly via RPC
Core Validation & E2E	Run Playwright Tests	2026-09-02T18:39:05.6250616Z [274/626] [mobile-chrome-superadmin] › e2e/adversarial-security.spec.ts:176:9 › Adversarial Server-Boundary Security › Guardian Role Mutations › Guardian cannot mutate attendance for their own child
Core Validation & E2E	Run Playwright Tests	2026-09-02T18:39:05.6893348Z [275/626] [mobile-chrome-superadmin] › e2e/app-config.spec.ts:5:7 › App Config Admin Tests › Teacher gets Access Denied when trying to access app config
Core Validation & E2E	Run Playwright Tests	2026-09-02T18:39:05.7673340Z [276/626] [mobile-chrome-superadmin] › e2e/app-config.spec.ts:15:7 › App Config Admin Tests › Branch Admin can view and edit their branch app config
Core Validation & E2E	Run Playwright Tests	2026-09-02T18:39:05.8502554Z [277/626] [mobile-chrome-superadmin] › e2e/app-config.spec.ts:40:7 › App Config Admin Tests › Super Admin can view and edit app configs across branches
Core Validation & E2E	Run Playwright Tests	2026-09-02T18:39:06.7775013Z [278/626] [mobile-chrome-superadmin] › e2e/attendance.spec.ts:11:9 › Attendance Management › Teacher Flow (chromium-teacher) › Teacher can mark, save, and lock attendance
Core Validation & E2E	Run Playwright Tests	2026-09-02T18:39:06.8236686Z [279/626] [mobile-chrome-superadmin] › e2e/attendance.spec.ts:64:9 › Attendance Management › Teacher Flow (chromium-teacher) › Teacher cannot bypass authorization for another branch
Core Validation & E2E	Run Playwright Tests	2026-09-02T18:39:06.8615358Z [280/626] [mobile-chrome-superadmin] › e2e/attendance.spec.ts:76:9 › Attendance Management › Branch Admin Flow (chromium-branchadmin) › Admin can mark, save, lock, publish, and correct attendance
Core Validation & E2E	Run Playwright Tests	2026-09-02T18:39:06.9040869Z [281/626] [mobile-chrome-superadmin] › e2e/attendance.spec.ts:145:9 › Attendance Management › Guardian History Flow (chromium-guardian) › Guardian can view published absences
Core Validation & E2E	Run Playwright Tests	2026-09-02T18:39:06.9362491Z [282/626] [mobile-chrome-superadmin] › e2e/attendance.spec.ts:155:9 › Attendance Management › Guardian History Flow (chromium-guardian) › Guardian cannot access attendance entry page
Core Validation & E2E	Run Playwright Tests	2026-09-02T18:39:06.9996176Z [283/626] [mobile-chrome-superadmin] › e2e/auth-password-reset.spec.ts:7:7 › Temporary Credentials Enforcement › User with force_password_reset=true is redirected and can reset
Core Validation & E2E	Run Playwright Tests	2026-09-02T18:39:07.0707691Z [284/626] [mobile-chrome-superadmin] › e2e/auth-password-reset.spec.ts:62:7 › Temporary Credentials Enforcement › Normal user without force_password_reset can login normally
Core Validation & E2E	Run Playwright Tests	2026-09-02T18:39:12.2098375Z [285/626] [mobile-chrome-superadmin] › e2e/branch-context.spec.ts:39:9 › branch-context authorization helpers › Super Admin Semantics › auth_is_super_admin() is true
Core Validation & E2E	Run Playwright Tests	2026-09-02T18:39:12.2253384Z [286/626] [mobile-chrome-superadmin] › e2e/branch-context.spec.ts:44:9 › branch-context authorization helpers › Super Admin Semantics › auth_has_org_access() is true for authorized org
Core Validation & E2E	Run Playwright Tests	2026-09-02T18:39:12.2410722Z [287/626] [mobile-chrome-superadmin] › e2e/branch-context.spec.ts:49:9 › branch-context authorization helpers › Super Admin Semantics › auth_has_branch_membership() is true for branch in authorized org
Core Validation & E2E	Run Playwright Tests	2026-09-02T18:39:12.2558896Z [288/626] [mobile-chrome-superadmin] › e2e/branch-context.spec.ts:53:9 › branch-context authorization helpers › Super Admin Semantics › auth_has_branch_membership() is false for branch in unauthorized org
Core Validation & E2E	Run Playwright Tests	2026-09-02T18:39:12.2700485Z [289/626] [mobile-chrome-superadmin] › e2e/branch-context.spec.ts:57:9 › branch-context authorization helpers › Super Admin Semantics › auth_has_branch_role() is false unless an explicit real role assignment exists
Core Validation & E2E	Run Playwright Tests	2026-09-02T18:39:12.2853824Z [290/626] [mobile-chrome-superadmin] › e2e/branch-context.spec.ts:68:9 › branch-context authorization helpers › Branch Admin Semantics › branchadmin role is true for own branch
Core Validation & E2E	Run Playwright Tests	2026-09-02T18:39:12.3003852Z [291/626] [mobile-chrome-superadmin] › e2e/branch-context.spec.ts:72:9 › branch-context authorization helpers › Branch Admin Semantics › teacher role is false unless explicitly assigned
Core Validation & E2E	Run Playwright Tests	2026-09-02T18:39:12.3119596Z [292/626] [mobile-chrome-superadmin] › e2e/branch-context.spec.ts:76:9 › branch-context authorization helpers › Branch Admin Semantics › other branch is false
Core Validation & E2E	Run Playwright Tests	2026-09-02T18:39:12.3273046Z [293/626] [mobile-chrome-superadmin] › e2e/branch-context.spec.ts:80:9 › branch-context authorization helpers › Branch Admin Semantics › wrong org is false
Core Validation & E2E	Run Playwright Tests	2026-09-02T18:39:12.3408345Z [294/626] [mobile-chrome-superadmin] › e2e/branch-context.spec.ts:86:9 › branch-context authorization helpers › Teacher Semantics › teacher role is true in own branch
Core Validation & E2E	Run Playwright Tests	2026-09-02T18:39:12.3582974Z [295/626] [mobile-chrome-superadmin] › e2e/branch-context.spec.ts:90:9 › branch-context authorization helpers › Teacher Semantics › branchadmin role is false
Core Validation & E2E	Run Playwright Tests	2026-09-02T18:39:12.3731489Z [296/626] [mobile-chrome-superadmin] › e2e/branch-context.spec.ts:94:9 › branch-context authorization helpers › Teacher Semantics › other branch is false
Core Validation & E2E	Run Playwright Tests	2026-09-02T18:39:12.3890396Z [297/626] [mobile-chrome-superadmin] › e2e/branch-context.spec.ts:98:9 › branch-context authorization helpers › Teacher Semantics › wrong org is false
Core Validation & E2E	Run Playwright Tests	2026-09-02T18:39:12.4412281Z [298/626] [mobile-chrome-superadmin] › e2e/calendar.spec.ts:24:7 › Calendar UI › Teacher cannot mutate calendar events or operating days
Core Validation & E2E	Run Playwright Tests	2026-09-02T18:39:12.5167747Z [299/626] [mobile-chrome-superadmin] › e2e/calendar.spec.ts:79:9 › Calendar UI › Branch Admin Calendar Mutations › Branch Admin can manage operating days
Core Validation & E2E	Run Playwright Tests	2026-09-02T18:39:12.5980983Z [300/626] [mobile-chrome-superadmin] › e2e/calendar.spec.ts:128:9 › Calendar UI › Branch Admin Calendar Mutations › Branch Admin can create, edit, and archive calendar events
Core Validation & E2E	Run Playwright Tests	2026-09-02T18:39:12.7299017Z [301/626] [mobile-chrome-superadmin] › e2e/communication.spec.ts:5:7 › Communication End-to-End Workflows › Branch Admin can create an announcement and view it in Sent
Core Validation & E2E	Run Playwright Tests	2026-09-02T18:39:12.8170214Z [302/626] [mobile-chrome-superadmin] › e2e/communication.spec.ts:26:7 › Communication End-to-End Workflows › Teacher can create class announcement and branch-wide targeting is denied
Core Validation & E2E	Run Playwright Tests	2026-09-02T18:39:12.8308157Z [303/626] [mobile-chrome-superadmin] › e2e/communication.spec.ts:61:7 › Communication End-to-End Workflows › Recipient can view message in inbox
Core Validation & E2E	Run Playwright Tests	2026-09-02T18:39:12.8521294Z [304/626] [mobile-chrome-superadmin] › e2e/communication.spec.ts:163:7 › Communication End-to-End Workflows › Teacher rate limit enforces exactly 5 messages per day
Core Validation & E2E	Run Playwright Tests	2026-09-02T18:39:12.9013677Z [305/626] [mobile-chrome-superadmin] › e2e/homework.spec.ts:11:9 › Homework E2E - Phase 5 › Teacher Creation Flow › Teacher creates, saves draft, and publishes
Core Validation & E2E	Run Playwright Tests	2026-09-02T18:39:12.9285079Z [306/626] [mobile-chrome-superadmin] › e2e/homework.spec.ts:63:9 › Homework E2E - Phase 5 › Guardian View Flow › Guardian views homework but cannot submit
Core Validation & E2E	Run Playwright Tests	2026-09-02T18:39:12.9576373Z [307/626] [mobile-chrome-superadmin] › e2e/homework.spec.ts:86:9 › Homework E2E - Phase 5 › Unauthorized Access › Unauthorized access to creation page is blocked
Core Validation & E2E	Run Playwright Tests	2026-09-02T18:39:22.0046266Z [308/626] [mobile-chrome-superadmin] › e2e/proxy-security.spec.ts:8:7 › Proxy / Middleware Runtime Security › Unauthenticated user is redirected to /login
Core Validation & E2E	Run Playwright Tests	2026-09-02T18:39:22.0312525Z [309/626] [mobile-chrome-superadmin] › e2e/proxy-security.spec.ts:20:7 › Proxy / Middleware Runtime Security › Normal authenticated user is not incorrectly redirected
Core Validation & E2E	Run Playwright Tests	2026-09-02T18:39:22.0584358Z [310/626] [mobile-chrome-superadmin] › e2e/proxy-security.spec.ts:28:7 › Proxy / Middleware Runtime Security › Logout remains usable
Core Validation & E2E	Run Playwright Tests	2026-09-02T18:39:22.0853651Z [311/626] [mobile-chrome-superadmin] › e2e/proxy-security.spec.ts:45:9 › Proxy / Middleware Runtime Security › Password Reset Flow › User requiring password reset is redirected to /auth/update-password
Core Validation & E2E	Run Playwright Tests	2026-09-02T18:39:22.1463053Z [312/626] [mobile-chrome-superadmin] › e2e/scheduling.spec.ts:13:7 › Scheduling Management › Branch Admin can manage rooms, bell schedules, and periods
Core Validation & E2E	Run Playwright Tests	2026-09-02T18:39:22.1756099Z [313/626] [mobile-chrome-superadmin] › e2e/scheduling.spec.ts:99:7 › Scheduling Security - Teacher Role › Teacher cannot perform administrative mutations
Core Validation & E2E	Run Playwright Tests	2026-09-02T18:39:22.2071659Z [314/626] [mobile-chrome-superadmin] › e2e/scheduling.spec.ts:119:7 › Scheduling Security - Cross Branch › Cross-branch manipulation is rejected
Core Validation & E2E	Run Playwright Tests	2026-09-02T18:39:12.8230387Z [315/626] [mobile-chrome-superadmin] › e2e/storage.spec.ts:34:7 › Storage Runtime Authorization (Communication) › Teacher can upload attachment to their own draft and unauthorized users cannot read
Core Validation & E2E	Run Playwright Tests	2026-09-02T18:39:12.8912905Z [316/626] [mobile-chrome-superadmin] › e2e/students-security.spec.ts:17:7 › Students Page Authorization › Branch Admin can access /students for their own branch
Core Validation & E2E	Run Playwright Tests	2026-09-02T18:39:12.9728314Z [317/626] [mobile-chrome-superadmin] › e2e/students-security.spec.ts:35:7 › Students Page Authorization › Teacher can access /students in read-only mode
Core Validation & E2E	Run Playwright Tests	2026-09-02T18:39:13.0492297Z [318/626] [mobile-chrome-superadmin] › e2e/students-security.spec.ts:52:7 › Students Page Authorization › Students page rejects access with invalid branch context
Core Validation & E2E	Run Playwright Tests	2026-09-02T18:39:13.1215925Z [319/626] [mobile-chrome-superadmin] › e2e/students-security.spec.ts:67:7 › Students/New Page Authorization › Branch Admin can access /students/new for their branch
Core Validation & E2E	Run Playwright Tests	2026-09-02T18:39:13.1934758Z [320/626] [mobile-chrome-superadmin] › e2e/students-security.spec.ts:80:7 › Students/New Page Authorization › Teacher cannot access /students/new (read-only role)
Core Validation & E2E	Run Playwright Tests	2026-09-02T18:39:13.2638441Z [321/626] [mobile-chrome-superadmin] › e2e/students-security.spec.ts:91:7 › Students/New Page Authorization › Students/new page does not contain hardcoded branch/org IDs
Core Validation & E2E	Run Playwright Tests	2026-09-02T18:39:13.3317114Z [322/626] [mobile-chrome-superadmin] › e2e/students-security.spec.ts:104:7 › Students/New Page Authorization › Students/new rejects cross-branch access
Core Validation & E2E	Run Playwright Tests	2026-09-02T18:39:13.4069938Z [323/626] [mobile-chrome-superadmin] › e2e/students-security.spec.ts:119:7 › Students Detail Page Authorization › Student detail page enforces branch context
Core Validation & E2E	Run Playwright Tests	2026-09-02T18:39:13.4779913Z [324/626] [mobile-chrome-superadmin] › e2e/students-security.spec.ts:131:7 › Students Detail Page Authorization › Student detail page rejects cross-branch access
Core Validation & E2E	Run Playwright Tests	2026-09-02T18:39:13.5822032Z [325/626] [mobile-chrome-superadmin] › e2e/substitutions.spec.ts:33:7 › Substitutions Management › Branch Admin CRUD & Conflicts › should manage substitutions and handle conflicts
Core Validation & E2E	Run Playwright Tests	2026-09-02T18:39:13.6117135Z [326/626] [mobile-chrome-superadmin] › e2e/substitutions.spec.ts:281:9 › Substitutions Management › Teacher Roles › should view substitutions but cannot create
Core Validation & E2E	Run Playwright Tests	2026-09-02T18:39:13.6757552Z [327/626] [mobile-chrome-superadmin] › e2e/timetable.spec.ts:27:9 › Timetable Management › Branch Admin CRUD & Conflicts › should manage timetable entries and handle conflicts
Core Validation & E2E	Run Playwright Tests	2026-09-02T18:39:13.7041132Z [328/626] [mobile-chrome-superadmin] › e2e/timetable.spec.ts:168:9 › Timetable Management › Teacher Roles › should view timetable but cannot create entries
Core Validation & E2E	Run Playwright Tests	2026-09-02T18:39:16.2777267Z [329/626] [mobile-chrome-branchadmin] › e2e/academic-structure.spec.ts:6:7 › Academic Structure Role Tests › Teacher gets Access Denied when trying to create and sees branch identity without switching
Core Validation & E2E	Run Playwright Tests	2026-09-02T18:39:16.6233068Z [330/626] [mobile-chrome-branchadmin] › e2e/academic-structure.spec.ts:22:7 › Academic Structure Role Tests › Branch Admin can create, edit, and delete an Academic Year but cannot switch branch
Core Validation & E2E	Run Playwright Tests	2026-09-02T18:39:18.4230139Z [331/626] [mobile-chrome-branchadmin] › e2e/academic-structure.spec.ts:58:7 › Academic Structure Role Tests › Branch Admin attempting to access another branch resource is denied
Core Validation & E2E	Run Playwright Tests	2026-09-02T18:40:03.6251594Z [mobile-chrome-branchadmin] › e2e/academic-structure.spec.ts:58:7 › Academic Structure Role Tests › Branch Admin attempting to access another branch resource is denied
Core Validation & E2E	Run Playwright Tests	2026-09-02T18:40:03.6252738Z 
Core Validation & E2E	Run Playwright Tests	2026-09-02T18:40:03.6252749Z 
Core Validation & E2E	Run Playwright Tests	2026-09-02T18:40:03.6252992Z Connecting to local database...
Core Validation & E2E	Run Playwright Tests	2026-09-02T18:40:03.7419446Z [332/626] [mobile-chrome-branchadmin] › e2e/adversarial-security.spec.ts:38:9 › Adversarial Server-Boundary Security › Teacher Role Mutations › Teacher cannot mutate attendance for unauthorized branch
Core Validation & E2E	Run Playwright Tests	2026-09-02T18:40:03.7965537Z [333/626] [mobile-chrome-branchadmin] › e2e/adversarial-security.spec.ts:63:9 › Adversarial Server-Boundary Security › Teacher Role Mutations › Teacher cannot mutate homework for unauthorized branch
Core Validation & E2E	Run Playwright Tests	2026-09-02T18:40:03.8392272Z [334/626] [mobile-chrome-branchadmin] › e2e/adversarial-security.spec.ts:104:9 › Adversarial Server-Boundary Security › Teacher Role Mutations › Teacher cannot publish communication messages (admin-only)
Core Validation & E2E	Run Playwright Tests	2026-09-02T18:40:03.8816170Z [335/626] [mobile-chrome-branchadmin] › e2e/adversarial-security.spec.ts:131:9 › Adversarial Server-Boundary Security › Teacher Role Mutations › Teacher cannot mutate a locked attendance session directly via RPC
Core Validation & E2E	Run Playwright Tests	2026-09-02T18:40:03.9187469Z [336/626] [mobile-chrome-branchadmin] › e2e/adversarial-security.spec.ts:176:9 › Adversarial Server-Boundary Security › Guardian Role Mutations › Guardian cannot mutate attendance for their own child
Core Validation & E2E	Run Playwright Tests	2026-09-02T18:40:03.9854814Z [337/626] [mobile-chrome-branchadmin] › e2e/app-config.spec.ts:5:7 › App Config Admin Tests › Teacher gets Access Denied when trying to access app config
Core Validation & E2E	Run Playwright Tests	2026-09-02T18:40:04.0800197Z [338/626] [mobile-chrome-branchadmin] › e2e/app-config.spec.ts:15:7 › App Config Admin Tests › Branch Admin can view and edit their branch app config
Core Validation & E2E	Run Playwright Tests	2026-09-02T18:40:05.5066200Z [339/626] [mobile-chrome-branchadmin] › e2e/app-config.spec.ts:40:7 › App Config Admin Tests › Super Admin can view and edit app configs across branches
Core Validation & E2E	Run Playwright Tests	2026-09-02T18:40:05.6279940Z [340/626] [mobile-chrome-branchadmin] › e2e/attendance.spec.ts:11:9 › Attendance Management › Teacher Flow (chromium-teacher) › Teacher can mark, save, and lock attendance
Core Validation & E2E	Run Playwright Tests	2026-09-02T18:40:05.6601412Z [341/626] [mobile-chrome-branchadmin] › e2e/attendance.spec.ts:64:9 › Attendance Management › Teacher Flow (chromium-teacher) › Teacher cannot bypass authorization for another branch
Core Validation & E2E	Run Playwright Tests	2026-09-02T18:40:05.6898917Z [342/626] [mobile-chrome-branchadmin] › e2e/attendance.spec.ts:76:9 › Attendance Management › Branch Admin Flow (chromium-branchadmin) › Admin can mark, save, lock, publish, and correct attendance
Core Validation & E2E	Run Playwright Tests	2026-09-02T18:40:05.7193126Z [343/626] [mobile-chrome-branchadmin] › e2e/attendance.spec.ts:145:9 › Attendance Management › Guardian History Flow (chromium-guardian) › Guardian can view published absences
Core Validation & E2E	Run Playwright Tests	2026-09-02T18:40:05.7481269Z [344/626] [mobile-chrome-branchadmin] › e2e/attendance.spec.ts:155:9 › Attendance Management › Guardian History Flow (chromium-guardian) › Guardian cannot access attendance entry page
Core Validation & E2E	Run Playwright Tests	2026-09-02T18:40:05.8095634Z [345/626] [mobile-chrome-branchadmin] › e2e/auth-password-reset.spec.ts:7:7 › Temporary Credentials Enforcement › User with force_password_reset=true is redirected and can reset
Core Validation & E2E	Run Playwright Tests	2026-09-02T18:40:05.8790215Z [346/626] [mobile-chrome-branchadmin] › e2e/auth-password-reset.spec.ts:62:7 › Temporary Credentials Enforcement › Normal user without force_password_reset can login normally
Core Validation & E2E	Run Playwright Tests	2026-09-02T18:40:10.8495914Z [347/626] [mobile-chrome-branchadmin] › e2e/branch-context.spec.ts:39:9 › branch-context authorization helpers › Super Admin Semantics › auth_is_super_admin() is true
Core Validation & E2E	Run Playwright Tests	2026-09-02T18:40:10.8819500Z [348/626] [mobile-chrome-branchadmin] › e2e/branch-context.spec.ts:44:9 › branch-context authorization helpers › Super Admin Semantics › auth_has_org_access() is true for authorized org
Core Validation & E2E	Run Playwright Tests	2026-09-02T18:40:10.9002668Z [349/626] [mobile-chrome-branchadmin] › e2e/branch-context.spec.ts:49:9 › branch-context authorization helpers › Super Admin Semantics › auth_has_branch_membership() is true for branch in authorized org
Core Validation & E2E	Run Playwright Tests	2026-09-02T18:40:10.9167548Z [350/626] [mobile-chrome-branchadmin] › e2e/branch-context.spec.ts:53:9 › branch-context authorization helpers › Super Admin Semantics › auth_has_branch_membership() is false for branch in unauthorized org
Core Validation & E2E	Run Playwright Tests	2026-09-02T18:40:10.9334524Z [351/626] [mobile-chrome-branchadmin] › e2e/branch-context.spec.ts:57:9 › branch-context authorization helpers › Super Admin Semantics › auth_has_branch_role() is false unless an explicit real role assignment exists
Core Validation & E2E	Run Playwright Tests	2026-09-02T18:40:10.9528142Z [352/626] [mobile-chrome-branchadmin] › e2e/branch-context.spec.ts:68:9 › branch-context authorization helpers › Branch Admin Semantics › branchadmin role is true for own branch
Core Validation & E2E	Run Playwright Tests	2026-09-02T18:40:10.9828050Z [353/626] [mobile-chrome-branchadmin] › e2e/branch-context.spec.ts:72:9 › branch-context authorization helpers › Branch Admin Semantics › teacher role is false unless explicitly assigned
Core Validation & E2E	Run Playwright Tests	2026-09-02T18:40:10.9988224Z [354/626] [mobile-chrome-branchadmin] › e2e/branch-context.spec.ts:76:9 › branch-context authorization helpers › Branch Admin Semantics › other branch is false
Core Validation & E2E	Run Playwright Tests	2026-09-02T18:40:11.0171812Z [355/626] [mobile-chrome-branchadmin] › e2e/branch-context.spec.ts:80:9 › branch-context authorization helpers › Branch Admin Semantics › wrong org is false
Core Validation & E2E	Run Playwright Tests	2026-09-02T18:40:11.0372570Z [356/626] [mobile-chrome-branchadmin] › e2e/branch-context.spec.ts:86:9 › branch-context authorization helpers › Teacher Semantics › teacher role is true in own branch
Core Validation & E2E	Run Playwright Tests	2026-09-02T18:40:11.0518261Z [357/626] [mobile-chrome-branchadmin] › e2e/branch-context.spec.ts:90:9 › branch-context authorization helpers › Teacher Semantics › branchadmin role is false
Core Validation & E2E	Run Playwright Tests	2026-09-02T18:40:11.0748118Z [358/626] [mobile-chrome-branchadmin] › e2e/branch-context.spec.ts:94:9 › branch-context authorization helpers › Teacher Semantics › other branch is false
Core Validation & E2E	Run Playwright Tests	2026-09-02T18:40:11.0895416Z [359/626] [mobile-chrome-branchadmin] › e2e/branch-context.spec.ts:98:9 › branch-context authorization helpers › Teacher Semantics › wrong org is false
Core Validation & E2E	Run Playwright Tests	2026-09-02T18:40:11.1420341Z [360/626] [mobile-chrome-branchadmin] › e2e/calendar.spec.ts:24:7 › Calendar UI › Teacher cannot mutate calendar events or operating days
Core Validation & E2E	Run Playwright Tests	2026-09-02T18:40:11.2337272Z [361/626] [mobile-chrome-branchadmin] › e2e/calendar.spec.ts:79:9 › Calendar UI › Branch Admin Calendar Mutations › Branch Admin can manage operating days
Core Validation & E2E	Run Playwright Tests	2026-09-02T18:40:11.3345366Z [362/626] [mobile-chrome-branchadmin] › e2e/calendar.spec.ts:128:9 › Calendar UI › Branch Admin Calendar Mutations › Branch Admin can create, edit, and archive calendar events
Core Validation & E2E	Run Playwright Tests	2026-09-02T18:40:11.4771296Z [363/626] [mobile-chrome-branchadmin] › e2e/communication.spec.ts:5:7 › Communication End-to-End Workflows › Branch Admin can create an announcement and view it in Sent
Core Validation & E2E	Run Playwright Tests	2026-09-02T18:40:11.5562805Z [364/626] [mobile-chrome-branchadmin] › e2e/communication.spec.ts:26:7 › Communication End-to-End Workflows › Teacher can create class announcement and branch-wide targeting is denied
Core Validation & E2E	Run Playwright Tests	2026-09-02T18:40:11.5747514Z [365/626] [mobile-chrome-branchadmin] › e2e/communication.spec.ts:61:7 › Communication End-to-End Workflows › Recipient can view message in inbox
Core Validation & E2E	Run Playwright Tests	2026-09-02T18:40:11.5978329Z [366/626] [mobile-chrome-branchadmin] › e2e/communication.spec.ts:163:7 › Communication End-to-End Workflows › Teacher rate limit enforces exactly 5 messages per day
Core Validation & E2E	Run Playwright Tests	2026-09-02T18:40:11.6443533Z [367/626] [mobile-chrome-branchadmin] › e2e/homework.spec.ts:11:9 › Homework E2E - Phase 5 › Teacher Creation Flow › Teacher creates, saves draft, and publishes
Core Validation & E2E	Run Playwright Tests	2026-09-02T18:40:11.6724129Z [368/626] [mobile-chrome-branchadmin] › e2e/homework.spec.ts:63:9 › Homework E2E - Phase 5 › Guardian View Flow › Guardian views homework but cannot submit
Core Validation & E2E	Run Playwright Tests	2026-09-02T18:40:11.7038764Z [369/626] [mobile-chrome-branchadmin] › e2e/homework.spec.ts:86:9 › Homework E2E - Phase 5 › Unauthorized Access › Unauthorized access to creation page is blocked
Core Validation & E2E	Run Playwright Tests	2026-09-02T18:40:11.7781582Z [370/626] [mobile-chrome-branchadmin] › e2e/proxy-security.spec.ts:8:7 › Proxy / Middleware Runtime Security › Unauthenticated user is redirected to /login
Core Validation & E2E	Run Playwright Tests	2026-09-02T18:40:11.8051907Z [371/626] [mobile-chrome-branchadmin] › e2e/proxy-security.spec.ts:20:7 › Proxy / Middleware Runtime Security › Normal authenticated user is not incorrectly redirected
Core Validation & E2E	Run Playwright Tests	2026-09-02T18:40:11.8340271Z [372/626] [mobile-chrome-branchadmin] › e2e/proxy-security.spec.ts:28:7 › Proxy / Middleware Runtime Security › Logout remains usable
Core Validation & E2E	Run Playwright Tests	2026-09-02T18:40:11.8650538Z [373/626] [mobile-chrome-branchadmin] › e2e/proxy-security.spec.ts:45:9 › Proxy / Middleware Runtime Security › Password Reset Flow › User requiring password reset is redirected to /auth/update-password
Core Validation & E2E	Run Playwright Tests	2026-09-02T18:40:11.9282545Z [374/626] [mobile-chrome-branchadmin] › e2e/scheduling.spec.ts:13:7 › Scheduling Management › Branch Admin can manage rooms, bell schedules, and periods
Core Validation & E2E	Run Playwright Tests	2026-09-02T18:40:11.9580288Z [375/626] [mobile-chrome-branchadmin] › e2e/scheduling.spec.ts:99:7 › Scheduling Security - Teacher Role › Teacher cannot perform administrative mutations
Core Validation & E2E	Run Playwright Tests	2026-09-02T18:40:11.9870828Z [376/626] [mobile-chrome-branchadmin] › e2e/scheduling.spec.ts:119:7 › Scheduling Security - Cross Branch › Cross-branch manipulation is rejected
Core Validation & E2E	Run Playwright Tests	2026-09-02T18:40:12.0681156Z [377/626] [mobile-chrome-branchadmin] › e2e/storage.spec.ts:34:7 › Storage Runtime Authorization (Communication) › Teacher can upload attachment to their own draft and unauthorized users cannot read
Core Validation & E2E	Run Playwright Tests	2026-09-02T18:40:12.1307354Z [378/626] [mobile-chrome-branchadmin] › e2e/students-security.spec.ts:17:7 › Students Page Authorization › Branch Admin can access /students for their own branch
Core Validation & E2E	Run Playwright Tests	2026-09-02T18:40:12.6366749Z [379/626] [mobile-chrome-branchadmin] › e2e/students-security.spec.ts:35:7 › Students Page Authorization › Teacher can access /students in read-only mode
Core Validation & E2E	Run Playwright Tests	2026-09-02T18:40:12.7379437Z [380/626] [mobile-chrome-branchadmin] › e2e/students-security.spec.ts:52:7 › Students Page Authorization › Students page rejects access with invalid branch context
Core Validation & E2E	Run Playwright Tests	2026-09-02T18:40:22.1598566Z [381/626] [mobile-chrome-branchadmin] › e2e/students-security.spec.ts:67:7 › Students/New Page Authorization › Branch Admin can access /students/new for their branch
Core Validation & E2E	Run Playwright Tests	2026-09-02T18:40:13.1851810Z [382/626] [mobile-chrome-branchadmin] › e2e/students-security.spec.ts:80:7 › Students/New Page Authorization › Teacher cannot access /students/new (read-only role)
Core Validation & E2E	Run Playwright Tests	2026-09-02T18:40:13.2673300Z [383/626] [mobile-chrome-branchadmin] › e2e/students-security.spec.ts:91:7 › Students/New Page Authorization › Students/new page does not contain hardcoded branch/org IDs
Core Validation & E2E	Run Playwright Tests	2026-09-02T18:40:13.6913021Z [384/626] [mobile-chrome-branchadmin] › e2e/students-security.spec.ts:104:7 › Students/New Page Authorization › Students/new rejects cross-branch access
Core Validation & E2E	Run Playwright Tests	2026-09-02T18:40:14.1108407Z [385/626] [mobile-chrome-branchadmin] › e2e/students-security.spec.ts:119:7 › Students Detail Page Authorization › Student detail page enforces branch context
Core Validation & E2E	Run Playwright Tests	2026-09-02T18:40:14.5526803Z [386/626] [mobile-chrome-branchadmin] › e2e/students-security.spec.ts:131:7 › Students Detail Page Authorization › Student detail page rejects cross-branch access
Core Validation & E2E	Run Playwright Tests	2026-09-02T18:40:15.0010458Z [387/626] [mobile-chrome-branchadmin] › e2e/substitutions.spec.ts:33:7 › Substitutions Management › Branch Admin CRUD & Conflicts › should manage substitutions and handle conflicts
Core Validation & E2E	Run Playwright Tests	2026-09-02T18:40:15.0327172Z [388/626] [mobile-chrome-branchadmin] › e2e/substitutions.spec.ts:281:9 › Substitutions Management › Teacher Roles › should view substitutions but cannot create
Core Validation & E2E	Run Playwright Tests	2026-09-02T18:40:15.0961440Z [389/626] [mobile-chrome-branchadmin] › e2e/timetable.spec.ts:27:9 › Timetable Management › Branch Admin CRUD & Conflicts › should manage timetable entries and handle conflicts
Core Validation & E2E	Run Playwright Tests	2026-09-02T18:40:15.1220327Z [390/626] [mobile-chrome-branchadmin] › e2e/timetable.spec.ts:168:9 › Timetable Management › Teacher Roles › should view timetable but cannot create entries
Core Validation & E2E	Run Playwright Tests	2026-09-02T18:40:17.7802886Z [391/626] [mobile-chrome-teacher] › e2e/academic-structure.spec.ts:6:7 › Academic Structure Role Tests › Teacher gets Access Denied when trying to create and sees branch identity without switching
Core Validation & E2E	Run Playwright Tests	2026-09-02T18:40:25.2855316Z [392/626] (retries) [mobile-chrome-teacher] › e2e/academic-structure.spec.ts:6:7 › Academic Structure Role Tests › Teacher gets Access Denied when trying to create and sees branch identity without switching (retry #1)
Core Validation & E2E	Run Playwright Tests	2026-09-02T18:40:33.5201640Z [393/626] (retries) [mobile-chrome-teacher] › e2e/academic-structure.spec.ts:6:7 › Academic Structure Role Tests › Teacher gets Access Denied when trying to create and sees branch identity without switching (retry #2)
Core Validation & E2E	Run Playwright Tests	2026-09-02T18:40:38.8565187Z   7) [mobile-chrome-teacher] › e2e/academic-structure.spec.ts:6:7 › Academic Structure Role Tests › Teacher gets Access Denied when trying to create and sees branch identity without switching 
Core Validation & E2E	Run Playwright Tests	2026-09-02T18:40:38.8566811Z 
Core Validation & E2E	Run Playwright Tests	2026-09-02T18:40:38.8567551Z     Error: expect(locator).toBeVisible() failed
Core Validation & E2E	Run Playwright Tests	2026-09-02T18:40:38.8567954Z 
Core Validation & E2E	Run Playwright Tests	2026-09-02T18:40:38.8568454Z     Locator: locator('text=Test Branch')
Core Validation & E2E	Run Playwright Tests	2026-09-02T18:40:38.8569114Z     Expected: visible
Core Validation & E2E	Run Playwright Tests	2026-09-02T18:40:38.8575794Z     Timeout: 5000ms
Core Validation & E2E	Run Playwright Tests	2026-09-02T18:40:38.8576837Z     Error: element(s) not found
Core Validation & E2E	Run Playwright Tests	2026-09-02T18:40:38.8577037Z 
Core Validation & E2E	Run Playwright Tests	2026-09-02T18:40:38.8577125Z     Call log:
Core Validation & E2E	Run Playwright Tests	2026-09-02T18:40:38.8577415Z       - Expect "toBeVisible" with timeout 5000ms
Core Validation & E2E	Run Playwright Tests	2026-09-02T18:40:38.8578069Z       - waiting for locator('text=Test Branch')
Core Validation & E2E	Run Playwright Tests	2026-09-02T18:40:38.8578351Z 
Core Validation & E2E	Run Playwright Tests	2026-09-02T18:40:38.8578359Z 
Core Validation & E2E	Run Playwright Tests	2026-09-02T18:40:38.8578715Z       10 |     
Core Validation & E2E	Run Playwright Tests	2026-09-02T18:40:38.8579092Z       11 |     // Verify branch identity and no selector
Core Validation & E2E	Run Playwright Tests	2026-09-02T18:40:38.8580356Z     > 12 |     await expect(page.locator('text=Test Branch')).toBeVisible();
Core Validation & E2E	Run Playwright Tests	2026-09-02T18:40:38.8580905Z          |                                                    ^
Core Validation & E2E	Run Playwright Tests	2026-09-02T18:40:38.8581343Z       13 |     await expect(page.locator('select')).not.toBeVisible();
Core Validation & E2E	Run Playwright Tests	2026-09-02T18:40:38.8581713Z       14 |     
Core Validation & E2E	Run Playwright Tests	2026-09-02T18:40:38.8582138Z       15 |     await expect(page.getByRole('heading', { name: 'Academic Years' })).toBeVisible();
Core Validation & E2E	Run Playwright Tests	2026-09-02T18:40:38.8582863Z         at /mnt/c/Users/krish/actions-runner/_work/ERP-1/ERP-1/apps/web/e2e/academic-structure.spec.ts:12:52
Core Validation & E2E	Run Playwright Tests	2026-09-02T18:40:38.8583289Z 
Core Validation & E2E	Run Playwright Tests	2026-09-02T18:40:38.8584100Z     Error Context: test-results/academic-structure-Academi-5133d--identity-without-switching-mobile-chrome-teacher/error-context.md
Core Validation & E2E	Run Playwright Tests	2026-09-02T18:40:38.8584826Z 
Core Validation & E2E	Run Playwright Tests	2026-09-02T18:40:38.8586381Z     Retry #1 ───────────────────────────────────────────────────────────────────────────────────────
Core Validation & E2E	Run Playwright Tests	2026-09-02T18:40:38.8587202Z 
Core Validation & E2E	Run Playwright Tests	2026-09-02T18:40:38.8587644Z     Error: expect(locator).toBeVisible() failed
Core Validation & E2E	Run Playwright Tests	2026-09-02T18:40:38.8587921Z 
Core Validation & E2E	Run Playwright Tests	2026-09-02T18:40:38.8588082Z     Locator: locator('text=Test Branch')
Core Validation & E2E	Run Playwright Tests	2026-09-02T18:40:38.8588394Z     Expected: visible
Core Validation & E2E	Run Playwright Tests	2026-09-02T18:40:38.8588654Z     Timeout: 5000ms
Core Validation & E2E	Run Playwright Tests	2026-09-02T18:40:38.8593921Z     Error: element(s) not found
Core Validation & E2E	Run Playwright Tests	2026-09-02T18:40:38.8594256Z 
Core Validation & E2E	Run Playwright Tests	2026-09-02T18:40:38.8594366Z     Call log:
Core Validation & E2E	Run Playwright Tests	2026-09-02T18:40:38.8594999Z       - Expect "toBeVisible" with timeout 5000ms
Core Validation & E2E	Run Playwright Tests	2026-09-02T18:40:38.8595734Z       - waiting for locator('text=Test Branch')
Core Validation & E2E	Run Playwright Tests	2026-09-02T18:40:38.8596030Z 
Core Validation & E2E	Run Playwright Tests	2026-09-02T18:40:38.8596037Z 
Core Validation & E2E	Run Playwright Tests	2026-09-02T18:40:38.8596391Z       10 |     
Core Validation & E2E	Run Playwright Tests	2026-09-02T18:40:38.8596762Z       11 |     // Verify branch identity and no selector
Core Validation & E2E	Run Playwright Tests	2026-09-02T18:40:38.8597816Z     > 12 |     await expect(page.locator('text=Test Branch')).toBeVisible();
Core Validation & E2E	Run Playwright Tests	2026-09-02T18:40:38.8598318Z          |                                                    ^
Core Validation & E2E	Run Playwright Tests	2026-09-02T18:40:38.8599038Z       13 |     await expect(page.locator('select')).not.toBeVisible();
Core Validation & E2E	Run Playwright Tests	2026-09-02T18:40:38.8599463Z       14 |     
Core Validation & E2E	Run Playwright Tests	2026-09-02T18:40:38.8599925Z       15 |     await expect(page.getByRole('heading', { name: 'Academic Years' })).toBeVisible();
Core Validation & E2E	Run Playwright Tests	2026-09-02T18:40:38.8600663Z         at /mnt/c/Users/krish/actions-runner/_work/ERP-1/ERP-1/apps/web/e2e/academic-structure.spec.ts:12:52
Core Validation & E2E	Run Playwright Tests	2026-09-02T18:40:38.8601366Z 
Core Validation & E2E	Run Playwright Tests	2026-09-02T18:40:38.8602027Z     Error Context: test-results/academic-structure-Academi-5133d--identity-without-switching-mobile-chrome-teacher-retry1/error-context.md
Core Validation & E2E	Run Playwright Tests	2026-09-02T18:40:38.8602667Z 
Core Validation & E2E	Run Playwright Tests	2026-09-02T18:40:38.8603217Z     attachment #2: trace (application/zip) ─────────────────────────────────────────────────────────
Core Validation & E2E	Run Playwright Tests	2026-09-02T18:40:38.8604350Z     test-results/academic-structure-Academi-5133d--identity-without-switching-mobile-chrome-teacher-retry1/trace.zip
Core Validation & E2E	Run Playwright Tests	2026-09-02T18:40:38.8605557Z     Usage:
Core Validation & E2E	Run Playwright Tests	2026-09-02T18:40:38.8605698Z 
Core Validation & E2E	Run Playwright Tests	2026-09-02T18:40:38.8606596Z         npx playwright show-trace test-results/academic-structure-Academi-5133d--identity-without-switching-mobile-chrome-teacher-retry1/trace.zip
Core Validation & E2E	Run Playwright Tests	2026-09-02T18:40:38.8607304Z 
Core Validation & E2E	Run Playwright Tests	2026-09-02T18:40:38.8607743Z     ────────────────────────────────────────────────────────────────────────────────────────────────
Core Validation & E2E	Run Playwright Tests	2026-09-02T18:40:38.8608328Z 
Core Validation & E2E	Run Playwright Tests	2026-09-02T18:40:38.8609064Z     Retry #2 ───────────────────────────────────────────────────────────────────────────────────────
Core Validation & E2E	Run Playwright Tests	2026-09-02T18:40:38.8609405Z 
Core Validation & E2E	Run Playwright Tests	2026-09-02T18:40:38.8609569Z     Error: expect(locator).toBeVisible() failed
Core Validation & E2E	Run Playwright Tests	2026-09-02T18:40:38.8610074Z 
Core Validation & E2E	Run Playwright Tests	2026-09-02T18:40:38.8615416Z     Locator: locator('text=Test Branch')
Core Validation & E2E	Run Playwright Tests	2026-09-02T18:40:38.8615775Z     Expected: visible
Core Validation & E2E	Run Playwright Tests	2026-09-02T18:40:38.8617601Z     Timeout: 5000ms
Core Validation & E2E	Run Playwright Tests	2026-09-02T18:40:38.8617899Z     Error: element(s) not found
Core Validation & E2E	Run Playwright Tests	2026-09-02T18:40:38.8618076Z 
Core Validation & E2E	Run Playwright Tests	2026-09-02T18:40:38.8618162Z     Call log:
Core Validation & E2E	Run Playwright Tests	2026-09-02T18:40:38.8618802Z       - Expect "toBeVisible" with timeout 5000ms
Core Validation & E2E	Run Playwright Tests	2026-09-02T18:40:38.8619187Z       - waiting for locator('text=Test Branch')
Core Validation & E2E	Run Playwright Tests	2026-09-02T18:40:38.8619698Z 
Core Validation & E2E	Run Playwright Tests	2026-09-02T18:40:38.8619714Z 
Core Validation & E2E	Run Playwright Tests	2026-09-02T18:40:38.8619838Z       10 |     
Core Validation & E2E	Run Playwright Tests	2026-09-02T18:40:38.8620154Z       11 |     // Verify branch identity and no selector
Core Validation & E2E	Run Playwright Tests	2026-09-02T18:40:38.8620617Z     > 12 |     await expect(page.locator('text=Test Branch')).toBeVisible();
Core Validation & E2E	Run Playwright Tests	2026-09-02T18:40:38.8626164Z          |                                                    ^
Core Validation & E2E	Run Playwright Tests	2026-09-02T18:40:38.8626696Z       13 |     await expect(page.locator('select')).not.toBeVisible();
Core Validation & E2E	Run Playwright Tests	2026-09-02T18:40:38.8627067Z       14 |     
Core Validation & E2E	Run Playwright Tests	2026-09-02T18:40:38.8627507Z       15 |     await expect(page.getByRole('heading', { name: 'Academic Years' })).toBeVisible();
Core Validation & E2E	Run Playwright Tests	2026-09-02T18:40:38.8628594Z         at /mnt/c/Users/krish/actions-runner/_work/ERP-1/ERP-1/apps/web/e2e/academic-structure.spec.ts:12:52
Core Validation & E2E	Run Playwright Tests	2026-09-02T18:40:38.8629330Z 
Core Validation & E2E	Run Playwright Tests	2026-09-02T18:40:38.8629955Z     Error Context: test-results/academic-structure-Academi-5133d--identity-without-switching-mobile-chrome-teacher-retry2/error-context.md
Core Validation & E2E	Run Playwright Tests	2026-09-02T18:40:38.8630567Z 
Core Validation & E2E	Run Playwright Tests	2026-09-02T18:40:38.8630573Z 
Core Validation & E2E	Run Playwright Tests	2026-09-02T18:40:41.5942788Z [394/626] [mobile-chrome-teacher] › e2e/academic-structure.spec.ts:22:7 › Academic Structure Role Tests › Branch Admin can create, edit, and delete an Academic Year but cannot switch branch
Core Validation & E2E	Run Playwright Tests	2026-09-02T18:40:41.9703314Z [395/626] [mobile-chrome-teacher] › e2e/academic-structure.spec.ts:58:7 › Academic Structure Role Tests › Branch Admin attempting to access another branch resource is denied
Core Validation & E2E	Run Playwright Tests	2026-09-02T18:40:42.1047420Z [396/626] [mobile-chrome-teacher] › e2e/adversarial-security.spec.ts:38:9 › Adversarial Server-Boundary Security › Teacher Role Mutations › Teacher cannot mutate attendance for unauthorized branch
Core Validation & E2E	Run Playwright Tests	2026-09-02T18:40:42.2426118Z [397/626] [mobile-chrome-teacher] › e2e/adversarial-security.spec.ts:63:9 › Adversarial Server-Boundary Security › Teacher Role Mutations › Teacher cannot mutate homework for unauthorized branch
Core Validation & E2E	Run Playwright Tests	2026-09-02T18:40:42.4629405Z [398/626] [mobile-chrome-teacher] › e2e/adversarial-security.spec.ts:104:9 › Adversarial Server-Boundary Security › Teacher Role Mutations › Teacher cannot publish communication messages (admin-only)
Core Validation & E2E	Run Playwright Tests	2026-09-02T18:40:42.5169823Z [399/626] [mobile-chrome-teacher] › e2e/adversarial-security.spec.ts:131:9 › Adversarial Server-Boundary Security › Teacher Role Mutations › Teacher cannot mutate a locked attendance session directly via RPC
Core Validation & E2E	Run Playwright Tests	2026-09-02T18:40:42.6201401Z [400/626] [mobile-chrome-teacher] › e2e/adversarial-security.spec.ts:176:9 › Adversarial Server-Boundary Security › Guardian Role Mutations › Guardian cannot mutate attendance for their own child
Core Validation & E2E	Run Playwright Tests	2026-09-02T18:40:42.6900311Z [401/626] [mobile-chrome-teacher] › e2e/app-config.spec.ts:5:7 › App Config Admin Tests › Teacher gets Access Denied when trying to access app config
Core Validation & E2E	Run Playwright Tests	2026-09-02T18:40:49.7555640Z [402/626] (retries) [mobile-chrome-teacher] › e2e/app-config.spec.ts:5:7 › App Config Admin Tests › Teacher gets Access Denied when trying to access app config (retry #1)
Core Validation & E2E	Run Playwright Tests	2026-09-02T18:41:07.1758039Z [403/626] (retries) [mobile-chrome-teacher] › e2e/app-config.spec.ts:5:7 › App Config Admin Tests › Teacher gets Access Denied when trying to access app config (retry #2)
Core Validation & E2E	Run Playwright Tests	2026-09-02T18:41:02.9702576Z   8) [mobile-chrome-teacher] › e2e/app-config.spec.ts:5:7 › App Config Admin Tests › Teacher gets Access Denied when trying to access app config 
Core Validation & E2E	Run Playwright Tests	2026-09-02T18:41:02.9703897Z 
Core Validation & E2E	Run Playwright Tests	2026-09-02T18:41:02.9704217Z     Error: expect(locator).toBeVisible() failed
Core Validation & E2E	Run Playwright Tests	2026-09-02T18:41:02.9704613Z 
Core Validation & E2E	Run Playwright Tests	2026-09-02T18:41:02.9704869Z     Locator: locator('text=Access Denied')
Core Validation & E2E	Run Playwright Tests	2026-09-02T18:41:02.9705378Z     Expected: visible
Core Validation & E2E	Run Playwright Tests	2026-09-02T18:41:02.9705770Z     Timeout: 5000ms
Core Validation & E2E	Run Playwright Tests	2026-09-02T18:41:02.9706215Z     Error: element(s) not found
Core Validation & E2E	Run Playwright Tests	2026-09-02T18:41:02.9706508Z 
Core Validation & E2E	Run Playwright Tests	2026-09-02T18:41:02.9712341Z     Call log:
Core Validation & E2E	Run Playwright Tests	2026-09-02T18:41:02.9713324Z       - Expect "toBeVisible" with timeout 5000ms
Core Validation & E2E	Run Playwright Tests	2026-09-02T18:41:02.9714008Z       - waiting for locator('text=Access Denied')
Core Validation & E2E	Run Playwright Tests	2026-09-02T18:41:02.9714396Z 
Core Validation & E2E	Run Playwright Tests	2026-09-02T18:41:02.9714408Z 
Core Validation & E2E	Run Playwright Tests	2026-09-02T18:41:02.9714543Z        9 |     
Core Validation & E2E	Run Playwright Tests	2026-09-02T18:41:02.9714970Z       10 |     // Verify Access Denied
Core Validation & E2E	Run Playwright Tests	2026-09-02T18:41:02.9715709Z     > 11 |     await expect(page.locator('text=Access Denied')).toBeVisible();
Core Validation & E2E	Run Playwright Tests	2026-09-02T18:41:02.9716488Z          |                                                      ^
Core Validation & E2E	Run Playwright Tests	2026-09-02T18:41:02.9717459Z       12 |     await expect(page.locator('h1', { hasText: 'Branch App Configuration' })).not.toBeVisible();
Core Validation & E2E	Run Playwright Tests	2026-09-02T18:41:02.9740553Z       13 |   });
Core Validation & E2E	Run Playwright Tests	2026-09-02T18:41:02.9741204Z       14 |
Core Validation & E2E	Run Playwright Tests	2026-09-02T18:41:02.9742069Z         at /mnt/c/Users/krish/actions-runner/_work/ERP-1/ERP-1/apps/web/e2e/app-config.spec.ts:11:54
Core Validation & E2E	Run Playwright Tests	2026-09-02T18:41:02.9742836Z 
Core Validation & E2E	Run Playwright Tests	2026-09-02T18:41:02.9744141Z     Error Context: test-results/app-config-App-Config-Admi-2db5d-trying-to-access-app-config-mobile-chrome-teacher/error-context.md
Core Validation & E2E	Run Playwright Tests	2026-09-02T18:41:02.9745295Z 
Core Validation & E2E	Run Playwright Tests	2026-09-02T18:41:02.9746283Z     Retry #1 ───────────────────────────────────────────────────────────────────────────────────────
Core Validation & E2E	Run Playwright Tests	2026-09-02T18:41:02.9746871Z 
Core Validation & E2E	Run Playwright Tests	2026-09-02T18:41:02.9747210Z     Error: expect(locator).toBeVisible() failed
Core Validation & E2E	Run Playwright Tests	2026-09-02T18:41:02.9747594Z 
Core Validation & E2E	Run Playwright Tests	2026-09-02T18:41:02.9747843Z     Locator: locator('text=Access Denied')
Core Validation & E2E	Run Playwright Tests	2026-09-02T18:41:02.9748360Z     Expected: visible
Core Validation & E2E	Run Playwright Tests	2026-09-02T18:41:02.9748707Z     Timeout: 5000ms
Core Validation & E2E	Run Playwright Tests	2026-09-02T18:41:02.9749060Z     Error: element(s) not found
Core Validation & E2E	Run Playwright Tests	2026-09-02T18:41:02.9749342Z 
Core Validation & E2E	Run Playwright Tests	2026-09-02T18:41:02.9749478Z     Call log:
Core Validation & E2E	Run Playwright Tests	2026-09-02T18:41:02.9749880Z       - Expect "toBeVisible" with timeout 5000ms
Core Validation & E2E	Run Playwright Tests	2026-09-02T18:41:02.9750662Z       - waiting for locator('text=Access Denied')
Core Validation & E2E	Run Playwright Tests	2026-09-02T18:41:02.9751000Z 
Core Validation & E2E	Run Playwright Tests	2026-09-02T18:41:02.9751026Z 
Core Validation & E2E	Run Playwright Tests	2026-09-02T18:41:02.9751367Z        9 |     
Core Validation & E2E	Run Playwright Tests	2026-09-02T18:41:02.9751804Z       10 |     // Verify Access Denied
Core Validation & E2E	Run Playwright Tests	2026-09-02T18:41:02.9752464Z     > 11 |     await expect(page.locator('text=Access Denied')).toBeVisible();
Core Validation & E2E	Run Playwright Tests	2026-09-02T18:41:02.9753163Z          |                                                      ^
Core Validation & E2E	Run Playwright Tests	2026-09-02T18:41:02.9754012Z       12 |     await expect(page.locator('h1', { hasText: 'Branch App Configuration' })).not.toBeVisible();
Core Validation & E2E	Run Playwright Tests	2026-09-02T18:41:02.9754738Z       13 |   });
Core Validation & E2E	Run Playwright Tests	2026-09-02T18:41:02.9755042Z       14 |
Core Validation & E2E	Run Playwright Tests	2026-09-02T18:41:02.9755748Z         at /mnt/c/Users/krish/actions-runner/_work/ERP-1/ERP-1/apps/web/e2e/app-config.spec.ts:11:54
Core Validation & E2E	Run Playwright Tests	2026-09-02T18:41:02.9756336Z 
Core Validation & E2E	Run Playwright Tests	2026-09-02T18:41:02.9757329Z     Error Context: test-results/app-config-App-Config-Admi-2db5d-trying-to-access-app-config-mobile-chrome-teacher-retry1/error-context.md
Core Validation & E2E	Run Playwright Tests	2026-09-02T18:41:02.9758426Z 
Core Validation & E2E	Run Playwright Tests	2026-09-02T18:41:02.9759351Z     attachment #2: trace (application/zip) ─────────────────────────────────────────────────────────
Core Validation & E2E	Run Playwright Tests	2026-09-02T18:41:02.9767403Z     test-results/app-config-App-Config-Admi-2db5d-trying-to-access-app-config-mobile-chrome-teacher-retry1/trace.zip
Core Validation & E2E	Run Playwright Tests	2026-09-02T18:41:02.9768109Z     Usage:
Core Validation & E2E	Run Playwright Tests	2026-09-02T18:41:02.9768240Z 
Core Validation & E2E	Run Playwright Tests	2026-09-02T18:41:02.9768927Z         npx playwright show-trace test-results/app-config-App-Config-Admi-2db5d-trying-to-access-app-config-mobile-chrome-teacher-retry1/trace.zip
Core Validation & E2E	Run Playwright Tests	2026-09-02T18:41:02.9769610Z 
Core Validation & E2E	Run Playwright Tests	2026-09-02T18:41:02.9770140Z     ────────────────────────────────────────────────────────────────────────────────────────────────
Core Validation & E2E	Run Playwright Tests	2026-09-02T18:41:02.9770464Z 
Core Validation & E2E	Run Playwright Tests	2026-09-02T18:41:02.9770863Z     Retry #2 ───────────────────────────────────────────────────────────────────────────────────────
Core Validation & E2E	Run Playwright Tests	2026-09-02T18:41:02.9771195Z 
Core Validation & E2E	Run Playwright Tests	2026-09-02T18:41:02.9776400Z     Error: expect(locator).toBeVisible() failed
Core Validation & E2E	Run Playwright Tests	2026-09-02T18:41:02.9776689Z 
Core Validation & E2E	Run Playwright Tests	2026-09-02T18:41:02.9776851Z     Locator: locator('text=Access Denied')
Core Validation & E2E	Run Playwright Tests	2026-09-02T18:41:02.9777169Z     Expected: visible
Core Validation & E2E	Run Playwright Tests	2026-09-02T18:41:02.9777412Z     Timeout: 5000ms
Core Validation & E2E	Run Playwright Tests	2026-09-02T18:41:02.9777756Z     Error: element(s) not found
Core Validation & E2E	Run Playwright Tests	2026-09-02T18:41:02.9777938Z 
Core Validation & E2E	Run Playwright Tests	2026-09-02T18:41:02.9778026Z     Call log:
Core Validation & E2E	Run Playwright Tests	2026-09-02T18:41:02.9778379Z       - Expect "toBeVisible" with timeout 5000ms
Core Validation & E2E	Run Playwright Tests	2026-09-02T18:41:02.9778781Z       - waiting for locator('text=Access Denied')
Core Validation & E2E	Run Playwright Tests	2026-09-02T18:41:02.9779049Z 
Core Validation & E2E	Run Playwright Tests	2026-09-02T18:41:02.9779057Z 
Core Validation & E2E	Run Playwright Tests	2026-09-02T18:41:02.9779158Z        9 |     
Core Validation & E2E	Run Playwright Tests	2026-09-02T18:41:02.9779417Z       10 |     // Verify Access Denied
Core Validation & E2E	Run Playwright Tests	2026-09-02T18:41:02.9779860Z     > 11 |     await expect(page.locator('text=Access Denied')).toBeVisible();
Core Validation & E2E	Run Playwright Tests	2026-09-02T18:41:02.9780411Z          |                                                      ^
Core Validation & E2E	Run Playwright Tests	2026-09-02T18:41:02.9781014Z       12 |     await expect(page.locator('h1', { hasText: 'Branch App Configuration' })).not.toBeVisible();
Core Validation & E2E	Run Playwright Tests	2026-09-02T18:41:02.9781517Z       13 |   });
Core Validation & E2E	Run Playwright Tests	2026-09-02T18:41:02.9781731Z       14 |
Core Validation & E2E	Run Playwright Tests	2026-09-02T18:41:02.9782230Z         at /mnt/c/Users/krish/actions-runner/_work/ERP-1/ERP-1/apps/web/e2e/app-config.spec.ts:11:54
Core Validation & E2E	Run Playwright Tests	2026-09-02T18:41:02.9782668Z 
Core Validation & E2E	Run Playwright Tests	2026-09-02T18:41:02.9783843Z     Error Context: test-results/app-config-App-Config-Admi-2db5d-trying-to-access-app-config-mobile-chrome-teacher-retry2/error-context.md
Core Validation & E2E	Run Playwright Tests	2026-09-02T18:41:02.9784563Z 
Core Validation & E2E	Run Playwright Tests	2026-09-02T18:41:02.9784570Z 
Core Validation & E2E	Run Playwright Tests	2026-09-02T18:41:05.6714772Z [404/626] [mobile-chrome-teacher] › e2e/app-config.spec.ts:15:7 › App Config Admin Tests › Branch Admin can view and edit their branch app config
Core Validation & E2E	Run Playwright Tests	2026-09-02T18:41:06.0371639Z [405/626] [mobile-chrome-teacher] › e2e/app-config.spec.ts:40:7 › App Config Admin Tests › Super Admin can view and edit app configs across branches
Core Validation & E2E	Run Playwright Tests	2026-09-02T18:41:06.1762001Z [406/626] [mobile-chrome-teacher] › e2e/attendance.spec.ts:11:9 › Attendance Management › Teacher Flow (chromium-teacher) › Teacher can mark, save, and lock attendance
Core Validation & E2E	Run Playwright Tests	2026-09-02T18:41:06.2099179Z [407/626] [mobile-chrome-teacher] › e2e/attendance.spec.ts:64:9 › Attendance Management › Teacher Flow (chromium-teacher) › Teacher cannot bypass authorization for another branch
Core Validation & E2E	Run Playwright Tests	2026-09-02T18:41:06.2535787Z [408/626] [mobile-chrome-teacher] › e2e/attendance.spec.ts:76:9 › Attendance Management › Branch Admin Flow (chromium-branchadmin) › Admin can mark, save, lock, publish, and correct attendance
Core Validation & E2E	Run Playwright Tests	2026-09-02T18:41:06.2908890Z [409/626] [mobile-chrome-teacher] › e2e/attendance.spec.ts:145:9 › Attendance Management › Guardian History Flow (chromium-guardian) › Guardian can view published absences
Core Validation & E2E	Run Playwright Tests	2026-09-02T18:41:06.3278029Z [410/626] [mobile-chrome-teacher] › e2e/attendance.spec.ts:155:9 › Attendance Management › Guardian History Flow (chromium-guardian) › Guardian cannot access attendance entry page
Core Validation & E2E	Run Playwright Tests	2026-09-02T18:41:06.3899946Z [411/626] [mobile-chrome-teacher] › e2e/auth-password-reset.spec.ts:7:7 › Temporary Credentials Enforcement › User with force_password_reset=true is redirected and can reset
Core Validation & E2E	Run Playwright Tests	2026-09-02T18:41:06.4681879Z [412/626] [mobile-chrome-teacher] › e2e/auth-password-reset.spec.ts:62:7 › Temporary Credentials Enforcement › Normal user without force_password_reset can login normally
Core Validation & E2E	Run Playwright Tests	2026-09-02T18:41:11.6683918Z [413/626] [mobile-chrome-teacher] › e2e/branch-context.spec.ts:39:9 › branch-context authorization helpers › Super Admin Semantics › auth_is_super_admin() is true
Core Validation & E2E	Run Playwright Tests	2026-09-02T18:41:11.6832079Z [414/626] [mobile-chrome-teacher] › e2e/branch-context.spec.ts:44:9 › branch-context authorization helpers › Super Admin Semantics › auth_has_org_access() is true for authorized org
Core Validation & E2E	Run Playwright Tests	2026-09-02T18:41:11.7015924Z [415/626] [mobile-chrome-teacher] › e2e/branch-context.spec.ts:49:9 › branch-context authorization helpers › Super Admin Semantics › auth_has_branch_membership() is true for branch in authorized org
Core Validation & E2E	Run Playwright Tests	2026-09-02T18:41:11.7167946Z [416/626] [mobile-chrome-teacher] › e2e/branch-context.spec.ts:53:9 › branch-context authorization helpers › Super Admin Semantics › auth_has_branch_membership() is false for branch in unauthorized org
Core Validation & E2E	Run Playwright Tests	2026-09-02T18:41:11.7313793Z [417/626] [mobile-chrome-teacher] › e2e/branch-context.spec.ts:57:9 › branch-context authorization helpers › Super Admin Semantics › auth_has_branch_role() is false unless an explicit real role assignment exists
Core Validation & E2E	Run Playwright Tests	2026-09-02T18:41:11.7481077Z [418/626] [mobile-chrome-teacher] › e2e/branch-context.spec.ts:68:9 › branch-context authorization helpers › Branch Admin Semantics › branchadmin role is true for own branch
Core Validation & E2E	Run Playwright Tests	2026-09-02T18:41:11.7638005Z [419/626] [mobile-chrome-teacher] › e2e/branch-context.spec.ts:72:9 › branch-context authorization helpers › Branch Admin Semantics › teacher role is false unless explicitly assigned
Core Validation & E2E	Run Playwright Tests	2026-09-02T18:41:11.7797100Z [420/626] [mobile-chrome-teacher] › e2e/branch-context.spec.ts:76:9 › branch-context authorization helpers › Branch Admin Semantics › other branch is false
Core Validation & E2E	Run Playwright Tests	2026-09-02T18:41:11.7938604Z [421/626] [mobile-chrome-teacher] › e2e/branch-context.spec.ts:80:9 › branch-context authorization helpers › Branch Admin Semantics › wrong org is false
Core Validation & E2E	Run Playwright Tests	2026-09-02T18:41:11.8084723Z [422/626] [mobile-chrome-teacher] › e2e/branch-context.spec.ts:86:9 › branch-context authorization helpers › Teacher Semantics › teacher role is true in own branch
Core Validation & E2E	Run Playwright Tests	2026-09-02T18:41:11.8224253Z [423/626] [mobile-chrome-teacher] › e2e/branch-context.spec.ts:90:9 › branch-context authorization helpers › Teacher Semantics › branchadmin role is false
Core Validation & E2E	Run Playwright Tests	2026-09-02T18:41:11.8348192Z [424/626] [mobile-chrome-teacher] › e2e/branch-context.spec.ts:94:9 › branch-context authorization helpers › Teacher Semantics › other branch is false
Core Validation & E2E	Run Playwright Tests	2026-09-02T18:41:11.8492702Z [425/626] [mobile-chrome-teacher] › e2e/branch-context.spec.ts:98:9 › branch-context authorization helpers › Teacher Semantics › wrong org is false
Core Validation & E2E	Run Playwright Tests	2026-09-02T18:41:11.9076387Z [426/626] [mobile-chrome-teacher] › e2e/calendar.spec.ts:24:7 › Calendar UI › Teacher cannot mutate calendar events or operating days
Core Validation & E2E	Run Playwright Tests	2026-09-02T18:41:19.0325151Z [427/626] (retries) [mobile-chrome-teacher] › e2e/calendar.spec.ts:24:7 › Calendar UI › Teacher cannot mutate calendar events or operating days (retry #1)
Core Validation & E2E	Run Playwright Tests	2026-09-02T18:41:27.5840280Z [428/626] (retries) [mobile-chrome-teacher] › e2e/calendar.spec.ts:24:7 › Calendar UI › Teacher cannot mutate calendar events or operating days (retry #2)
Core Validation & E2E	Run Playwright Tests	2026-09-02T18:41:32.8748999Z   9) [mobile-chrome-teacher] › e2e/calendar.spec.ts:24:7 › Calendar UI › Teacher cannot mutate calendar events or operating days 
Core Validation & E2E	Run Playwright Tests	2026-09-02T18:41:32.8750046Z 
Core Validation & E2E	Run Playwright Tests	2026-09-02T18:41:32.8750440Z     Error: expect(locator).toBeVisible() failed
Core Validation & E2E	Run Playwright Tests	2026-09-02T18:41:32.8750758Z 
Core Validation & E2E	Run Playwright Tests	2026-09-02T18:41:32.8751201Z     Locator: getByRole('heading', { name: 'Academic Structure' })
Core Validation & E2E	Run Playwright Tests	2026-09-02T18:41:32.8751877Z     Expected: visible
Core Validation & E2E	Run Playwright Tests	2026-09-02T18:41:32.8752317Z     Timeout: 5000ms
Core Validation & E2E	Run Playwright Tests	2026-09-02T18:41:32.8752747Z     Error: element(s) not found
Core Validation & E2E	Run Playwright Tests	2026-09-02T18:41:32.8753036Z 
Core Validation & E2E	Run Playwright Tests	2026-09-02T18:41:32.8753211Z     Call log:
Core Validation & E2E	Run Playwright Tests	2026-09-02T18:41:32.8753609Z       - Expect "toBeVisible" with timeout 5000ms
Core Validation & E2E	Run Playwright Tests	2026-09-02T18:41:32.8754123Z       - waiting for getByRole('heading', { name: 'Academic Structure' })
Core Validation & E2E	Run Playwright Tests	2026-09-02T18:41:32.8754423Z 
Core Validation & E2E	Run Playwright Tests	2026-09-02T18:41:32.8754431Z 
Core Validation & E2E	Run Playwright Tests	2026-09-02T18:41:32.8754515Z       27 |
Core Validation & E2E	Run Playwright Tests	2026-09-02T18:41:32.8754874Z       28 |     await page.goto('/academic-structure/calendar');
Core Validation & E2E	Run Playwright Tests	2026-09-02T18:41:32.8755483Z     > 29 |     await expect(page.getByRole('heading', { name: 'Academic Structure' })).toBeVisible();
Core Validation & E2E	Run Playwright Tests	2026-09-02T18:41:32.8756652Z          |                                                                             ^
Core Validation & E2E	Run Playwright Tests	2026-09-02T18:41:32.8757535Z       30 |     await expect(page.getByRole('heading', { name: 'Operating Days' })).toBeVisible();
Core Validation & E2E	Run Playwright Tests	2026-09-02T18:41:32.8758001Z       31 |
Core Validation & E2E	Run Playwright Tests	2026-09-02T18:41:32.8758348Z       32 |     // Operating Days checkboxes are disabled for read-only roles
Core Validation & E2E	Run Playwright Tests	2026-09-02T18:41:32.8759221Z         at /mnt/c/Users/krish/actions-runner/_work/ERP-1/ERP-1/apps/web/e2e/calendar.spec.ts:29:77
Core Validation & E2E	Run Playwright Tests	2026-09-02T18:41:32.8759868Z 
Core Validation & E2E	Run Playwright Tests	2026-09-02T18:41:32.8768911Z     Error Context: test-results/calendar-Calendar-UI-Teach-494ef-ar-events-or-operating-days-mobile-chrome-teacher/error-context.md
Core Validation & E2E	Run Playwright Tests	2026-09-02T18:41:32.8770054Z 
Core Validation & E2E	Run Playwright Tests	2026-09-02T18:41:32.8771146Z     Retry #1 ───────────────────────────────────────────────────────────────────────────────────────
Core Validation & E2E	Run Playwright Tests	2026-09-02T18:41:32.8771838Z 
Core Validation & E2E	Run Playwright Tests	2026-09-02T18:41:32.8772158Z     Error: expect(locator).toBeVisible() failed
Core Validation & E2E	Run Playwright Tests	2026-09-02T18:41:32.8772563Z 
Core Validation & E2E	Run Playwright Tests	2026-09-02T18:41:32.8773486Z     Locator: getByRole('heading', { name: 'Academic Structure' })
Core Validation & E2E	Run Playwright Tests	2026-09-02T18:41:32.8774025Z     Expected: visible
Core Validation & E2E	Run Playwright Tests	2026-09-02T18:41:32.8774279Z     Timeout: 5000ms
Core Validation & E2E	Run Playwright Tests	2026-09-02T18:41:32.8774550Z     Error: element(s) not found
Core Validation & E2E	Run Playwright Tests	2026-09-02T18:41:32.8774730Z 
Core Validation & E2E	Run Playwright Tests	2026-09-02T18:41:32.8774817Z     Call log:
Core Validation & E2E	Run Playwright Tests	2026-09-02T18:41:32.8775107Z       - Expect "toBeVisible" with timeout 5000ms
Core Validation & E2E	Run Playwright Tests	2026-09-02T18:41:32.8775561Z       - waiting for getByRole('heading', { name: 'Academic Structure' })
Core Validation & E2E	Run Playwright Tests	2026-09-02T18:41:32.8775842Z 
Core Validation & E2E	Run Playwright Tests	2026-09-02T18:41:32.8775858Z 
Core Validation & E2E	Run Playwright Tests	2026-09-02T18:41:32.8775963Z       27 |
Core Validation & E2E	Run Playwright Tests	2026-09-02T18:41:32.8776277Z       28 |     await page.goto('/academic-structure/calendar');
Core Validation & E2E	Run Playwright Tests	2026-09-02T18:41:32.8776858Z     > 29 |     await expect(page.getByRole('heading', { name: 'Academic Structure' })).toBeVisible();
Core Validation & E2E	Run Playwright Tests	2026-09-02T18:41:32.8777722Z          |                                                                             ^
Core Validation & E2E	Run Playwright Tests	2026-09-02T18:41:32.8778790Z       30 |     await expect(page.getByRole('heading', { name: 'Operating Days' })).toBeVisible();
Core Validation & E2E	Run Playwright Tests	2026-09-02T18:41:32.8779569Z       31 |
Core Validation & E2E	Run Playwright Tests	2026-09-02T18:41:32.8780223Z       32 |     // Operating Days checkboxes are disabled for read-only roles
Core Validation & E2E	Run Playwright Tests	2026-09-02T18:41:32.8781437Z         at /mnt/c/Users/krish/actions-runner/_work/ERP-1/ERP-1/apps/web/e2e/calendar.spec.ts:29:77
Core Validation & E2E	Run Playwright Tests	2026-09-02T18:41:32.8782110Z 
Core Validation & E2E	Run Playwright Tests	2026-09-02T18:41:32.8782756Z     Error Context: test-results/calendar-Calendar-UI-Teach-494ef-ar-events-or-operating-days-mobile-chrome-teacher-retry1/error-context.md
Core Validation & E2E	Run Playwright Tests	2026-09-02T18:41:32.8783404Z 
Core Validation & E2E	Run Playwright Tests	2026-09-02T18:41:32.8784009Z     attachment #2: trace (application/zip) ─────────────────────────────────────────────────────────
Core Validation & E2E	Run Playwright Tests	2026-09-02T18:41:32.8786162Z     test-results/calendar-Calendar-UI-Teach-494ef-ar-events-or-operating-days-mobile-chrome-teacher-retry1/trace.zip
Core Validation & E2E	Run Playwright Tests	2026-09-02T18:41:32.8793353Z     Usage:
Core Validation & E2E	Run Playwright Tests	2026-09-02T18:41:32.8793563Z 
Core Validation & E2E	Run Playwright Tests	2026-09-02T18:41:32.8794246Z         npx playwright show-trace test-results/calendar-Calendar-UI-Teach-494ef-ar-events-or-operating-days-mobile-chrome-teacher-retry1/trace.zip
Core Validation & E2E	Run Playwright Tests	2026-09-02T18:41:32.8795423Z 
Core Validation & E2E	Run Playwright Tests	2026-09-02T18:41:32.8796281Z     ────────────────────────────────────────────────────────────────────────────────────────────────
Core Validation & E2E	Run Playwright Tests	2026-09-02T18:41:32.8796867Z 
Core Validation & E2E	Run Playwright Tests	2026-09-02T18:41:32.8797595Z     Retry #2 ───────────────────────────────────────────────────────────────────────────────────────
Core Validation & E2E	Run Playwright Tests	2026-09-02T18:41:32.8798173Z 
Core Validation & E2E	Run Playwright Tests	2026-09-02T18:41:32.8798469Z     Error: expect(locator).toBeVisible() failed
Core Validation & E2E	Run Playwright Tests	2026-09-02T18:41:32.8798857Z 
Core Validation & E2E	Run Playwright Tests	2026-09-02T18:41:32.8799194Z     Locator: getByRole('heading', { name: 'Academic Structure' })
Core Validation & E2E	Run Playwright Tests	2026-09-02T18:41:32.8799699Z     Expected: visible
Core Validation & E2E	Run Playwright Tests	2026-09-02T18:41:32.8799935Z     Timeout: 5000ms
Core Validation & E2E	Run Playwright Tests	2026-09-02T18:41:32.8800340Z     Error: element(s) not found
Core Validation & E2E	Run Playwright Tests	2026-09-02T18:41:32.8800566Z 
Core Validation & E2E	Run Playwright Tests	2026-09-02T18:41:32.8800726Z     Call log:
Core Validation & E2E	Run Playwright Tests	2026-09-02T18:41:32.8801511Z       - Expect "toBeVisible" with timeout 5000ms
Core Validation & E2E	Run Playwright Tests	2026-09-02T18:41:32.8802255Z       - waiting for getByRole('heading', { name: 'Academic Structure' })
Core Validation & E2E	Run Playwright Tests	2026-09-02T18:41:32.8802573Z 
Core Validation & E2E	Run Playwright Tests	2026-09-02T18:41:32.8802581Z 
Core Validation & E2E	Run Playwright Tests	2026-09-02T18:41:32.8802666Z       27 |
Core Validation & E2E	Run Playwright Tests	2026-09-02T18:41:32.8802994Z       28 |     await page.goto('/academic-structure/calendar');
Core Validation & E2E	Run Playwright Tests	2026-09-02T18:41:32.8804136Z     > 29 |     await expect(page.getByRole('heading', { name: 'Academic Structure' })).toBeVisible();
Core Validation & E2E	Run Playwright Tests	2026-09-02T18:41:32.8805911Z          |                                                                             ^
Core Validation & E2E	Run Playwright Tests	2026-09-02T18:41:32.8806628Z       30 |     await expect(page.getByRole('heading', { name: 'Operating Days' })).toBeVisible();
Core Validation & E2E	Run Playwright Tests	2026-09-02T18:41:32.8813773Z       31 |
Core Validation & E2E	Run Playwright Tests	2026-09-02T18:41:32.8814386Z       32 |     // Operating Days checkboxes are disabled for read-only roles
Core Validation & E2E	Run Playwright Tests	2026-09-02T18:41:32.8815411Z         at /mnt/c/Users/krish/actions-runner/_work/ERP-1/ERP-1/apps/web/e2e/calendar.spec.ts:29:77
Core Validation & E2E	Run Playwright Tests	2026-09-02T18:41:32.8816039Z 
Core Validation & E2E	Run Playwright Tests	2026-09-02T18:41:32.8817067Z     Error Context: test-results/calendar-Calendar-UI-Teach-494ef-ar-events-or-operating-days-mobile-chrome-teacher-retry2/error-context.md
Core Validation & E2E	Run Playwright Tests	2026-09-02T18:41:32.8818205Z 
Core Validation & E2E	Run Playwright Tests	2026-09-02T18:41:32.8818228Z 
Core Validation & E2E	Run Playwright Tests	2026-09-02T18:41:35.0850292Z [429/626] [mobile-chrome-teacher] › e2e/calendar.spec.ts:79:9 › Calendar UI › Branch Admin Calendar Mutations › Branch Admin can manage operating days
Core Validation & E2E	Run Playwright Tests	2026-09-02T18:41:35.4559076Z [430/626] [mobile-chrome-teacher] › e2e/calendar.spec.ts:128:9 › Calendar UI › Branch Admin Calendar Mutations › Branch Admin can create, edit, and archive calendar events
Core Validation & E2E	Run Playwright Tests	2026-09-02T18:41:37.3104297Z [431/626] [mobile-chrome-teacher] › e2e/communication.spec.ts:5:7 › Communication End-to-End Workflows › Branch Admin can create an announcement and view it in Sent
Core Validation & E2E	Run Playwright Tests	2026-09-02T18:41:37.3936603Z [432/626] [mobile-chrome-teacher] › e2e/communication.spec.ts:26:7 › Communication End-to-End Workflows › Teacher can create class announcement and branch-wide targeting is denied
Core Validation & E2E	Run Playwright Tests	2026-09-02T18:41:37.4180320Z [433/626] [mobile-chrome-teacher] › e2e/communication.spec.ts:61:7 › Communication End-to-End Workflows › Recipient can view message in inbox
Core Validation & E2E	Run Playwright Tests	2026-09-02T18:41:37.4483121Z [434/626] [mobile-chrome-teacher] › e2e/communication.spec.ts:163:7 › Communication End-to-End Workflows › Teacher rate limit enforces exactly 5 messages per day
Core Validation & E2E	Run Playwright Tests	2026-09-02T18:41:37.4953010Z [435/626] [mobile-chrome-teacher] › e2e/homework.spec.ts:11:9 › Homework E2E - Phase 5 › Teacher Creation Flow › Teacher creates, saves draft, and publishes
Core Validation & E2E	Run Playwright Tests	2026-09-02T18:41:37.5226755Z [436/626] [mobile-chrome-teacher] › e2e/homework.spec.ts:63:9 › Homework E2E - Phase 5 › Guardian View Flow › Guardian views homework but cannot submit
Core Validation & E2E	Run Playwright Tests	2026-09-02T18:41:37.5513375Z [437/626] [mobile-chrome-teacher] › e2e/homework.spec.ts:86:9 › Homework E2E - Phase 5 › Unauthorized Access › Unauthorized access to creation page is blocked
Core Validation & E2E	Run Playwright Tests	2026-09-02T18:41:37.6132178Z [438/626] [mobile-chrome-teacher] › e2e/proxy-security.spec.ts:8:7 › Proxy / Middleware Runtime Security › Unauthenticated user is redirected to /login
Core Validation & E2E	Run Playwright Tests	2026-09-02T18:41:37.6422227Z [439/626] [mobile-chrome-teacher] › e2e/proxy-security.spec.ts:20:7 › Proxy / Middleware Runtime Security › Normal authenticated user is not incorrectly redirected
Core Validation & E2E	Run Playwright Tests	2026-09-02T18:41:37.6688268Z [440/626] [mobile-chrome-teacher] › e2e/proxy-security.spec.ts:28:7 › Proxy / Middleware Runtime Security › Logout remains usable
Core Validation & E2E	Run Playwright Tests	2026-09-02T18:41:37.6957451Z [441/626] [mobile-chrome-teacher] › e2e/proxy-security.spec.ts:45:9 › Proxy / Middleware Runtime Security › Password Reset Flow › User requiring password reset is redirected to /auth/update-password
Core Validation & E2E	Run Playwright Tests	2026-09-02T18:41:37.7542012Z [442/626] [mobile-chrome-teacher] › e2e/scheduling.spec.ts:13:7 › Scheduling Management › Branch Admin can manage rooms, bell schedules, and periods
Core Validation & E2E	Run Playwright Tests	2026-09-02T18:41:37.7851006Z [443/626] [mobile-chrome-teacher] › e2e/scheduling.spec.ts:99:7 › Scheduling Security - Teacher Role › Teacher cannot perform administrative mutations
Core Validation & E2E	Run Playwright Tests	2026-09-02T18:41:37.8147176Z [444/626] [mobile-chrome-teacher] › e2e/scheduling.spec.ts:119:7 › Scheduling Security - Cross Branch › Cross-branch manipulation is rejected
Core Validation & E2E	Run Playwright Tests	2026-09-02T18:41:37.8742563Z [445/626] [mobile-chrome-teacher] › e2e/storage.spec.ts:34:7 › Storage Runtime Authorization (Communication) › Teacher can upload attachment to their own draft and unauthorized users cannot read
Core Validation & E2E	Run Playwright Tests	2026-09-02T18:41:37.9389445Z [446/626] [mobile-chrome-teacher] › e2e/students-security.spec.ts:17:7 › Students Page Authorization › Branch Admin can access /students for their own branch
Core Validation & E2E	Run Playwright Tests	2026-09-02T18:41:38.0091228Z [447/626] [mobile-chrome-teacher] › e2e/students-security.spec.ts:35:7 › Students Page Authorization › Teacher can access /students in read-only mode
Core Validation & E2E	Run Playwright Tests	2026-09-02T18:41:45.0824606Z [448/626] (retries) [mobile-chrome-teacher] › e2e/students-security.spec.ts:35:7 › Students Page Authorization › Teacher can access /students in read-only mode (retry #1)
Core Validation & E2E	Run Playwright Tests	2026-09-02T18:42:02.4172271Z [449/626] (retries) [mobile-chrome-teacher] › e2e/students-security.spec.ts:35:7 › Students Page Authorization › Teacher can access /students in read-only mode (retry #2)
Core Validation & E2E	Run Playwright Tests	2026-09-02T18:41:58.2448125Z   10) [mobile-chrome-teacher] › e2e/students-security.spec.ts:35:7 › Students Page Authorization › Teacher can access /students in read-only mode 
Core Validation & E2E	Run Playwright Tests	2026-09-02T18:41:58.2448893Z 
Core Validation & E2E	Run Playwright Tests	2026-09-02T18:41:58.2449062Z     Error: expect(locator).toBeVisible() failed
Core Validation & E2E	Run Playwright Tests	2026-09-02T18:41:58.2449280Z 
Core Validation & E2E	Run Playwright Tests	2026-09-02T18:41:58.2449426Z     Locator: locator('h1:has-text("Students")')
Core Validation & E2E	Run Playwright Tests	2026-09-02T18:41:58.2449712Z     Expected: visible
Core Validation & E2E	Run Playwright Tests	2026-09-02T18:41:58.2450363Z     Timeout: 5000ms
Core Validation & E2E	Run Playwright Tests	2026-09-02T18:41:58.2450865Z     Error: element(s) not found
Core Validation & E2E	Run Playwright Tests	2026-09-02T18:41:58.2451107Z 
Core Validation & E2E	Run Playwright Tests	2026-09-02T18:41:58.2451249Z     Call log:
Core Validation & E2E	Run Playwright Tests	2026-09-02T18:41:58.2451725Z       - Expect "toBeVisible" with timeout 5000ms
Core Validation & E2E	Run Playwright Tests	2026-09-02T18:41:58.2452306Z       - waiting for locator('h1:has-text("Students")')
Core Validation & E2E	Run Playwright Tests	2026-09-02T18:41:58.2452650Z 
Core Validation & E2E	Run Playwright Tests	2026-09-02T18:41:58.2452660Z 
Core Validation & E2E	Run Playwright Tests	2026-09-02T18:41:58.2452787Z       41 |
Core Validation & E2E	Run Playwright Tests	2026-09-02T18:41:58.2453184Z       42 |     // Page should render successfully
Core Validation & E2E	Run Playwright Tests	2026-09-02T18:41:58.2453826Z     > 43 |     await expect(page.locator('h1:has-text("Students")')).toBeVisible();
Core Validation & E2E	Run Playwright Tests	2026-09-02T18:41:58.2454493Z          |                                                           ^
Core Validation & E2E	Run Playwright Tests	2026-09-02T18:41:58.2454902Z       44 |
Core Validation & E2E	Run Playwright Tests	2026-09-02T18:41:58.2455347Z       45 |     // Teacher should NOT see the "Add Student" link (read-only)
Core Validation & E2E	Run Playwright Tests	2026-09-02T18:41:58.2456103Z       46 |     await expect(page.locator('a:has-text("Add Student")')).not.toBeVisible();
Core Validation & E2E	Run Playwright Tests	2026-09-02T18:41:58.2457091Z         at /mnt/c/Users/krish/actions-runner/_work/ERP-1/ERP-1/apps/web/e2e/students-security.spec.ts:43:59
Core Validation & E2E	Run Playwright Tests	2026-09-02T18:41:58.2457671Z 
Core Validation & E2E	Run Playwright Tests	2026-09-02T18:41:58.2458494Z     Error Context: test-results/students-security-Students-c93cf--students-in-read-only-mode-mobile-chrome-teacher/error-context.md
Core Validation & E2E	Run Playwright Tests	2026-09-02T18:41:58.2459382Z 
Core Validation & E2E	Run Playwright Tests	2026-09-02T18:41:58.2460221Z     Retry #1 ───────────────────────────────────────────────────────────────────────────────────────
Core Validation & E2E	Run Playwright Tests	2026-09-02T18:41:58.2467425Z 
Core Validation & E2E	Run Playwright Tests	2026-09-02T18:41:58.2467752Z     Error: expect(locator).toBeVisible() failed
Core Validation & E2E	Run Playwright Tests	2026-09-02T18:41:58.2468184Z 
Core Validation & E2E	Run Playwright Tests	2026-09-02T18:41:58.2468477Z     Locator: locator('h1:has-text("Students")')
Core Validation & E2E	Run Playwright Tests	2026-09-02T18:41:58.2469067Z     Expected: visible
Core Validation & E2E	Run Playwright Tests	2026-09-02T18:41:58.2469537Z     Timeout: 5000ms
Core Validation & E2E	Run Playwright Tests	2026-09-02T18:41:58.2470057Z     Error: element(s) not found
Core Validation & E2E	Run Playwright Tests	2026-09-02T18:41:58.2470352Z 
Core Validation & E2E	Run Playwright Tests	2026-09-02T18:41:58.2470454Z     Call log:
Core Validation & E2E	Run Playwright Tests	2026-09-02T18:41:58.2470853Z       - Expect "toBeVisible" with timeout 5000ms
Core Validation & E2E	Run Playwright Tests	2026-09-02T18:41:58.2471664Z       - waiting for locator('h1:has-text("Students")')
Core Validation & E2E	Run Playwright Tests	2026-09-02T18:41:58.2472138Z 
Core Validation & E2E	Run Playwright Tests	2026-09-02T18:41:58.2472155Z 
Core Validation & E2E	Run Playwright Tests	2026-09-02T18:41:58.2472301Z       41 |
Core Validation & E2E	Run Playwright Tests	2026-09-02T18:41:58.2472790Z       42 |     // Page should render successfully
Core Validation & E2E	Run Playwright Tests	2026-09-02T18:41:58.2479417Z     > 43 |     await expect(page.locator('h1:has-text("Students")')).toBeVisible();
Core Validation & E2E	Run Playwright Tests	2026-09-02T18:41:58.2480337Z          |                                                           ^
Core Validation & E2E	Run Playwright Tests	2026-09-02T18:41:58.2480708Z       44 |
Core Validation & E2E	Run Playwright Tests	2026-09-02T18:41:58.2481045Z       45 |     // Teacher should NOT see the "Add Student" link (read-only)
Core Validation & E2E	Run Playwright Tests	2026-09-02T18:41:58.2481597Z       46 |     await expect(page.locator('a:has-text("Add Student")')).not.toBeVisible();
Core Validation & E2E	Run Playwright Tests	2026-09-02T18:41:58.2482272Z         at /mnt/c/Users/krish/actions-runner/_work/ERP-1/ERP-1/apps/web/e2e/students-security.spec.ts:43:59
Core Validation & E2E	Run Playwright Tests	2026-09-02T18:41:58.2482661Z 
Core Validation & E2E	Run Playwright Tests	2026-09-02T18:41:58.2483231Z     Error Context: test-results/students-security-Students-c93cf--students-in-read-only-mode-mobile-chrome-teacher-retry1/error-context.md
Core Validation & E2E	Run Playwright Tests	2026-09-02T18:41:58.2484005Z 
Core Validation & E2E	Run Playwright Tests	2026-09-02T18:41:58.2484708Z     attachment #2: trace (application/zip) ─────────────────────────────────────────────────────────
Core Validation & E2E	Run Playwright Tests	2026-09-02T18:41:58.2485558Z     test-results/students-security-Students-c93cf--students-in-read-only-mode-mobile-chrome-teacher-retry1/trace.zip
Core Validation & E2E	Run Playwright Tests	2026-09-02T18:41:58.2486648Z     Usage:
Core Validation & E2E	Run Playwright Tests	2026-09-02T18:41:58.2486861Z 
Core Validation & E2E	Run Playwright Tests	2026-09-02T18:41:58.2487831Z         npx playwright show-trace test-results/students-security-Students-c93cf--students-in-read-only-mode-mobile-chrome-teacher-retry1/trace.zip
Core Validation & E2E	Run Playwright Tests	2026-09-02T18:41:58.2488831Z 
Core Validation & E2E	Run Playwright Tests	2026-09-02T18:41:58.2489247Z     ────────────────────────────────────────────────────────────────────────────────────────────────
Core Validation & E2E	Run Playwright Tests	2026-09-02T18:41:58.2489546Z 
Core Validation & E2E	Run Playwright Tests	2026-09-02T18:41:58.2489894Z     Retry #2 ───────────────────────────────────────────────────────────────────────────────────────
Core Validation & E2E	Run Playwright Tests	2026-09-02T18:41:58.2490180Z 
Core Validation & E2E	Run Playwright Tests	2026-09-02T18:41:58.2490329Z     Error: expect(locator).toBeVisible() failed
Core Validation & E2E	Run Playwright Tests	2026-09-02T18:41:58.2490549Z 
Core Validation & E2E	Run Playwright Tests	2026-09-02T18:41:58.2490695Z     Locator: locator('h1:has-text("Students")')
Core Validation & E2E	Run Playwright Tests	2026-09-02T18:41:58.2490974Z     Expected: visible
Core Validation & E2E	Run Playwright Tests	2026-09-02T18:41:58.2491186Z     Timeout: 5000ms
Core Validation & E2E	Run Playwright Tests	2026-09-02T18:41:58.2491431Z     Error: element(s) not found
Core Validation & E2E	Run Playwright Tests	2026-09-02T18:41:58.2491591Z 
Core Validation & E2E	Run Playwright Tests	2026-09-02T18:41:58.2491960Z     Call log:
Core Validation & E2E	Run Playwright Tests	2026-09-02T18:41:58.2492307Z       - Expect "toBeVisible" with timeout 5000ms
Core Validation & E2E	Run Playwright Tests	2026-09-02T18:41:58.2492723Z       - waiting for locator('h1:has-text("Students")')
Core Validation & E2E	Run Playwright Tests	2026-09-02T18:41:58.2498100Z 
Core Validation & E2E	Run Playwright Tests	2026-09-02T18:41:58.2498109Z 
Core Validation & E2E	Run Playwright Tests	2026-09-02T18:41:58.2498219Z       41 |
Core Validation & E2E	Run Playwright Tests	2026-09-02T18:41:58.2498488Z       42 |     // Page should render successfully
Core Validation & E2E	Run Playwright Tests	2026-09-02T18:41:58.2498947Z     > 43 |     await expect(page.locator('h1:has-text("Students")')).toBeVisible();
Core Validation & E2E	Run Playwright Tests	2026-09-02T18:41:58.2499455Z          |                                                           ^
Core Validation & E2E	Run Playwright Tests	2026-09-02T18:41:58.2499804Z       44 |
Core Validation & E2E	Run Playwright Tests	2026-09-02T18:41:58.2500178Z       45 |     // Teacher should NOT see the "Add Student" link (read-only)
Core Validation & E2E	Run Playwright Tests	2026-09-02T18:41:58.2500832Z       46 |     await expect(page.locator('a:has-text("Add Student")')).not.toBeVisible();
Core Validation & E2E	Run Playwright Tests	2026-09-02T18:41:58.2501659Z         at /mnt/c/Users/krish/actions-runner/_work/ERP-1/ERP-1/apps/web/e2e/students-security.spec.ts:43:59
Core Validation & E2E	Run Playwright Tests	2026-09-02T18:41:58.2502162Z 
Core Validation & E2E	Run Playwright Tests	2026-09-02T18:41:58.2502867Z     Error Context: test-results/students-security-Students-c93cf--students-in-read-only-mode-mobile-chrome-teacher-retry2/error-context.md
Core Validation & E2E	Run Playwright Tests	2026-09-02T18:41:58.2503600Z 
Core Validation & E2E	Run Playwright Tests	2026-09-02T18:41:58.2503614Z 
Core Validation & E2E	Run Playwright Tests	2026-09-02T18:42:01.2526507Z [450/626] [mobile-chrome-teacher] › e2e/students-security.spec.ts:52:7 › Students Page Authorization › Students page rejects access with invalid branch context
Core Validation & E2E	Run Playwright Tests	2026-09-02T18:42:01.6239879Z [451/626] [mobile-chrome-teacher] › e2e/students-security.spec.ts:67:7 › Students/New Page Authorization › Branch Admin can access /students/new for their branch
Core Validation & E2E	Run Playwright Tests	2026-09-02T18:42:01.7293375Z [452/626] [mobile-chrome-teacher] › e2e/students-security.spec.ts:80:7 › Students/New Page Authorization › Teacher cannot access /students/new (read-only role)
Core Validation & E2E	Run Playwright Tests	2026-09-02T18:42:09.1120810Z [453/626] (retries) [mobile-chrome-teacher] › e2e/students-security.spec.ts:80:7 › Students/New Page Authorization › Teacher cannot access /students/new (read-only role) (retry #1)
Core Validation & E2E	Run Playwright Tests	2026-09-02T18:42:17.3421214Z [454/626] (retries) [mobile-chrome-teacher] › e2e/students-security.spec.ts:80:7 › Students/New Page Authorization › Teacher cannot access /students/new (read-only role) (retry #2)
Core Validation & E2E	Run Playwright Tests	2026-09-02T18:42:22.7381115Z   11) [mobile-chrome-teacher] › e2e/students-security.spec.ts:80:7 › Students/New Page Authorization › Teacher cannot access /students/new (read-only role) 
Core Validation & E2E	Run Playwright Tests	2026-09-02T18:42:22.7382834Z 
Core Validation & E2E	Run Playwright Tests	2026-09-02T18:42:22.7383190Z     Error: expect(locator).toBeVisible() failed
Core Validation & E2E	Run Playwright Tests	2026-09-02T18:42:22.7383614Z 
Core Validation & E2E	Run Playwright Tests	2026-09-02T18:42:22.7383949Z     Locator: locator('text=Insufficient Permissions')
Core Validation & E2E	Run Playwright Tests	2026-09-02T18:42:22.7384564Z     Expected: visible
Core Validation & E2E	Run Playwright Tests	2026-09-02T18:42:22.7385122Z     Timeout: 5000ms
Core Validation & E2E	Run Playwright Tests	2026-09-02T18:42:22.7385609Z     Error: element(s) not found
Core Validation & E2E	Run Playwright Tests	2026-09-02T18:42:22.7385936Z 
Core Validation & E2E	Run Playwright Tests	2026-09-02T18:42:22.7386172Z     Call log:
Core Validation & E2E	Run Playwright Tests	2026-09-02T18:42:22.7386662Z       - Expect "toBeVisible" with timeout 5000ms
Core Validation & E2E	Run Playwright Tests	2026-09-02T18:42:22.7387529Z       - waiting for locator('text=Insufficient Permissions')
Core Validation & E2E	Run Playwright Tests	2026-09-02T18:42:22.7388113Z 
Core Validation & E2E	Run Playwright Tests	2026-09-02T18:42:22.7388133Z 
Core Validation & E2E	Run Playwright Tests	2026-09-02T18:42:22.7388317Z       86 |
Core Validation & E2E	Run Playwright Tests	2026-09-02T18:42:22.7388870Z       87 |     // Should show insufficient permissions
Core Validation & E2E	Run Playwright Tests	2026-09-02T18:42:22.7390140Z     > 88 |     await expect(page.locator('text=Insufficient Permissions')).toBeVisible();
Core Validation & E2E	Run Playwright Tests	2026-09-02T18:42:22.7391182Z          |                                                                 ^
Core Validation & E2E	Run Playwright Tests	2026-09-02T18:42:22.7392103Z       89 |   });
Core Validation & E2E	Run Playwright Tests	2026-09-02T18:42:22.7392710Z       90 |
Core Validation & E2E	Run Playwright Tests	2026-09-02T18:42:22.7393627Z       91 |   test('Students/new page does not contain hardcoded branch/org IDs', async ({ page }) => {
Core Validation & E2E	Run Playwright Tests	2026-09-02T18:42:22.7395314Z         at /mnt/c/Users/krish/actions-runner/_work/ERP-1/ERP-1/apps/web/e2e/students-security.spec.ts:88:65
Core Validation & E2E	Run Playwright Tests	2026-09-02T18:42:22.7396139Z 
Core Validation & E2E	Run Playwright Tests	2026-09-02T18:42:22.7397267Z     Error Context: test-results/students-security-Students-0e584-tudents-new-read-only-role--mobile-chrome-teacher/error-context.md
Core Validation & E2E	Run Playwright Tests	2026-09-02T18:42:22.7398488Z 
Core Validation & E2E	Run Playwright Tests	2026-09-02T18:42:22.7399603Z     Retry #1 ───────────────────────────────────────────────────────────────────────────────────────
Core Validation & E2E	Run Playwright Tests	2026-09-02T18:42:22.7400347Z 
Core Validation & E2E	Run Playwright Tests	2026-09-02T18:42:22.7400675Z     Error: expect(locator).toBeVisible() failed
Core Validation & E2E	Run Playwright Tests	2026-09-02T18:42:22.7846901Z 
Core Validation & E2E	Run Playwright Tests	2026-09-02T18:42:22.7847471Z     Locator: locator('text=Insufficient Permissions')
Core Validation & E2E	Run Playwright Tests	2026-09-02T18:42:22.7848273Z     Expected: visible
Core Validation & E2E	Run Playwright Tests	2026-09-02T18:42:22.7848874Z     Timeout: 5000ms
Core Validation & E2E	Run Playwright Tests	2026-09-02T18:42:22.7850185Z     Error: element(s) not found
Core Validation & E2E	Run Playwright Tests	2026-09-02T18:42:22.7850634Z 
Core Validation & E2E	Run Playwright Tests	2026-09-02T18:42:22.7850843Z     Call log:
Core Validation & E2E	Run Playwright Tests	2026-09-02T18:42:22.7851412Z       - Expect "toBeVisible" with timeout 5000ms
Core Validation & E2E	Run Playwright Tests	2026-09-02T18:42:22.7852272Z       - waiting for locator('text=Insufficient Permissions')
Core Validation & E2E	Run Playwright Tests	2026-09-02T18:42:22.7853062Z 
Core Validation & E2E	Run Playwright Tests	2026-09-02T18:42:22.7853087Z 
Core Validation & E2E	Run Playwright Tests	2026-09-02T18:42:22.7853297Z       86 |
Core Validation & E2E	Run Playwright Tests	2026-09-02T18:42:22.7853880Z       87 |     // Should show insufficient permissions
Core Validation & E2E	Run Playwright Tests	2026-09-02T18:42:22.7854945Z     > 88 |     await expect(page.locator('text=Insufficient Permissions')).toBeVisible();
Core Validation & E2E	Run Playwright Tests	2026-09-02T18:42:22.7856061Z          |                                                                 ^
Core Validation & E2E	Run Playwright Tests	2026-09-02T18:42:22.7856669Z       89 |   });
Core Validation & E2E	Run Playwright Tests	2026-09-02T18:42:22.7857055Z       90 |
Core Validation & E2E	Run Playwright Tests	2026-09-02T18:42:22.7857941Z       91 |   test('Students/new page does not contain hardcoded branch/org IDs', async ({ page }) => {
Core Validation & E2E	Run Playwright Tests	2026-09-02T18:42:22.7859404Z         at /mnt/c/Users/krish/actions-runner/_work/ERP-1/ERP-1/apps/web/e2e/students-security.spec.ts:88:65
Core Validation & E2E	Run Playwright Tests	2026-09-02T18:42:22.7860209Z 
Core Validation & E2E	Run Playwright Tests	2026-09-02T18:42:22.7861321Z     Error Context: test-results/students-security-Students-0e584-tudents-new-read-only-role--mobile-chrome-teacher-retry1/error-context.md
Core Validation & E2E	Run Playwright Tests	2026-09-02T18:42:22.7862501Z 
Core Validation & E2E	Run Playwright Tests	2026-09-02T18:42:22.7863789Z     attachment #2: trace (application/zip) ─────────────────────────────────────────────────────────
Core Validation & E2E	Run Playwright Tests	2026-09-02T18:42:22.7865665Z     test-results/students-security-Students-0e584-tudents-new-read-only-role--mobile-chrome-teacher-retry1/trace.zip
Core Validation & E2E	Run Playwright Tests	2026-09-02T18:42:22.7983027Z     Usage:
Core Validation & E2E	Run Playwright Tests	2026-09-02T18:42:22.7983302Z 
Core Validation & E2E	Run Playwright Tests	2026-09-02T18:42:22.7984675Z         npx playwright show-trace test-results/students-security-Students-0e584-tudents-new-read-only-role--mobile-chrome-teacher-retry1/trace.zip
Core Validation & E2E	Run Playwright Tests	2026-09-02T18:42:22.7986106Z 
Core Validation & E2E	Run Playwright Tests	2026-09-02T18:42:22.7987225Z     ────────────────────────────────────────────────────────────────────────────────────────────────
Core Validation & E2E	Run Playwright Tests	2026-09-02T18:42:22.7987851Z 
Core Validation & E2E	Run Playwright Tests	2026-09-02T18:42:22.7988668Z     Retry #2 ───────────────────────────────────────────────────────────────────────────────────────
Core Validation & E2E	Run Playwright Tests	2026-09-02T18:42:22.7989319Z 
Core Validation & E2E	Run Playwright Tests	2026-09-02T18:42:22.7989632Z     Error: expect(locator).toBeVisible() failed
Core Validation & E2E	Run Playwright Tests	2026-09-02T18:42:22.7990075Z 
Core Validation & E2E	Run Playwright Tests	2026-09-02T18:42:22.7990426Z     Locator: locator('text=Insufficient Permissions')
Core Validation & E2E	Run Playwright Tests	2026-09-02T18:42:22.7991081Z     Expected: visible
Core Validation & E2E	Run Playwright Tests	2026-09-02T18:42:22.7991546Z     Timeout: 5000ms
Core Validation & E2E	Run Playwright Tests	2026-09-02T18:42:22.7992049Z     Error: element(s) not found
Core Validation & E2E	Run Playwright Tests	2026-09-02T18:42:22.7992362Z 
Core Validation & E2E	Run Playwright Tests	2026-09-02T18:42:22.7992523Z     Call log:
Core Validation & E2E	Run Playwright Tests	2026-09-02T18:42:22.7993180Z       - Expect "toBeVisible" with timeout 5000ms
Core Validation & E2E	Run Playwright Tests	2026-09-02T18:42:22.7993938Z       - waiting for locator('text=Insufficient Permissions')
Core Validation & E2E	Run Playwright Tests	2026-09-02T18:42:22.7994402Z 
Core Validation & E2E	Run Playwright Tests	2026-09-02T18:42:22.7994412Z 
Core Validation & E2E	Run Playwright Tests	2026-09-02T18:42:22.7994565Z       86 |
Core Validation & E2E	Run Playwright Tests	2026-09-02T18:42:22.8200905Z       87 |     // Should show insufficient permissions
Core Validation & E2E	Run Playwright Tests	2026-09-02T18:42:22.8202234Z     > 88 |     await expect(page.locator('text=Insufficient Permissions')).toBeVisible();
Core Validation & E2E	Run Playwright Tests	2026-09-02T18:42:22.8203658Z          |                                                                 ^
Core Validation & E2E	Run Playwright Tests	2026-09-02T18:42:22.8204535Z       89 |   });
Core Validation & E2E	Run Playwright Tests	2026-09-02T18:42:22.8205109Z       90 |
Core Validation & E2E	Run Playwright Tests	2026-09-02T18:42:22.8246093Z       91 |   test('Students/new page does not contain hardcoded branch/org IDs', async ({ page }) => {
Core Validation & E2E	Run Playwright Tests	2026-09-02T18:42:22.8248131Z         at /mnt/c/Users/krish/actions-runner/_work/ERP-1/ERP-1/apps/web/e2e/students-security.spec.ts:88:65
Core Validation & E2E	Run Playwright Tests	2026-09-02T18:42:22.8250025Z 
Core Validation & E2E	Run Playwright Tests	2026-09-02T18:42:22.8251695Z     Error Context: test-results/students-security-Students-0e584-tudents-new-read-only-role--mobile-chrome-teacher-retry2/error-context.md
Core Validation & E2E	Run Playwright Tests	2026-09-02T18:42:22.8253164Z 
Core Validation & E2E	Run Playwright Tests	2026-09-02T18:42:22.8253185Z 
Core Validation & E2E	Run Playwright Tests	2026-09-02T18:42:25.7080104Z [455/626] [mobile-chrome-teacher] › e2e/students-security.spec.ts:91:7 › Students/New Page Authorization › Students/new page does not contain hardcoded branch/org IDs
Core Validation & E2E	Run Playwright Tests	2026-09-02T18:42:26.1444316Z [456/626] [mobile-chrome-teacher] › e2e/students-security.spec.ts:104:7 › Students/New Page Authorization › Students/new rejects cross-branch access
Core Validation & E2E	Run Playwright Tests	2026-09-02T18:42:26.2760584Z [457/626] [mobile-chrome-teacher] › e2e/students-security.spec.ts:119:7 › Students Detail Page Authorization › Student detail page enforces branch context
Core Validation & E2E	Run Playwright Tests	2026-09-02T18:42:26.3714680Z [458/626] [mobile-chrome-teacher] › e2e/students-security.spec.ts:131:7 › Students Detail Page Authorization › Student detail page rejects cross-branch access
Core Validation & E2E	Run Playwright Tests	2026-09-02T18:42:26.5290665Z [459/626] [mobile-chrome-teacher] › e2e/substitutions.spec.ts:33:7 › Substitutions Management › Branch Admin CRUD & Conflicts › should manage substitutions and handle conflicts
Core Validation & E2E	Run Playwright Tests	2026-09-02T18:42:26.5818719Z [460/626] [mobile-chrome-teacher] › e2e/substitutions.spec.ts:281:9 › Substitutions Management › Teacher Roles › should view substitutions but cannot create
Core Validation & E2E	Run Playwright Tests	2026-09-02T18:42:26.6560591Z [461/626] [mobile-chrome-teacher] › e2e/timetable.spec.ts:27:9 › Timetable Management › Branch Admin CRUD & Conflicts › should manage timetable entries and handle conflicts
Core Validation & E2E	Run Playwright Tests	2026-09-02T18:42:26.7022206Z [462/626] [mobile-chrome-teacher] › e2e/timetable.spec.ts:168:9 › Timetable Management › Teacher Roles › should view timetable but cannot create entries
Core Validation & E2E	Run Playwright Tests	2026-09-02T18:42:29.1357325Z [463/626] [webkit-superadmin] › e2e/academic-structure.spec.ts:6:7 › Academic Structure Role Tests › Teacher gets Access Denied when trying to create and sees branch identity without switching
Core Validation & E2E	Run Playwright Tests	2026-09-02T18:42:30.8594747Z [464/626] [webkit-superadmin] › e2e/academic-structure.spec.ts:22:7 › Academic Structure Role Tests › Branch Admin can create, edit, and delete an Academic Year but cannot switch branch
Core Validation & E2E	Run Playwright Tests	2026-09-02T18:42:31.4978087Z [465/626] [webkit-superadmin] › e2e/academic-structure.spec.ts:58:7 › Academic Structure Role Tests › Branch Admin attempting to access another branch resource is denied
Core Validation & E2E	Run Playwright Tests	2026-09-02T18:42:32.1030656Z [466/626] [webkit-superadmin] › e2e/adversarial-security.spec.ts:38:9 › Adversarial Server-Boundary Security › Teacher Role Mutations › Teacher cannot mutate attendance for unauthorized branch
Core Validation & E2E	Run Playwright Tests	2026-09-02T18:42:32.1501807Z [467/626] [webkit-superadmin] › e2e/adversarial-security.spec.ts:63:9 › Adversarial Server-Boundary Security › Teacher Role Mutations › Teacher cannot mutate homework for unauthorized branch
Core Validation & E2E	Run Playwright Tests	2026-09-02T18:42:32.1922307Z [468/626] [webkit-superadmin] › e2e/adversarial-security.spec.ts:104:9 › Adversarial Server-Boundary Security › Teacher Role Mutations › Teacher cannot publish communication messages (admin-only)
Core Validation & E2E	Run Playwright Tests	2026-09-02T18:42:32.2300692Z [469/626] [webkit-superadmin] › e2e/adversarial-security.spec.ts:131:9 › Adversarial Server-Boundary Security › Teacher Role Mutations › Teacher cannot mutate a locked attendance session directly via RPC
Core Validation & E2E	Run Playwright Tests	2026-09-02T18:42:32.2696323Z [470/626] [webkit-superadmin] › e2e/adversarial-security.spec.ts:176:9 › Adversarial Server-Boundary Security › Guardian Role Mutations › Guardian cannot mutate attendance for their own child
Core Validation & E2E	Run Playwright Tests	2026-09-02T18:42:32.3509595Z [471/626] [webkit-superadmin] › e2e/app-config.spec.ts:5:7 › App Config Admin Tests › Teacher gets Access Denied when trying to access app config
Core Validation & E2E	Run Playwright Tests	2026-09-02T18:42:32.8143111Z [472/626] [webkit-superadmin] › e2e/app-config.spec.ts:15:7 › App Config Admin Tests › Branch Admin can view and edit their branch app config
Core Validation & E2E	Run Playwright Tests	2026-09-02T18:42:33.2603647Z [473/626] [webkit-superadmin] › e2e/app-config.spec.ts:40:7 › App Config Admin Tests › Super Admin can view and edit app configs across branches
Core Validation & E2E	Run Playwright Tests	2026-09-02T18:42:34.9834170Z [474/626] [webkit-superadmin] › e2e/attendance.spec.ts:11:9 › Attendance Management › Teacher Flow (chromium-teacher) › Teacher can mark, save, and lock attendance
Core Validation & E2E	Run Playwright Tests	2026-09-02T18:42:35.0295267Z [475/626] [webkit-superadmin] › e2e/attendance.spec.ts:64:9 › Attendance Management › Teacher Flow (chromium-teacher) › Teacher cannot bypass authorization for another branch
Core Validation & E2E	Run Playwright Tests	2026-09-02T18:42:35.0627891Z [476/626] [webkit-superadmin] › e2e/attendance.spec.ts:76:9 › Attendance Management › Branch Admin Flow (chromium-branchadmin) › Admin can mark, save, lock, publish, and correct attendance
Core Validation & E2E	Run Playwright Tests	2026-09-02T18:42:35.0994317Z [477/626] [webkit-superadmin] › e2e/attendance.spec.ts:145:9 › Attendance Management › Guardian History Flow (chromium-guardian) › Guardian can view published absences
Core Validation & E2E	Run Playwright Tests	2026-09-02T18:42:35.1332601Z [478/626] [webkit-superadmin] › e2e/attendance.spec.ts:155:9 › Attendance Management › Guardian History Flow (chromium-guardian) › Guardian cannot access attendance entry page
Core Validation & E2E	Run Playwright Tests	2026-09-02T18:42:35.2187737Z [479/626] [webkit-superadmin] › e2e/auth-password-reset.spec.ts:7:7 › Temporary Credentials Enforcement › User with force_password_reset=true is redirected and can reset
Core Validation & E2E	Run Playwright Tests	2026-09-02T18:42:35.6258395Z [480/626] [webkit-superadmin] › e2e/auth-password-reset.spec.ts:62:7 › Temporary Credentials Enforcement › Normal user without force_password_reset can login normally
Core Validation & E2E	Run Playwright Tests	2026-09-02T18:42:41.6678371Z [481/626] [webkit-superadmin] › e2e/branch-context.spec.ts:39:9 › branch-context authorization helpers › Super Admin Semantics › auth_is_super_admin() is true
Core Validation & E2E	Run Playwright Tests	2026-09-02T18:42:41.6982367Z [482/626] [webkit-superadmin] › e2e/branch-context.spec.ts:44:9 › branch-context authorization helpers › Super Admin Semantics › auth_has_org_access() is true for authorized org
Core Validation & E2E	Run Playwright Tests	2026-09-02T18:42:41.7316709Z [483/626] [webkit-superadmin] › e2e/branch-context.spec.ts:49:9 › branch-context authorization helpers › Super Admin Semantics › auth_has_branch_membership() is true for branch in authorized org
Core Validation & E2E	Run Playwright Tests	2026-09-02T18:42:41.7684677Z [484/626] [webkit-superadmin] › e2e/branch-context.spec.ts:53:9 › branch-context authorization helpers › Super Admin Semantics › auth_has_branch_membership() is false for branch in unauthorized org
Core Validation & E2E	Run Playwright Tests	2026-09-02T18:42:41.7946363Z [485/626] [webkit-superadmin] › e2e/branch-context.spec.ts:57:9 › branch-context authorization helpers › Super Admin Semantics › auth_has_branch_role() is false unless an explicit real role assignment exists
Core Validation & E2E	Run Playwright Tests	2026-09-02T18:42:41.8240389Z [486/626] [webkit-superadmin] › e2e/branch-context.spec.ts:68:9 › branch-context authorization helpers › Branch Admin Semantics › branchadmin role is true for own branch
Core Validation & E2E	Run Playwright Tests	2026-09-02T18:42:41.8459061Z [487/626] [webkit-superadmin] › e2e/branch-context.spec.ts:72:9 › branch-context authorization helpers › Branch Admin Semantics › teacher role is false unless explicitly assigned
Core Validation & E2E	Run Playwright Tests	2026-09-02T18:42:41.8707583Z [488/626] [webkit-superadmin] › e2e/branch-context.spec.ts:76:9 › branch-context authorization helpers › Branch Admin Semantics › other branch is false
Core Validation & E2E	Run Playwright Tests	2026-09-02T18:42:41.9088502Z [489/626] [webkit-superadmin] › e2e/branch-context.spec.ts:80:9 › branch-context authorization helpers › Branch Admin Semantics › wrong org is false
Core Validation & E2E	Run Playwright Tests	2026-09-02T18:42:41.9308348Z [490/626] [webkit-superadmin] › e2e/branch-context.spec.ts:86:9 › branch-context authorization helpers › Teacher Semantics › teacher role is true in own branch
Core Validation & E2E	Run Playwright Tests	2026-09-02T18:42:41.9523936Z [491/626] [webkit-superadmin] › e2e/branch-context.spec.ts:90:9 › branch-context authorization helpers › Teacher Semantics › branchadmin role is false
Core Validation & E2E	Run Playwright Tests	2026-09-02T18:42:41.9775932Z [492/626] [webkit-superadmin] › e2e/branch-context.spec.ts:94:9 › branch-context authorization helpers › Teacher Semantics › other branch is false
Core Validation & E2E	Run Playwright Tests	2026-09-02T18:42:42.0014176Z [493/626] [webkit-superadmin] › e2e/branch-context.spec.ts:98:9 › branch-context authorization helpers › Teacher Semantics › wrong org is false
Core Validation & E2E	Run Playwright Tests	2026-09-02T18:42:42.0744103Z [494/626] [webkit-superadmin] › e2e/calendar.spec.ts:24:7 › Calendar UI › Teacher cannot mutate calendar events or operating days
Core Validation & E2E	Run Playwright Tests	2026-09-02T18:42:42.6662896Z [495/626] [webkit-superadmin] › e2e/calendar.spec.ts:79:9 › Calendar UI › Branch Admin Calendar Mutations › Branch Admin can manage operating days
Core Validation & E2E	Run Playwright Tests	2026-09-02T18:42:52.3546871Z [496/626] [webkit-superadmin] › e2e/calendar.spec.ts:128:9 › Calendar UI › Branch Admin Calendar Mutations › Branch Admin can create, edit, and archive calendar events
Core Validation & E2E	Run Playwright Tests	2026-09-02T18:42:43.2835198Z [497/626] [webkit-superadmin] › e2e/communication.spec.ts:5:7 › Communication End-to-End Workflows › Branch Admin can create an announcement and view it in Sent
Core Validation & E2E	Run Playwright Tests	2026-09-02T18:42:43.7391171Z [498/626] [webkit-superadmin] › e2e/communication.spec.ts:26:7 › Communication End-to-End Workflows › Teacher can create class announcement and branch-wide targeting is denied
Core Validation & E2E	Run Playwright Tests	2026-09-02T18:42:43.7601144Z [499/626] [webkit-superadmin] › e2e/communication.spec.ts:61:7 › Communication End-to-End Workflows › Recipient can view message in inbox
Core Validation & E2E	Run Playwright Tests	2026-09-02T18:42:43.7909388Z [500/626] [webkit-superadmin] › e2e/communication.spec.ts:163:7 › Communication End-to-End Workflows › Teacher rate limit enforces exactly 5 messages per day
Core Validation & E2E	Run Playwright Tests	2026-09-02T18:42:43.8378108Z [501/626] [webkit-superadmin] › e2e/homework.spec.ts:11:9 › Homework E2E - Phase 5 › Teacher Creation Flow › Teacher creates, saves draft, and publishes
Core Validation & E2E	Run Playwright Tests	2026-09-02T18:42:43.8642005Z [502/626] [webkit-superadmin] › e2e/homework.spec.ts:63:9 › Homework E2E - Phase 5 › Guardian View Flow › Guardian views homework but cannot submit
Core Validation & E2E	Run Playwright Tests	2026-09-02T18:42:43.8897809Z [503/626] [webkit-superadmin] › e2e/homework.spec.ts:86:9 › Homework E2E - Phase 5 › Unauthorized Access › Unauthorized access to creation page is blocked
Core Validation & E2E	Run Playwright Tests	2026-09-02T18:42:43.9535519Z [504/626] [webkit-superadmin] › e2e/proxy-security.spec.ts:8:7 › Proxy / Middleware Runtime Security › Unauthenticated user is redirected to /login
Core Validation & E2E	Run Playwright Tests	2026-09-02T18:42:43.9901732Z [505/626] [webkit-superadmin] › e2e/proxy-security.spec.ts:20:7 › Proxy / Middleware Runtime Security › Normal authenticated user is not incorrectly redirected
Core Validation & E2E	Run Playwright Tests	2026-09-02T18:42:44.0214312Z [506/626] [webkit-superadmin] › e2e/proxy-security.spec.ts:28:7 › Proxy / Middleware Runtime Security › Logout remains usable
Core Validation & E2E	Run Playwright Tests	2026-09-02T18:42:44.0548636Z [507/626] [webkit-superadmin] › e2e/proxy-security.spec.ts:45:9 › Proxy / Middleware Runtime Security › Password Reset Flow › User requiring password reset is redirected to /auth/update-password
Core Validation & E2E	Run Playwright Tests	2026-09-02T18:42:44.1226235Z [508/626] [webkit-superadmin] › e2e/scheduling.spec.ts:13:7 › Scheduling Management › Branch Admin can manage rooms, bell schedules, and periods
Core Validation & E2E	Run Playwright Tests	2026-09-02T18:42:44.1573207Z [509/626] [webkit-superadmin] › e2e/scheduling.spec.ts:99:7 › Scheduling Security - Teacher Role › Teacher cannot perform administrative mutations
Core Validation & E2E	Run Playwright Tests	2026-09-02T18:42:44.1929443Z [510/626] [webkit-superadmin] › e2e/scheduling.spec.ts:119:7 › Scheduling Security - Cross Branch › Cross-branch manipulation is rejected
Core Validation & E2E	Run Playwright Tests	2026-09-02T18:42:44.2703834Z [511/626] [webkit-superadmin] › e2e/storage.spec.ts:34:7 › Storage Runtime Authorization (Communication) › Teacher can upload attachment to their own draft and unauthorized users cannot read
Core Validation & E2E	Run Playwright Tests	2026-09-02T18:42:44.3409703Z [512/626] [webkit-superadmin] › e2e/students-security.spec.ts:17:7 › Students Page Authorization › Branch Admin can access /students for their own branch
Core Validation & E2E	Run Playwright Tests	2026-09-02T18:42:44.6980541Z [513/626] [webkit-superadmin] › e2e/students-security.spec.ts:35:7 › Students Page Authorization › Teacher can access /students in read-only mode
Core Validation & E2E	Run Playwright Tests	2026-09-02T18:42:45.0688178Z [514/626] [webkit-superadmin] › e2e/students-security.spec.ts:52:7 › Students Page Authorization › Students page rejects access with invalid branch context
Core Validation & E2E	Run Playwright Tests	2026-09-02T18:42:45.4289969Z [515/626] [webkit-superadmin] › e2e/students-security.spec.ts:67:7 › Students/New Page Authorization › Branch Admin can access /students/new for their branch
Core Validation & E2E	Run Playwright Tests	2026-09-02T18:42:45.8784370Z [516/626] [webkit-superadmin] › e2e/students-security.spec.ts:80:7 › Students/New Page Authorization › Teacher cannot access /students/new (read-only role)
Core Validation & E2E	Run Playwright Tests	2026-09-02T18:42:46.2946902Z [517/626] [webkit-superadmin] › e2e/students-security.spec.ts:91:7 › Students/New Page Authorization › Students/new page does not contain hardcoded branch/org IDs
Core Validation & E2E	Run Playwright Tests	2026-09-02T18:42:46.6832727Z [518/626] [webkit-superadmin] › e2e/students-security.spec.ts:104:7 › Students/New Page Authorization › Students/new rejects cross-branch access
Core Validation & E2E	Run Playwright Tests	2026-09-02T18:42:47.0852244Z [519/626] [webkit-superadmin] › e2e/students-security.spec.ts:119:7 › Students Detail Page Authorization › Student detail page enforces branch context
Core Validation & E2E	Run Playwright Tests	2026-09-02T18:42:47.4617502Z [520/626] [webkit-superadmin] › e2e/students-security.spec.ts:131:7 › Students Detail Page Authorization › Student detail page rejects cross-branch access
Core Validation & E2E	Run Playwright Tests	2026-09-02T18:42:47.8659438Z [521/626] [webkit-superadmin] › e2e/substitutions.spec.ts:33:7 › Substitutions Management › Branch Admin CRUD & Conflicts › should manage substitutions and handle conflicts
Core Validation & E2E	Run Playwright Tests	2026-09-02T18:42:47.8986570Z [522/626] [webkit-superadmin] › e2e/substitutions.spec.ts:281:9 › Substitutions Management › Teacher Roles › should view substitutions but cannot create
Core Validation & E2E	Run Playwright Tests	2026-09-02T18:42:47.9642275Z [523/626] [webkit-superadmin] › e2e/timetable.spec.ts:27:9 › Timetable Management › Branch Admin CRUD & Conflicts › should manage timetable entries and handle conflicts
Core Validation & E2E	Run Playwright Tests	2026-09-02T18:42:47.9917701Z [524/626] [webkit-superadmin] › e2e/timetable.spec.ts:168:9 › Timetable Management › Teacher Roles › should view timetable but cannot create entries
Core Validation & E2E	Run Playwright Tests	2026-09-02T18:42:50.5462258Z [525/626] [webkit-branchadmin] › e2e/academic-structure.spec.ts:6:7 › Academic Structure Role Tests › Teacher gets Access Denied when trying to create and sees branch identity without switching
Core Validation & E2E	Run Playwright Tests	2026-09-02T18:42:51.4613767Z [526/626] [webkit-branchadmin] › e2e/academic-structure.spec.ts:22:7 › Academic Structure Role Tests › Branch Admin can create, edit, and delete an Academic Year but cannot switch branch
Core Validation & E2E	Run Playwright Tests	2026-09-02T18:42:55.8486295Z [527/626] [webkit-branchadmin] › e2e/academic-structure.spec.ts:58:7 › Academic Structure Role Tests › Branch Admin attempting to access another branch resource is denied
Core Validation & E2E	Run Playwright Tests	2026-09-02T18:43:43.8515503Z [webkit-branchadmin] › e2e/academic-structure.spec.ts:58:7 › Academic Structure Role Tests › Branch Admin attempting to access another branch resource is denied
Core Validation & E2E	Run Playwright Tests	2026-09-02T18:43:43.8516528Z Connecting to local database...
Core Validation & E2E	Run Playwright Tests	2026-09-02T18:43:43.8516757Z 
Core Validation & E2E	Run Playwright Tests	2026-09-02T18:43:43.8516773Z 
Core Validation & E2E	Run Playwright Tests	2026-09-02T18:43:43.9640292Z [528/626] [webkit-branchadmin] › e2e/adversarial-security.spec.ts:38:9 › Adversarial Server-Boundary Security › Teacher Role Mutations › Teacher cannot mutate attendance for unauthorized branch
Core Validation & E2E	Run Playwright Tests	2026-09-02T18:43:44.0163236Z [529/626] [webkit-branchadmin] › e2e/adversarial-security.spec.ts:63:9 › Adversarial Server-Boundary Security › Teacher Role Mutations › Teacher cannot mutate homework for unauthorized branch
Core Validation & E2E	Run Playwright Tests	2026-09-02T18:43:44.0591212Z [530/626] [webkit-branchadmin] › e2e/adversarial-security.spec.ts:104:9 › Adversarial Server-Boundary Security › Teacher Role Mutations › Teacher cannot publish communication messages (admin-only)
Core Validation & E2E	Run Playwright Tests	2026-09-02T18:43:44.1069334Z [531/626] [webkit-branchadmin] › e2e/adversarial-security.spec.ts:131:9 › Adversarial Server-Boundary Security › Teacher Role Mutations › Teacher cannot mutate a locked attendance session directly via RPC
Core Validation & E2E	Run Playwright Tests	2026-09-02T18:43:44.1393861Z [532/626] [webkit-branchadmin] › e2e/adversarial-security.spec.ts:176:9 › Adversarial Server-Boundary Security › Guardian Role Mutations › Guardian cannot mutate attendance for their own child
Core Validation & E2E	Run Playwright Tests	2026-09-02T18:43:44.2070309Z [533/626] [webkit-branchadmin] › e2e/app-config.spec.ts:5:7 › App Config Admin Tests › Teacher gets Access Denied when trying to access app config
Core Validation & E2E	Run Playwright Tests	2026-09-02T18:43:44.6802001Z [534/626] [webkit-branchadmin] › e2e/app-config.spec.ts:15:7 › App Config Admin Tests › Branch Admin can view and edit their branch app config
Core Validation & E2E	Run Playwright Tests	2026-09-02T18:43:47.7936724Z [535/626] [webkit-branchadmin] › e2e/app-config.spec.ts:40:7 › App Config Admin Tests › Super Admin can view and edit app configs across branches
Core Validation & E2E	Run Playwright Tests	2026-09-02T18:43:48.2274021Z [536/626] [webkit-branchadmin] › e2e/attendance.spec.ts:11:9 › Attendance Management › Teacher Flow (chromium-teacher) › Teacher can mark, save, and lock attendance
Core Validation & E2E	Run Playwright Tests	2026-09-02T18:43:48.2571251Z [537/626] [webkit-branchadmin] › e2e/attendance.spec.ts:64:9 › Attendance Management › Teacher Flow (chromium-teacher) › Teacher cannot bypass authorization for another branch
Core Validation & E2E	Run Playwright Tests	2026-09-02T18:43:48.2853997Z [538/626] [webkit-branchadmin] › e2e/attendance.spec.ts:76:9 › Attendance Management › Branch Admin Flow (chromium-branchadmin) › Admin can mark, save, lock, publish, and correct attendance
Core Validation & E2E	Run Playwright Tests	2026-09-02T18:43:48.3118993Z [539/626] [webkit-branchadmin] › e2e/attendance.spec.ts:145:9 › Attendance Management › Guardian History Flow (chromium-guardian) › Guardian can view published absences
Core Validation & E2E	Run Playwright Tests	2026-09-02T18:43:57.3712194Z [540/626] [webkit-branchadmin] › e2e/attendance.spec.ts:155:9 › Attendance Management › Guardian History Flow (chromium-guardian) › Guardian cannot access attendance entry page
Core Validation & E2E	Run Playwright Tests	2026-09-02T18:43:57.4338924Z [541/626] [webkit-branchadmin] › e2e/auth-password-reset.spec.ts:7:7 › Temporary Credentials Enforcement › User with force_password_reset=true is redirected and can reset
Core Validation & E2E	Run Playwright Tests	2026-09-02T18:43:48.2841347Z [542/626] [webkit-branchadmin] › e2e/auth-password-reset.spec.ts:62:7 › Temporary Credentials Enforcement › Normal user without force_password_reset can login normally
Core Validation & E2E	Run Playwright Tests	2026-09-02T18:43:53.9242574Z [543/626] [webkit-branchadmin] › e2e/branch-context.spec.ts:39:9 › branch-context authorization helpers › Super Admin Semantics › auth_is_super_admin() is true
Core Validation & E2E	Run Playwright Tests	2026-09-02T18:43:54.0220400Z [544/626] [webkit-branchadmin] › e2e/branch-context.spec.ts:44:9 › branch-context authorization helpers › Super Admin Semantics › auth_has_org_access() is true for authorized org
Core Validation & E2E	Run Playwright Tests	2026-09-02T18:43:54.0709969Z [545/626] [webkit-branchadmin] › e2e/branch-context.spec.ts:49:9 › branch-context authorization helpers › Super Admin Semantics › auth_has_branch_membership() is true for branch in authorized org
Core Validation & E2E	Run Playwright Tests	2026-09-02T18:43:54.1049189Z [546/626] [webkit-branchadmin] › e2e/branch-context.spec.ts:53:9 › branch-context authorization helpers › Super Admin Semantics › auth_has_branch_membership() is false for branch in unauthorized org
Core Validation & E2E	Run Playwright Tests	2026-09-02T18:43:54.1264968Z [547/626] [webkit-branchadmin] › e2e/branch-context.spec.ts:57:9 › branch-context authorization helpers › Super Admin Semantics › auth_has_branch_role() is false unless an explicit real role assignment exists
Core Validation & E2E	Run Playwright Tests	2026-09-02T18:43:54.1461503Z [548/626] [webkit-branchadmin] › e2e/branch-context.spec.ts:68:9 › branch-context authorization helpers › Branch Admin Semantics › branchadmin role is true for own branch
Core Validation & E2E	Run Playwright Tests	2026-09-02T18:43:54.1627372Z [549/626] [webkit-branchadmin] › e2e/branch-context.spec.ts:72:9 › branch-context authorization helpers › Branch Admin Semantics › teacher role is false unless explicitly assigned
Core Validation & E2E	Run Playwright Tests	2026-09-02T18:43:54.1786482Z [550/626] [webkit-branchadmin] › e2e/branch-context.spec.ts:76:9 › branch-context authorization helpers › Branch Admin Semantics › other branch is false
Core Validation & E2E	Run Playwright Tests	2026-09-02T18:43:54.1941402Z [551/626] [webkit-branchadmin] › e2e/branch-context.spec.ts:80:9 › branch-context authorization helpers › Branch Admin Semantics › wrong org is false
Core Validation & E2E	Run Playwright Tests	2026-09-02T18:43:54.2093308Z [552/626] [webkit-branchadmin] › e2e/branch-context.spec.ts:86:9 › branch-context authorization helpers › Teacher Semantics › teacher role is true in own branch
Core Validation & E2E	Run Playwright Tests	2026-09-02T18:43:54.2233962Z [553/626] [webkit-branchadmin] › e2e/branch-context.spec.ts:90:9 › branch-context authorization helpers › Teacher Semantics › branchadmin role is false
Core Validation & E2E	Run Playwright Tests	2026-09-02T18:43:54.2390334Z [554/626] [webkit-branchadmin] › e2e/branch-context.spec.ts:94:9 › branch-context authorization helpers › Teacher Semantics › other branch is false
Core Validation & E2E	Run Playwright Tests	2026-09-02T18:43:54.2527078Z [555/626] [webkit-branchadmin] › e2e/branch-context.spec.ts:98:9 › branch-context authorization helpers › Teacher Semantics › wrong org is false
Core Validation & E2E	Run Playwright Tests	2026-09-02T18:43:54.3006544Z [556/626] [webkit-branchadmin] › e2e/calendar.spec.ts:24:7 › Calendar UI › Teacher cannot mutate calendar events or operating days
Core Validation & E2E	Run Playwright Tests	2026-09-02T18:43:54.7310686Z [557/626] [webkit-branchadmin] › e2e/calendar.spec.ts:79:9 › Calendar UI › Branch Admin Calendar Mutations › Branch Admin can manage operating days
Core Validation & E2E	Run Playwright Tests	2026-09-02T18:43:55.1328238Z [558/626] [webkit-branchadmin] › e2e/calendar.spec.ts:128:9 › Calendar UI › Branch Admin Calendar Mutations › Branch Admin can create, edit, and archive calendar events
Core Validation & E2E	Run Playwright Tests	2026-09-02T18:43:55.6394693Z [559/626] [webkit-branchadmin] › e2e/communication.spec.ts:5:7 › Communication End-to-End Workflows › Branch Admin can create an announcement and view it in Sent
Core Validation & E2E	Run Playwright Tests	2026-09-02T18:43:56.0190916Z [560/626] [webkit-branchadmin] › e2e/communication.spec.ts:26:7 › Communication End-to-End Workflows › Teacher can create class announcement and branch-wide targeting is denied
Core Validation & E2E	Run Playwright Tests	2026-09-02T18:43:56.0369761Z [561/626] [webkit-branchadmin] › e2e/communication.spec.ts:61:7 › Communication End-to-End Workflows › Recipient can view message in inbox
Core Validation & E2E	Run Playwright Tests	2026-09-02T18:43:56.0644465Z [562/626] [webkit-branchadmin] › e2e/communication.spec.ts:163:7 › Communication End-to-End Workflows › Teacher rate limit enforces exactly 5 messages per day
Core Validation & E2E	Run Playwright Tests	2026-09-02T18:43:56.1239875Z [563/626] [webkit-branchadmin] › e2e/homework.spec.ts:11:9 › Homework E2E - Phase 5 › Teacher Creation Flow › Teacher creates, saves draft, and publishes
Core Validation & E2E	Run Playwright Tests	2026-09-02T18:43:56.1491098Z [564/626] [webkit-branchadmin] › e2e/homework.spec.ts:63:9 › Homework E2E - Phase 5 › Guardian View Flow › Guardian views homework but cannot submit
Core Validation & E2E	Run Playwright Tests	2026-09-02T18:43:56.1766480Z [565/626] [webkit-branchadmin] › e2e/homework.spec.ts:86:9 › Homework E2E - Phase 5 › Unauthorized Access › Unauthorized access to creation page is blocked
Core Validation & E2E	Run Playwright Tests	2026-09-02T18:43:56.2417875Z [566/626] [webkit-branchadmin] › e2e/proxy-security.spec.ts:8:7 › Proxy / Middleware Runtime Security › Unauthenticated user is redirected to /login
Core Validation & E2E	Run Playwright Tests	2026-09-02T18:43:56.2734096Z [567/626] [webkit-branchadmin] › e2e/proxy-security.spec.ts:20:7 › Proxy / Middleware Runtime Security › Normal authenticated user is not incorrectly redirected
Core Validation & E2E	Run Playwright Tests	2026-09-02T18:43:56.3010098Z [568/626] [webkit-branchadmin] › e2e/proxy-security.spec.ts:28:7 › Proxy / Middleware Runtime Security › Logout remains usable
Core Validation & E2E	Run Playwright Tests	2026-09-02T18:43:56.3299307Z [569/626] [webkit-branchadmin] › e2e/proxy-security.spec.ts:45:9 › Proxy / Middleware Runtime Security › Password Reset Flow › User requiring password reset is redirected to /auth/update-password
Core Validation & E2E	Run Playwright Tests	2026-09-02T18:43:56.3916109Z [570/626] [webkit-branchadmin] › e2e/scheduling.spec.ts:13:7 › Scheduling Management › Branch Admin can manage rooms, bell schedules, and periods
Core Validation & E2E	Run Playwright Tests	2026-09-02T18:43:56.4229625Z [571/626] [webkit-branchadmin] › e2e/scheduling.spec.ts:99:7 › Scheduling Security - Teacher Role › Teacher cannot perform administrative mutations
Core Validation & E2E	Run Playwright Tests	2026-09-02T18:43:56.4518816Z [572/626] [webkit-branchadmin] › e2e/scheduling.spec.ts:119:7 › Scheduling Security - Cross Branch › Cross-branch manipulation is rejected
Core Validation & E2E	Run Playwright Tests	2026-09-02T18:43:56.5293939Z [573/626] [webkit-branchadmin] › e2e/storage.spec.ts:34:7 › Storage Runtime Authorization (Communication) › Teacher can upload attachment to their own draft and unauthorized users cannot read
Core Validation & E2E	Run Playwright Tests	2026-09-02T18:43:56.5945316Z [574/626] [webkit-branchadmin] › e2e/students-security.spec.ts:17:7 › Students Page Authorization › Branch Admin can access /students for their own branch
Core Validation & E2E	Run Playwright Tests	2026-09-02T18:43:57.4456704Z [575/626] [webkit-branchadmin] › e2e/students-security.spec.ts:35:7 › Students Page Authorization › Teacher can access /students in read-only mode
Core Validation & E2E	Run Playwright Tests	2026-09-02T18:43:57.8678590Z [576/626] [webkit-branchadmin] › e2e/students-security.spec.ts:52:7 › Students Page Authorization › Students page rejects access with invalid branch context
Core Validation & E2E	Run Playwright Tests	2026-09-02T18:43:58.1739735Z [577/626] [webkit-branchadmin] › e2e/students-security.spec.ts:67:7 › Students/New Page Authorization › Branch Admin can access /students/new for their branch
Core Validation & E2E	Run Playwright Tests	2026-09-02T18:43:59.0463328Z [578/626] [webkit-branchadmin] › e2e/students-security.spec.ts:80:7 › Students/New Page Authorization › Teacher cannot access /students/new (read-only role)
Core Validation & E2E	Run Playwright Tests	2026-09-02T18:43:59.5393681Z [579/626] [webkit-branchadmin] › e2e/students-security.spec.ts:91:7 › Students/New Page Authorization › Students/new page does not contain hardcoded branch/org IDs
Core Validation & E2E	Run Playwright Tests	2026-09-02T18:44:00.5732483Z [580/626] [webkit-branchadmin] › e2e/students-security.spec.ts:104:7 › Students/New Page Authorization › Students/new rejects cross-branch access
Core Validation & E2E	Run Playwright Tests	2026-09-02T18:44:01.4976498Z [581/626] [webkit-branchadmin] › e2e/students-security.spec.ts:119:7 › Students Detail Page Authorization › Student detail page enforces branch context
Core Validation & E2E	Run Playwright Tests	2026-09-02T18:44:02.3134668Z [582/626] [webkit-branchadmin] › e2e/students-security.spec.ts:131:7 › Students Detail Page Authorization › Student detail page rejects cross-branch access
Core Validation & E2E	Run Playwright Tests	2026-09-02T18:44:02.7852616Z [583/626] [webkit-branchadmin] › e2e/substitutions.spec.ts:33:7 › Substitutions Management › Branch Admin CRUD & Conflicts › should manage substitutions and handle conflicts
Core Validation & E2E	Run Playwright Tests	2026-09-02T18:44:02.8209209Z [584/626] [webkit-branchadmin] › e2e/substitutions.spec.ts:281:9 › Substitutions Management › Teacher Roles › should view substitutions but cannot create
Core Validation & E2E	Run Playwright Tests	2026-09-02T18:44:02.8873226Z [585/626] [webkit-branchadmin] › e2e/timetable.spec.ts:27:9 › Timetable Management › Branch Admin CRUD & Conflicts › should manage timetable entries and handle conflicts
Core Validation & E2E	Run Playwright Tests	2026-09-02T18:44:02.9175708Z [586/626] [webkit-branchadmin] › e2e/timetable.spec.ts:168:9 › Timetable Management › Teacher Roles › should view timetable but cannot create entries
Core Validation & E2E	Run Playwright Tests	2026-09-02T18:44:05.8338231Z [587/626] [webkit-teacher] › e2e/academic-structure.spec.ts:6:7 › Academic Structure Role Tests › Teacher gets Access Denied when trying to create and sees branch identity without switching
Core Validation & E2E	Run Playwright Tests	2026-09-02T18:44:13.9420463Z [588/626] (retries) [webkit-teacher] › e2e/academic-structure.spec.ts:6:7 › Academic Structure Role Tests › Teacher gets Access Denied when trying to create and sees branch identity without switching (retry #1)
Core Validation & E2E	Run Playwright Tests	2026-09-02T18:44:22.9183643Z [589/626] (retries) [webkit-teacher] › e2e/academic-structure.spec.ts:6:7 › Academic Structure Role Tests › Teacher gets Access Denied when trying to create and sees branch identity without switching (retry #2)
Core Validation & E2E	Run Playwright Tests	2026-09-02T18:44:28.2387909Z   12) [webkit-teacher] › e2e/academic-structure.spec.ts:6:7 › Academic Structure Role Tests › Teacher gets Access Denied when trying to create and sees branch identity without switching 
Core Validation & E2E	Run Playwright Tests	2026-09-02T18:44:28.2396077Z 
Core Validation & E2E	Run Playwright Tests	2026-09-02T18:44:28.2396329Z     Error: expect(locator).toBeVisible() failed
Core Validation & E2E	Run Playwright Tests	2026-09-02T18:44:28.2396558Z 
Core Validation & E2E	Run Playwright Tests	2026-09-02T18:44:28.2396701Z     Locator: locator('text=Test Branch')
Core Validation & E2E	Run Playwright Tests	2026-09-02T18:44:28.2396985Z     Expected: visible
Core Validation & E2E	Run Playwright Tests	2026-09-02T18:44:28.2397203Z     Timeout: 5000ms
Core Validation & E2E	Run Playwright Tests	2026-09-02T18:44:28.2397433Z     Error: element(s) not found
Core Validation & E2E	Run Playwright Tests	2026-09-02T18:44:28.2397592Z 
Core Validation & E2E	Run Playwright Tests	2026-09-02T18:44:28.2397674Z     Call log:
Core Validation & E2E	Run Playwright Tests	2026-09-02T18:44:28.2397922Z       - Expect "toBeVisible" with timeout 5000ms
Core Validation & E2E	Run Playwright Tests	2026-09-02T18:44:28.2398252Z       - waiting for locator('text=Test Branch')
Core Validation & E2E	Run Playwright Tests	2026-09-02T18:44:28.2398450Z 
Core Validation & E2E	Run Playwright Tests	2026-09-02T18:44:28.2398456Z 
Core Validation & E2E	Run Playwright Tests	2026-09-02T18:44:28.2398534Z       10 |     
Core Validation & E2E	Run Playwright Tests	2026-09-02T18:44:28.2398790Z       11 |     // Verify branch identity and no selector
Core Validation & E2E	Run Playwright Tests	2026-09-02T18:44:28.2399388Z     > 12 |     await expect(page.locator('text=Test Branch')).toBeVisible();
Core Validation & E2E	Run Playwright Tests	2026-09-02T18:44:28.2399810Z          |                                                    ^
Core Validation & E2E	Run Playwright Tests	2026-09-02T18:44:28.2400213Z       13 |     await expect(page.locator('select')).not.toBeVisible();
Core Validation & E2E	Run Playwright Tests	2026-09-02T18:44:28.2400535Z       14 |     
Core Validation & E2E	Run Playwright Tests	2026-09-02T18:44:28.2400920Z       15 |     await expect(page.getByRole('heading', { name: 'Academic Years' })).toBeVisible();
Core Validation & E2E	Run Playwright Tests	2026-09-02T18:44:28.2401602Z         at /mnt/c/Users/krish/actions-runner/_work/ERP-1/ERP-1/apps/web/e2e/academic-structure.spec.ts:12:52
Core Validation & E2E	Run Playwright Tests	2026-09-02T18:44:28.2401993Z 
Core Validation & E2E	Run Playwright Tests	2026-09-02T18:44:28.2402796Z     Error Context: test-results/academic-structure-Academi-5133d--identity-without-switching-webkit-teacher/error-context.md
Core Validation & E2E	Run Playwright Tests	2026-09-02T18:44:28.2403562Z 
Core Validation & E2E	Run Playwright Tests	2026-09-02T18:44:28.2404142Z     Retry #1 ───────────────────────────────────────────────────────────────────────────────────────
Core Validation & E2E	Run Playwright Tests	2026-09-02T18:44:28.2409783Z 
Core Validation & E2E	Run Playwright Tests	2026-09-02T18:44:28.2409995Z     Error: expect(locator).toBeVisible() failed
Core Validation & E2E	Run Playwright Tests	2026-09-02T18:44:28.2410569Z 
Core Validation & E2E	Run Playwright Tests	2026-09-02T18:44:28.2410759Z     Locator: locator('text=Test Branch')
Core Validation & E2E	Run Playwright Tests	2026-09-02T18:44:28.2411061Z     Expected: visible
Core Validation & E2E	Run Playwright Tests	2026-09-02T18:44:28.2411282Z     Timeout: 5000ms
Core Validation & E2E	Run Playwright Tests	2026-09-02T18:44:28.2411539Z     Error: element(s) not found
Core Validation & E2E	Run Playwright Tests	2026-09-02T18:44:28.2411700Z 
Core Validation & E2E	Run Playwright Tests	2026-09-02T18:44:28.2411776Z     Call log:
Core Validation & E2E	Run Playwright Tests	2026-09-02T18:44:28.2412041Z       - Expect "toBeVisible" with timeout 5000ms
Core Validation & E2E	Run Playwright Tests	2026-09-02T18:44:28.2412385Z       - waiting for locator('text=Test Branch')
Core Validation & E2E	Run Playwright Tests	2026-09-02T18:44:28.2412588Z 
Core Validation & E2E	Run Playwright Tests	2026-09-02T18:44:28.2412594Z 
Core Validation & E2E	Run Playwright Tests	2026-09-02T18:44:28.2412675Z       10 |     
Core Validation & E2E	Run Playwright Tests	2026-09-02T18:44:28.2412932Z       11 |     // Verify branch identity and no selector
Core Validation & E2E	Run Playwright Tests	2026-09-02T18:44:28.2413368Z     > 12 |     await expect(page.locator('text=Test Branch')).toBeVisible();
Core Validation & E2E	Run Playwright Tests	2026-09-02T18:44:28.2413789Z          |                                                    ^
Core Validation & E2E	Run Playwright Tests	2026-09-02T18:44:28.2414508Z       13 |     await expect(page.locator('select')).not.toBeVisible();
Core Validation & E2E	Run Playwright Tests	2026-09-02T18:44:28.2415146Z       14 |     
Core Validation & E2E	Run Playwright Tests	2026-09-02T18:44:28.2415861Z       15 |     await expect(page.getByRole('heading', { name: 'Academic Years' })).toBeVisible();
Core Validation & E2E	Run Playwright Tests	2026-09-02T18:44:28.2417256Z         at /mnt/c/Users/krish/actions-runner/_work/ERP-1/ERP-1/apps/web/e2e/academic-structure.spec.ts:12:52
Core Validation & E2E	Run Playwright Tests	2026-09-02T18:44:28.2417815Z 
Core Validation & E2E	Run Playwright Tests	2026-09-02T18:44:28.2418686Z     Error Context: test-results/academic-structure-Academi-5133d--identity-without-switching-webkit-teacher-retry1/error-context.md
Core Validation & E2E	Run Playwright Tests	2026-09-02T18:44:28.2419262Z 
Core Validation & E2E	Run Playwright Tests	2026-09-02T18:44:28.2419837Z     attachment #2: trace (application/zip) ─────────────────────────────────────────────────────────
Core Validation & E2E	Run Playwright Tests	2026-09-02T18:44:28.2420633Z     test-results/academic-structure-Academi-5133d--identity-without-switching-webkit-teacher-retry1/trace.zip
Core Validation & E2E	Run Playwright Tests	2026-09-02T18:44:28.2421193Z     Usage:
Core Validation & E2E	Run Playwright Tests	2026-09-02T18:44:28.2421306Z 
Core Validation & E2E	Run Playwright Tests	2026-09-02T18:44:28.2422121Z         npx playwright show-trace test-results/academic-structure-Academi-5133d--identity-without-switching-webkit-teacher-retry1/trace.zip
Core Validation & E2E	Run Playwright Tests	2026-09-02T18:44:28.2422776Z 
Core Validation & E2E	Run Playwright Tests	2026-09-02T18:44:28.2423181Z     ────────────────────────────────────────────────────────────────────────────────────────────────
Core Validation & E2E	Run Playwright Tests	2026-09-02T18:44:28.2423476Z 
Core Validation & E2E	Run Playwright Tests	2026-09-02T18:44:28.2423821Z     Retry #2 ───────────────────────────────────────────────────────────────────────────────────────
Core Validation & E2E	Run Playwright Tests	2026-09-02T18:44:28.2429217Z 
Core Validation & E2E	Run Playwright Tests	2026-09-02T18:44:28.2429467Z     Error: expect(locator).toBeVisible() failed
Core Validation & E2E	Run Playwright Tests	2026-09-02T18:44:28.2429690Z 
Core Validation & E2E	Run Playwright Tests	2026-09-02T18:44:28.2429840Z     Locator: locator('text=Test Branch')
Core Validation & E2E	Run Playwright Tests	2026-09-02T18:44:28.2430159Z     Expected: visible
Core Validation & E2E	Run Playwright Tests	2026-09-02T18:44:28.2430763Z     Timeout: 5000ms
Core Validation & E2E	Run Playwright Tests	2026-09-02T18:44:28.2431090Z     Error: element(s) not found
Core Validation & E2E	Run Playwright Tests	2026-09-02T18:44:28.2431263Z 
Core Validation & E2E	Run Playwright Tests	2026-09-02T18:44:28.2431345Z     Call log:
Core Validation & E2E	Run Playwright Tests	2026-09-02T18:44:28.2431677Z       - Expect "toBeVisible" with timeout 5000ms
Core Validation & E2E	Run Playwright Tests	2026-09-02T18:44:28.2432044Z       - waiting for locator('text=Test Branch')
Core Validation & E2E	Run Playwright Tests	2026-09-02T18:44:28.2432245Z 
Core Validation & E2E	Run Playwright Tests	2026-09-02T18:44:28.2432278Z 
Core Validation & E2E	Run Playwright Tests	2026-09-02T18:44:28.2432356Z       10 |     
Core Validation & E2E	Run Playwright Tests	2026-09-02T18:44:28.2432624Z       11 |     // Verify branch identity and no selector
Core Validation & E2E	Run Playwright Tests	2026-09-02T18:44:28.2433058Z     > 12 |     await expect(page.locator('text=Test Branch')).toBeVisible();
Core Validation & E2E	Run Playwright Tests	2026-09-02T18:44:28.2433484Z          |                                                    ^
Core Validation & E2E	Run Playwright Tests	2026-09-02T18:44:28.2433889Z       13 |     await expect(page.locator('select')).not.toBeVisible();
Core Validation & E2E	Run Playwright Tests	2026-09-02T18:44:28.2434215Z       14 |     
Core Validation & E2E	Run Playwright Tests	2026-09-02T18:44:28.2434609Z       15 |     await expect(page.getByRole('heading', { name: 'Academic Years' })).toBeVisible();
Core Validation & E2E	Run Playwright Tests	2026-09-02T18:44:28.2435796Z         at /mnt/c/Users/krish/actions-runner/_work/ERP-1/ERP-1/apps/web/e2e/academic-structure.spec.ts:12:52
Core Validation & E2E	Run Playwright Tests	2026-09-02T18:44:28.2436284Z 
Core Validation & E2E	Run Playwright Tests	2026-09-02T18:44:28.2437129Z     Error Context: test-results/academic-structure-Academi-5133d--identity-without-switching-webkit-teacher-retry2/error-context.md
Core Validation & E2E	Run Playwright Tests	2026-09-02T18:44:28.2437806Z 
Core Validation & E2E	Run Playwright Tests	2026-09-02T18:44:28.2437822Z 
Core Validation & E2E	Run Playwright Tests	2026-09-02T18:44:30.8427631Z [590/626] [webkit-teacher] › e2e/academic-structure.spec.ts:22:7 › Academic Structure Role Tests › Branch Admin can create, edit, and delete an Academic Year but cannot switch branch
Core Validation & E2E	Run Playwright Tests	2026-09-02T18:44:31.6261212Z [591/626] [webkit-teacher] › e2e/academic-structure.spec.ts:58:7 › Academic Structure Role Tests › Branch Admin attempting to access another branch resource is denied
Core Validation & E2E	Run Playwright Tests	2026-09-02T18:44:32.1544063Z [592/626] [webkit-teacher] › e2e/adversarial-security.spec.ts:38:9 › Adversarial Server-Boundary Security › Teacher Role Mutations › Teacher cannot mutate attendance for unauthorized branch
Core Validation & E2E	Run Playwright Tests	2026-09-02T18:44:32.4177109Z [593/626] [webkit-teacher] › e2e/adversarial-security.spec.ts:63:9 › Adversarial Server-Boundary Security › Teacher Role Mutations › Teacher cannot mutate homework for unauthorized branch
Core Validation & E2E	Run Playwright Tests	2026-09-02T18:44:32.6882385Z [594/626] [webkit-teacher] › e2e/adversarial-security.spec.ts:104:9 › Adversarial Server-Boundary Security › Teacher Role Mutations › Teacher cannot publish communication messages (admin-only)
Core Validation & E2E	Run Playwright Tests	2026-09-02T18:44:32.8459013Z [595/626] [webkit-teacher] › e2e/adversarial-security.spec.ts:131:9 › Adversarial Server-Boundary Security › Teacher Role Mutations › Teacher cannot mutate a locked attendance session directly via RPC
Core Validation & E2E	Run Playwright Tests	2026-09-02T18:44:33.0570055Z [596/626] [webkit-teacher] › e2e/adversarial-security.spec.ts:176:9 › Adversarial Server-Boundary Security › Guardian Role Mutations › Guardian cannot mutate attendance for their own child
Core Validation & E2E	Run Playwright Tests	2026-09-02T18:44:33.1278519Z [597/626] [webkit-teacher] › e2e/app-config.spec.ts:5:7 › App Config Admin Tests › Teacher gets Access Denied when trying to access app config
Core Validation & E2E	Run Playwright Tests	2026-09-02T18:44:40.8514827Z [598/626] (retries) [webkit-teacher] › e2e/app-config.spec.ts:5:7 › App Config Admin Tests › Teacher gets Access Denied when trying to access app config (retry #1)
Core Validation & E2E	Run Playwright Tests	2026-09-02T18:44:49.1648328Z [599/626] (retries) [webkit-teacher] › e2e/app-config.spec.ts:5:7 › App Config Admin Tests › Teacher gets Access Denied when trying to access app config (retry #2)
Core Validation & E2E	Run Playwright Tests	2026-09-02T18:45:04.4312186Z   13) [webkit-teacher] › e2e/app-config.spec.ts:5:7 › App Config Admin Tests › Teacher gets Access Denied when trying to access app config 
Core Validation & E2E	Run Playwright Tests	2026-09-02T18:45:04.4312856Z 
Core Validation & E2E	Run Playwright Tests	2026-09-02T18:45:04.4313054Z     Error: expect(locator).toBeVisible() failed
Core Validation & E2E	Run Playwright Tests	2026-09-02T18:45:04.4318960Z 
Core Validation & E2E	Run Playwright Tests	2026-09-02T18:45:04.4319141Z     Locator: locator('text=Access Denied')
Core Validation & E2E	Run Playwright Tests	2026-09-02T18:45:04.4319448Z     Expected: visible
Core Validation & E2E	Run Playwright Tests	2026-09-02T18:45:04.4319679Z     Timeout: 5000ms
Core Validation & E2E	Run Playwright Tests	2026-09-02T18:45:04.4319918Z     Error: element(s) not found
Core Validation & E2E	Run Playwright Tests	2026-09-02T18:45:04.4320077Z 
Core Validation & E2E	Run Playwright Tests	2026-09-02T18:45:04.4320160Z     Call log:
Core Validation & E2E	Run Playwright Tests	2026-09-02T18:45:04.4336332Z       - Expect "toBeVisible" with timeout 5000ms
Core Validation & E2E	Run Playwright Tests	2026-09-02T18:45:04.4337065Z       - waiting for locator('text=Access Denied')
Core Validation & E2E	Run Playwright Tests	2026-09-02T18:45:04.4337469Z 
Core Validation & E2E	Run Playwright Tests	2026-09-02T18:45:04.4337494Z 
Core Validation & E2E	Run Playwright Tests	2026-09-02T18:45:04.4337674Z        9 |     
Core Validation & E2E	Run Playwright Tests	2026-09-02T18:45:04.4337961Z       10 |     // Verify Access Denied
Core Validation & E2E	Run Playwright Tests	2026-09-02T18:45:04.4338386Z     > 11 |     await expect(page.locator('text=Access Denied')).toBeVisible();
Core Validation & E2E	Run Playwright Tests	2026-09-02T18:45:04.4338845Z          |                                                      ^
Core Validation & E2E	Run Playwright Tests	2026-09-02T18:45:04.4339378Z       12 |     await expect(page.locator('h1', { hasText: 'Branch App Configuration' })).not.toBeVisible();
Core Validation & E2E	Run Playwright Tests	2026-09-02T18:45:04.4340679Z       13 |   });
Core Validation & E2E	Run Playwright Tests	2026-09-02T18:45:04.4340962Z       14 |
Core Validation & E2E	Run Playwright Tests	2026-09-02T18:45:04.4341461Z         at /mnt/c/Users/krish/actions-runner/_work/ERP-1/ERP-1/apps/web/e2e/app-config.spec.ts:11:54
Core Validation & E2E	Run Playwright Tests	2026-09-02T18:45:04.4342100Z 
Core Validation & E2E	Run Playwright Tests	2026-09-02T18:45:04.4342695Z     Error Context: test-results/app-config-App-Config-Admi-2db5d-trying-to-access-app-config-webkit-teacher/error-context.md
Core Validation & E2E	Run Playwright Tests	2026-09-02T18:45:04.4343304Z 
Core Validation & E2E	Run Playwright Tests	2026-09-02T18:45:04.4343938Z     Retry #1 ───────────────────────────────────────────────────────────────────────────────────────
Core Validation & E2E	Run Playwright Tests	2026-09-02T18:45:04.4344268Z 
Core Validation & E2E	Run Playwright Tests	2026-09-02T18:45:04.4344478Z     Error: expect(locator).toBeVisible() failed
Core Validation & E2E	Run Playwright Tests	2026-09-02T18:45:04.4344698Z 
Core Validation & E2E	Run Playwright Tests	2026-09-02T18:45:04.4344826Z     Locator: locator('text=Access Denied')
Core Validation & E2E	Run Playwright Tests	2026-09-02T18:45:04.4350955Z     Expected: visible
Core Validation & E2E	Run Playwright Tests	2026-09-02T18:45:04.4351421Z     Timeout: 5000ms
Core Validation & E2E	Run Playwright Tests	2026-09-02T18:45:04.4351938Z     Error: element(s) not found
Core Validation & E2E	Run Playwright Tests	2026-09-02T18:45:04.4352238Z 
Core Validation & E2E	Run Playwright Tests	2026-09-02T18:45:04.4352370Z     Call log:
Core Validation & E2E	Run Playwright Tests	2026-09-02T18:45:04.4352801Z       - Expect "toBeVisible" with timeout 5000ms
Core Validation & E2E	Run Playwright Tests	2026-09-02T18:45:04.4353417Z       - waiting for locator('text=Access Denied')
Core Validation & E2E	Run Playwright Tests	2026-09-02T18:45:04.4353759Z 
Core Validation & E2E	Run Playwright Tests	2026-09-02T18:45:04.4353769Z 
Core Validation & E2E	Run Playwright Tests	2026-09-02T18:45:04.4353902Z        9 |     
Core Validation & E2E	Run Playwright Tests	2026-09-02T18:45:04.4354271Z       10 |     // Verify Access Denied
Core Validation & E2E	Run Playwright Tests	2026-09-02T18:45:04.4355028Z     > 11 |     await expect(page.locator('text=Access Denied')).toBeVisible();
Core Validation & E2E	Run Playwright Tests	2026-09-02T18:45:04.4355905Z          |                                                      ^
Core Validation & E2E	Run Playwright Tests	2026-09-02T18:45:04.4356807Z       12 |     await expect(page.locator('h1', { hasText: 'Branch App Configuration' })).not.toBeVisible();
Core Validation & E2E	Run Playwright Tests	2026-09-02T18:45:04.4357554Z       13 |   });
Core Validation & E2E	Run Playwright Tests	2026-09-02T18:45:04.4358284Z       14 |
Core Validation & E2E	Run Playwright Tests	2026-09-02T18:45:04.4359369Z         at /mnt/c/Users/krish/actions-runner/_work/ERP-1/ERP-1/apps/web/e2e/app-config.spec.ts:11:54
Core Validation & E2E	Run Playwright Tests	2026-09-02T18:45:04.4360329Z 
Core Validation & E2E	Run Playwright Tests	2026-09-02T18:45:04.4361267Z     Error Context: test-results/app-config-App-Config-Admi-2db5d-trying-to-access-app-config-webkit-teacher-retry1/error-context.md
Core Validation & E2E	Run Playwright Tests	2026-09-02T18:45:04.4367096Z 
Core Validation & E2E	Run Playwright Tests	2026-09-02T18:45:04.4367871Z     attachment #2: trace (application/zip) ─────────────────────────────────────────────────────────
Core Validation & E2E	Run Playwright Tests	2026-09-02T18:45:04.4368954Z     test-results/app-config-App-Config-Admi-2db5d-trying-to-access-app-config-webkit-teacher-retry1/trace.zip
Core Validation & E2E	Run Playwright Tests	2026-09-02T18:45:04.4369707Z     Usage:
Core Validation & E2E	Run Playwright Tests	2026-09-02T18:45:04.4370008Z 
Core Validation & E2E	Run Playwright Tests	2026-09-02T18:45:04.4370796Z         npx playwright show-trace test-results/app-config-App-Config-Admi-2db5d-trying-to-access-app-config-webkit-teacher-retry1/trace.zip
Core Validation & E2E	Run Playwright Tests	2026-09-02T18:45:04.4371588Z 
Core Validation & E2E	Run Playwright Tests	2026-09-02T18:45:04.4372724Z     ────────────────────────────────────────────────────────────────────────────────────────────────
Core Validation & E2E	Run Playwright Tests	2026-09-02T18:45:04.4373175Z 
Core Validation & E2E	Run Playwright Tests	2026-09-02T18:45:04.4374308Z     Retry #2 ───────────────────────────────────────────────────────────────────────────────────────
Core Validation & E2E	Run Playwright Tests	2026-09-02T18:45:04.4375195Z 
Core Validation & E2E	Run Playwright Tests	2026-09-02T18:45:04.4375466Z     Error: expect(locator).toBeVisible() failed
Core Validation & E2E	Run Playwright Tests	2026-09-02T18:45:04.4375764Z 
Core Validation & E2E	Run Playwright Tests	2026-09-02T18:45:04.4375975Z     Locator: locator('text=Access Denied')
Core Validation & E2E	Run Playwright Tests	2026-09-02T18:45:04.4376657Z     Expected: visible
Core Validation & E2E	Run Playwright Tests	2026-09-02T18:45:04.4377149Z     Timeout: 5000ms
Core Validation & E2E	Run Playwright Tests	2026-09-02T18:45:04.4377618Z     Error: element(s) not found
Core Validation & E2E	Run Playwright Tests	2026-09-02T18:45:04.4377819Z 
Core Validation & E2E	Run Playwright Tests	2026-09-02T18:45:04.4377907Z     Call log:
Core Validation & E2E	Run Playwright Tests	2026-09-02T18:45:04.4378184Z       - Expect "toBeVisible" with timeout 5000ms
Core Validation & E2E	Run Playwright Tests	2026-09-02T18:45:04.4378553Z       - waiting for locator('text=Access Denied')
Core Validation & E2E	Run Playwright Tests	2026-09-02T18:45:04.4378770Z 
Core Validation & E2E	Run Playwright Tests	2026-09-02T18:45:04.4378777Z 
Core Validation & E2E	Run Playwright Tests	2026-09-02T18:45:04.4378858Z        9 |     
Core Validation & E2E	Run Playwright Tests	2026-09-02T18:45:04.4379086Z       10 |     // Verify Access Denied
Core Validation & E2E	Run Playwright Tests	2026-09-02T18:45:04.4379489Z     > 11 |     await expect(page.locator('text=Access Denied')).toBeVisible();
Core Validation & E2E	Run Playwright Tests	2026-09-02T18:45:04.4384657Z          |                                                      ^
Core Validation & E2E	Run Playwright Tests	2026-09-02T18:45:04.4385471Z       12 |     await expect(page.locator('h1', { hasText: 'Branch App Configuration' })).not.toBeVisible();
Core Validation & E2E	Run Playwright Tests	2026-09-02T18:45:04.4386123Z       13 |   });
Core Validation & E2E	Run Playwright Tests	2026-09-02T18:45:04.4386415Z       14 |
Core Validation & E2E	Run Playwright Tests	2026-09-02T18:45:04.4387043Z         at /mnt/c/Users/krish/actions-runner/_work/ERP-1/ERP-1/apps/web/e2e/app-config.spec.ts:11:54
Core Validation & E2E	Run Playwright Tests	2026-09-02T18:45:04.4387595Z 
Core Validation & E2E	Run Playwright Tests	2026-09-02T18:45:04.4388864Z     Error Context: test-results/app-config-App-Config-Admi-2db5d-trying-to-access-app-config-webkit-teacher-retry2/error-context.md
Core Validation & E2E	Run Playwright Tests	2026-09-02T18:45:04.4389518Z 
Core Validation & E2E	Run Playwright Tests	2026-09-02T18:45:04.4389526Z 
Core Validation & E2E	Run Playwright Tests	2026-09-02T18:44:57.2085506Z [600/626] [webkit-teacher] › e2e/app-config.spec.ts:15:7 › App Config Admin Tests › Branch Admin can view and edit their branch app config
Core Validation & E2E	Run Playwright Tests	2026-09-02T18:45:07.5029875Z [601/626] [webkit-teacher] › e2e/app-config.spec.ts:40:7 › App Config Admin Tests › Super Admin can view and edit app configs across branches
Core Validation & E2E	Run Playwright Tests	2026-09-02T18:44:58.5469131Z [602/626] [webkit-teacher] › e2e/attendance.spec.ts:11:9 › Attendance Management › Teacher Flow (chromium-teacher) › Teacher can mark, save, and lock attendance
Core Validation & E2E	Run Playwright Tests	2026-09-02T18:44:58.5837409Z [603/626] [webkit-teacher] › e2e/attendance.spec.ts:64:9 › Attendance Management › Teacher Flow (chromium-teacher) › Teacher cannot bypass authorization for another branch
Core Validation & E2E	Run Playwright Tests	2026-09-02T18:44:58.6189603Z [604/626] [webkit-teacher] › e2e/attendance.spec.ts:76:9 › Attendance Management › Branch Admin Flow (chromium-branchadmin) › Admin can mark, save, lock, publish, and correct attendance
Core Validation & E2E	Run Playwright Tests	2026-09-02T18:44:58.6522688Z [605/626] [webkit-teacher] › e2e/attendance.spec.ts:145:9 › Attendance Management › Guardian History Flow (chromium-guardian) › Guardian can view published absences
Core Validation & E2E	Run Playwright Tests	2026-09-02T18:44:58.6829704Z [606/626] [webkit-teacher] › e2e/attendance.spec.ts:155:9 › Attendance Management › Guardian History Flow (chromium-guardian) › Guardian cannot access attendance entry page
Core Validation & E2E	Run Playwright Tests	2026-09-02T18:44:58.7459826Z [607/626] [webkit-teacher] › e2e/auth-password-reset.spec.ts:7:7 › Temporary Credentials Enforcement › User with force_password_reset=true is redirected and can reset
Core Validation & E2E	Run Playwright Tests	2026-09-02T18:44:59.1279940Z [608/626] [webkit-teacher] › e2e/auth-password-reset.spec.ts:62:7 › Temporary Credentials Enforcement › Normal user without force_password_reset can login normally
Core Validation & E2E	Run Playwright Tests	2026-09-02T18:45:04.9613780Z [609/626] [webkit-teacher] › e2e/branch-context.spec.ts:39:9 › branch-context authorization helpers › Super Admin Semantics › auth_is_super_admin() is true
Core Validation & E2E	Run Playwright Tests	2026-09-02T18:45:04.9785557Z [610/626] [webkit-teacher] › e2e/branch-context.spec.ts:44:9 › branch-context authorization helpers › Super Admin Semantics › auth_has_org_access() is true for authorized org
Core Validation & E2E	Run Playwright Tests	2026-09-02T18:45:04.9948546Z [611/626] [webkit-teacher] › e2e/branch-context.spec.ts:49:9 › branch-context authorization helpers › Super Admin Semantics › auth_has_branch_membership() is true for branch in authorized org
Core Validation & E2E	Run Playwright Tests	2026-09-02T18:45:05.0107641Z [612/626] [webkit-teacher] › e2e/branch-context.spec.ts:53:9 › branch-context authorization helpers › Super Admin Semantics › auth_has_branch_membership() is false for branch in unauthorized org
Core Validation & E2E	Run Playwright Tests	2026-09-02T18:45:05.0232671Z [613/626] [webkit-teacher] › e2e/branch-context.spec.ts:57:9 › branch-context authorization helpers › Super Admin Semantics › auth_has_branch_role() is false unless an explicit real role assignment exists
Core Validation & E2E	Run Playwright Tests	2026-09-02T18:45:05.0373302Z [614/626] [webkit-teacher] › e2e/branch-context.spec.ts:68:9 › branch-context authorization helpers › Branch Admin Semantics › branchadmin role is true for own branch
Core Validation & E2E	Run Playwright Tests	2026-09-02T18:45:05.0514483Z [615/626] [webkit-teacher] › e2e/branch-context.spec.ts:72:9 › branch-context authorization helpers › Branch Admin Semantics › teacher role is false unless explicitly assigned
Core Validation & E2E	Run Playwright Tests	2026-09-02T18:45:05.0666308Z [616/626] [webkit-teacher] › e2e/branch-context.spec.ts:76:9 › branch-context authorization helpers › Branch Admin Semantics › other branch is false
Core Validation & E2E	Run Playwright Tests	2026-09-02T18:45:05.0811026Z [617/626] [webkit-teacher] › e2e/branch-context.spec.ts:80:9 › branch-context authorization helpers › Branch Admin Semantics › wrong org is false
Core Validation & E2E	Run Playwright Tests	2026-09-02T18:45:05.0934334Z [618/626] [webkit-teacher] › e2e/branch-context.spec.ts:86:9 › branch-context authorization helpers › Teacher Semantics › teacher role is true in own branch
Core Validation & E2E	Run Playwright Tests	2026-09-02T18:45:05.1068395Z [619/626] [webkit-teacher] › e2e/branch-context.spec.ts:90:9 › branch-context authorization helpers › Teacher Semantics › branchadmin role is false
Core Validation & E2E	Run Playwright Tests	2026-09-02T18:45:05.1217091Z [620/626] [webkit-teacher] › e2e/branch-context.spec.ts:94:9 › branch-context authorization helpers › Teacher Semantics › other branch is false
Core Validation & E2E	Run Playwright Tests	2026-09-02T18:45:05.1352026Z [621/626] [webkit-teacher] › e2e/branch-context.spec.ts:98:9 › branch-context authorization helpers › Teacher Semantics › wrong org is false
Core Validation & E2E	Run Playwright Tests	2026-09-02T18:45:05.1798128Z [622/626] [webkit-teacher] › e2e/calendar.spec.ts:24:7 › Calendar UI › Teacher cannot mutate calendar events or operating days
Core Validation & E2E	Run Playwright Tests	2026-09-02T18:45:13.2407538Z [623/626] (retries) [webkit-teacher] › e2e/calendar.spec.ts:24:7 › Calendar UI › Teacher cannot mutate calendar events or operating days (retry #1)
Core Validation & E2E	Run Playwright Tests	2026-09-02T18:45:21.5182481Z [624/626] (retries) [webkit-teacher] › e2e/calendar.spec.ts:24:7 › Calendar UI › Teacher cannot mutate calendar events or operating days (retry #2)
Core Validation & E2E	Run Playwright Tests	2026-09-02T18:45:27.2884639Z   14) [webkit-teacher] › e2e/calendar.spec.ts:24:7 › Calendar UI › Teacher cannot mutate calendar events or operating days 
Core Validation & E2E	Run Playwright Tests	2026-09-02T18:45:27.2885268Z 
Core Validation & E2E	Run Playwright Tests	2026-09-02T18:45:27.2885465Z     Error: expect(locator).toBeVisible() failed
Core Validation & E2E	Run Playwright Tests	2026-09-02T18:45:27.2885731Z 
Core Validation & E2E	Run Playwright Tests	2026-09-02T18:45:27.2886046Z     Locator: getByRole('heading', { name: 'Academic Structure' })
Core Validation & E2E	Run Playwright Tests	2026-09-02T18:45:27.2886472Z     Expected: visible
Core Validation & E2E	Run Playwright Tests	2026-09-02T18:45:27.2886736Z     Timeout: 5000ms
Core Validation & E2E	Run Playwright Tests	2026-09-02T18:45:27.2887021Z     Error: element(s) not found
Core Validation & E2E	Run Playwright Tests	2026-09-02T18:45:27.2887216Z 
Core Validation & E2E	Run Playwright Tests	2026-09-02T18:45:27.2887312Z     Call log:
Core Validation & E2E	Run Playwright Tests	2026-09-02T18:45:27.2887618Z       - Expect "toBeVisible" with timeout 5000ms
Core Validation & E2E	Run Playwright Tests	2026-09-02T18:45:27.2888513Z       - waiting for getByRole('heading', { name: 'Academic Structure' })
Core Validation & E2E	Run Playwright Tests	2026-09-02T18:45:27.2889191Z 
Core Validation & E2E	Run Playwright Tests	2026-09-02T18:45:27.2889219Z 
Core Validation & E2E	Run Playwright Tests	2026-09-02T18:45:27.2889453Z       27 |
Core Validation & E2E	Run Playwright Tests	2026-09-02T18:45:27.2889884Z       28 |     await page.goto('/academic-structure/calendar');
Core Validation & E2E	Run Playwright Tests	2026-09-02T18:45:27.2896624Z     > 29 |     await expect(page.getByRole('heading', { name: 'Academic Structure' })).toBeVisible();
Core Validation & E2E	Run Playwright Tests	2026-09-02T18:45:27.2897167Z          |                                                                             ^
Core Validation & E2E	Run Playwright Tests	2026-09-02T18:45:27.2897690Z       30 |     await expect(page.getByRole('heading', { name: 'Operating Days' })).toBeVisible();
Core Validation & E2E	Run Playwright Tests	2026-09-02T18:45:27.2898094Z       31 |
Core Validation & E2E	Run Playwright Tests	2026-09-02T18:45:27.2898415Z       32 |     // Operating Days checkboxes are disabled for read-only roles
Core Validation & E2E	Run Playwright Tests	2026-09-02T18:45:27.2898988Z         at /mnt/c/Users/krish/actions-runner/_work/ERP-1/ERP-1/apps/web/e2e/calendar.spec.ts:29:77
Core Validation & E2E	Run Playwright Tests	2026-09-02T18:45:27.2899749Z 
Core Validation & E2E	Run Playwright Tests	2026-09-02T18:45:27.2900271Z     Error Context: test-results/calendar-Calendar-UI-Teach-494ef-ar-events-or-operating-days-webkit-teacher/error-context.md
Core Validation & E2E	Run Playwright Tests	2026-09-02T18:45:27.2900815Z 
Core Validation & E2E	Run Playwright Tests	2026-09-02T18:45:27.2901362Z     Retry #1 ───────────────────────────────────────────────────────────────────────────────────────
Core Validation & E2E	Run Playwright Tests	2026-09-02T18:45:27.2901681Z 
Core Validation & E2E	Run Playwright Tests	2026-09-02T18:45:27.2901852Z     Error: expect(locator).toBeVisible() failed
Core Validation & E2E	Run Playwright Tests	2026-09-02T18:45:27.2902250Z 
Core Validation & E2E	Run Playwright Tests	2026-09-02T18:45:27.2902634Z     Locator: getByRole('heading', { name: 'Academic Structure' })
Core Validation & E2E	Run Playwright Tests	2026-09-02T18:45:27.2903209Z     Expected: visible
Core Validation & E2E	Run Playwright Tests	2026-09-02T18:45:27.2903453Z     Timeout: 5000ms
Core Validation & E2E	Run Playwright Tests	2026-09-02T18:45:27.2903698Z     Error: element(s) not found
Core Validation & E2E	Run Playwright Tests	2026-09-02T18:45:27.2903864Z 
Core Validation & E2E	Run Playwright Tests	2026-09-02T18:45:27.2903942Z     Call log:
Core Validation & E2E	Run Playwright Tests	2026-09-02T18:45:27.2904197Z       - Expect "toBeVisible" with timeout 5000ms
Core Validation & E2E	Run Playwright Tests	2026-09-02T18:45:27.2904615Z       - waiting for getByRole('heading', { name: 'Academic Structure' })
Core Validation & E2E	Run Playwright Tests	2026-09-02T18:45:27.2904907Z 
Core Validation & E2E	Run Playwright Tests	2026-09-02T18:45:27.2904916Z 
Core Validation & E2E	Run Playwright Tests	2026-09-02T18:45:27.2905063Z       27 |
Core Validation & E2E	Run Playwright Tests	2026-09-02T18:45:27.2910502Z       28 |     await page.goto('/academic-structure/calendar');
Core Validation & E2E	Run Playwright Tests	2026-09-02T18:45:27.2911375Z     > 29 |     await expect(page.getByRole('heading', { name: 'Academic Structure' })).toBeVisible();
Core Validation & E2E	Run Playwright Tests	2026-09-02T18:45:27.2911916Z          |                                                                             ^
Core Validation & E2E	Run Playwright Tests	2026-09-02T18:45:27.2912546Z       30 |     await expect(page.getByRole('heading', { name: 'Operating Days' })).toBeVisible();
Core Validation & E2E	Run Playwright Tests	2026-09-02T18:45:27.2913035Z       31 |
Core Validation & E2E	Run Playwright Tests	2026-09-02T18:45:27.2913407Z       32 |     // Operating Days checkboxes are disabled for read-only roles
Core Validation & E2E	Run Playwright Tests	2026-09-02T18:45:27.2914089Z         at /mnt/c/Users/krish/actions-runner/_work/ERP-1/ERP-1/apps/web/e2e/calendar.spec.ts:29:77
Core Validation & E2E	Run Playwright Tests	2026-09-02T18:45:27.2916863Z 
Core Validation & E2E	Run Playwright Tests	2026-09-02T18:45:27.2917922Z     Error Context: test-results/calendar-Calendar-UI-Teach-494ef-ar-events-or-operating-days-webkit-teacher-retry1/error-context.md
Core Validation & E2E	Run Playwright Tests	2026-09-02T18:45:27.2918871Z 
Core Validation & E2E	Run Playwright Tests	2026-09-02T18:45:27.2919835Z     attachment #2: trace (application/zip) ─────────────────────────────────────────────────────────
Core Validation & E2E	Run Playwright Tests	2026-09-02T18:45:27.2921147Z     test-results/calendar-Calendar-UI-Teach-494ef-ar-events-or-operating-days-webkit-teacher-retry1/trace.zip
Core Validation & E2E	Run Playwright Tests	2026-09-02T18:45:27.2922756Z     Usage:
Core Validation & E2E	Run Playwright Tests	2026-09-02T18:45:27.2922907Z 
Core Validation & E2E	Run Playwright Tests	2026-09-02T18:45:27.2923614Z         npx playwright show-trace test-results/calendar-Calendar-UI-Teach-494ef-ar-events-or-operating-days-webkit-teacher-retry1/trace.zip
Core Validation & E2E	Run Playwright Tests	2026-09-02T18:45:27.2924313Z 
Core Validation & E2E	Run Playwright Tests	2026-09-02T18:45:27.2924877Z     ────────────────────────────────────────────────────────────────────────────────────────────────
Core Validation & E2E	Run Playwright Tests	2026-09-02T18:45:27.2925229Z 
Core Validation & E2E	Run Playwright Tests	2026-09-02T18:45:27.2925624Z     Retry #2 ───────────────────────────────────────────────────────────────────────────────────────
Core Validation & E2E	Run Playwright Tests	2026-09-02T18:45:27.2925917Z 
Core Validation & E2E	Run Playwright Tests	2026-09-02T18:45:27.2926076Z     Error: expect(locator).toBeVisible() failed
Core Validation & E2E	Run Playwright Tests	2026-09-02T18:45:27.2926277Z 
Core Validation & E2E	Run Playwright Tests	2026-09-02T18:45:27.2926483Z     Locator: getByRole('heading', { name: 'Academic Structure' })
Core Validation & E2E	Run Playwright Tests	2026-09-02T18:45:27.2926814Z     Expected: visible
Core Validation & E2E	Run Playwright Tests	2026-09-02T18:45:27.2927044Z     Timeout: 5000ms
Core Validation & E2E	Run Playwright Tests	2026-09-02T18:45:27.2927307Z     Error: element(s) not found
Core Validation & E2E	Run Playwright Tests	2026-09-02T18:45:27.2927691Z 
Core Validation & E2E	Run Playwright Tests	2026-09-02T18:45:27.2927808Z     Call log:
Core Validation & E2E	Run Playwright Tests	2026-09-02T18:45:27.2928092Z       - Expect "toBeVisible" with timeout 5000ms
Core Validation & E2E	Run Playwright Tests	2026-09-02T18:45:27.2935268Z       - waiting for getByRole('heading', { name: 'Academic Structure' })
Core Validation & E2E	Run Playwright Tests	2026-09-02T18:45:27.2935692Z 
Core Validation & E2E	Run Playwright Tests	2026-09-02T18:45:27.2935701Z 
Core Validation & E2E	Run Playwright Tests	2026-09-02T18:45:27.2935818Z       27 |
Core Validation & E2E	Run Playwright Tests	2026-09-02T18:45:27.2936236Z       28 |     await page.goto('/academic-structure/calendar');
Core Validation & E2E	Run Playwright Tests	2026-09-02T18:45:27.2937031Z     > 29 |     await expect(page.getByRole('heading', { name: 'Academic Structure' })).toBeVisible();
Core Validation & E2E	Run Playwright Tests	2026-09-02T18:45:27.2937813Z          |                                                                             ^
Core Validation & E2E	Run Playwright Tests	2026-09-02T18:45:27.2938571Z       30 |     await expect(page.getByRole('heading', { name: 'Operating Days' })).toBeVisible();
Core Validation & E2E	Run Playwright Tests	2026-09-02T18:45:27.2939180Z       31 |
Core Validation & E2E	Run Playwright Tests	2026-09-02T18:45:27.2939630Z       32 |     // Operating Days checkboxes are disabled for read-only roles
Core Validation & E2E	Run Playwright Tests	2026-09-02T18:45:27.2945855Z         at /mnt/c/Users/krish/actions-runner/_work/ERP-1/ERP-1/apps/web/e2e/calendar.spec.ts:29:77
Core Validation & E2E	Run Playwright Tests	2026-09-02T18:45:27.2946446Z 
Core Validation & E2E	Run Playwright Tests	2026-09-02T18:45:27.2947312Z     Error Context: test-results/calendar-Calendar-UI-Teach-494ef-ar-events-or-operating-days-webkit-teacher-retry2/error-context.md
Core Validation & E2E	Run Playwright Tests	2026-09-02T18:45:27.2948250Z 
Core Validation & E2E	Run Playwright Tests	2026-09-02T18:45:27.2948259Z 
Core Validation & E2E	Run Playwright Tests	2026-09-02T18:45:29.6440524Z [625/626] [webkit-teacher] › e2e/calendar.spec.ts:79:9 › Calendar UI › Branch Admin Calendar Mutations › Branch Admin can manage operating days
Core Validation & E2E	Run Playwright Tests	2026-09-02T18:45:30.4805834Z [626/626] [webkit-teacher] › e2e/calendar.spec.ts:128:9 › Calendar UI › Branch Admin Calendar Mutations › Branch Admin can create, edit, and archive calendar events
Core Validation & E2E	Run Playwright Tests	2026-09-02T18:45:32.8838423Z [627/626] [webkit-teacher] › e2e/communication.spec.ts:5:7 › Communication End-to-End Workflows › Branch Admin can create an announcement and view it in Sent
Core Validation & E2E	Run Playwright Tests	2026-09-02T18:45:33.4295559Z [628/626] [webkit-teacher] › e2e/communication.spec.ts:26:7 › Communication End-to-End Workflows › Teacher can create class announcement and branch-wide targeting is denied
Core Validation & E2E	Run Playwright Tests	2026-09-02T18:45:33.4608087Z [629/626] [webkit-teacher] › e2e/communication.spec.ts:61:7 › Communication End-to-End Workflows › Recipient can view message in inbox
Core Validation & E2E	Run Playwright Tests	2026-09-02T18:45:42.5357168Z [630/626] [webkit-teacher] › e2e/communication.spec.ts:163:7 › Communication End-to-End Workflows › Teacher rate limit enforces exactly 5 messages per day
Core Validation & E2E	Run Playwright Tests	2026-09-02T18:45:42.5975857Z [631/626] [webkit-teacher] › e2e/homework.spec.ts:11:9 › Homework E2E - Phase 5 › Teacher Creation Flow › Teacher creates, saves draft, and publishes
Core Validation & E2E	Run Playwright Tests	2026-09-02T18:45:42.6362831Z [632/626] [webkit-teacher] › e2e/homework.spec.ts:63:9 › Homework E2E - Phase 5 › Guardian View Flow › Guardian views homework but cannot submit
Core Validation & E2E	Run Playwright Tests	2026-09-02T18:45:42.6764085Z [633/626] [webkit-teacher] › e2e/homework.spec.ts:86:9 › Homework E2E - Phase 5 › Unauthorized Access › Unauthorized access to creation page is blocked
Core Validation & E2E	Run Playwright Tests	2026-09-02T18:45:42.7422300Z [634/626] [webkit-teacher] › e2e/proxy-security.spec.ts:8:7 › Proxy / Middleware Runtime Security › Unauthenticated user is redirected to /login
Core Validation & E2E	Run Playwright Tests	2026-09-02T18:45:33.2601495Z [635/626] [webkit-teacher] › e2e/proxy-security.spec.ts:20:7 › Proxy / Middleware Runtime Security › Normal authenticated user is not incorrectly redirected
Core Validation & E2E	Run Playwright Tests	2026-09-02T18:45:33.2964754Z [636/626] [webkit-teacher] › e2e/proxy-security.spec.ts:28:7 › Proxy / Middleware Runtime Security › Logout remains usable
Core Validation & E2E	Run Playwright Tests	2026-09-02T18:45:33.3336788Z [637/626] [webkit-teacher] › e2e/proxy-security.spec.ts:45:9 › Proxy / Middleware Runtime Security › Password Reset Flow › User requiring password reset is redirected to /auth/update-password
Core Validation & E2E	Run Playwright Tests	2026-09-02T18:45:33.4023103Z [638/626] [webkit-teacher] › e2e/scheduling.spec.ts:13:7 › Scheduling Management › Branch Admin can manage rooms, bell schedules, and periods
Core Validation & E2E	Run Playwright Tests	2026-09-02T18:45:33.4331539Z [639/626] [webkit-teacher] › e2e/scheduling.spec.ts:99:7 › Scheduling Security - Teacher Role › Teacher cannot perform administrative mutations
Core Validation & E2E	Run Playwright Tests	2026-09-02T18:45:33.4657376Z [640/626] [webkit-teacher] › e2e/scheduling.spec.ts:119:7 › Scheduling Security - Cross Branch › Cross-branch manipulation is rejected
Core Validation & E2E	Run Playwright Tests	2026-09-02T18:45:33.5348163Z [641/626] [webkit-teacher] › e2e/storage.spec.ts:34:7 › Storage Runtime Authorization (Communication) › Teacher can upload attachment to their own draft and unauthorized users cannot read
Core Validation & E2E	Run Playwright Tests	2026-09-02T18:45:33.6119387Z [642/626] [webkit-teacher] › e2e/students-security.spec.ts:17:7 › Students Page Authorization › Branch Admin can access /students for their own branch
Core Validation & E2E	Run Playwright Tests	2026-09-02T18:45:34.0514208Z [643/626] [webkit-teacher] › e2e/students-security.spec.ts:35:7 › Students Page Authorization › Teacher can access /students in read-only mode
Core Validation & E2E	Run Playwright Tests	2026-09-02T18:45:42.3986575Z [644/626] (retries) [webkit-teacher] › e2e/students-security.spec.ts:35:7 › Students Page Authorization › Teacher can access /students in read-only mode (retry #1)
Core Validation & E2E	Run Playwright Tests	2026-09-02T18:45:50.9656636Z [645/626] (retries) [webkit-teacher] › e2e/students-security.spec.ts:35:7 › Students Page Authorization › Teacher can access /students in read-only mode (retry #2)
Core Validation & E2E	Run Playwright Tests	2026-09-02T18:45:56.7516413Z   15) [webkit-teacher] › e2e/students-security.spec.ts:35:7 › Students Page Authorization › Teacher can access /students in read-only mode 
Core Validation & E2E	Run Playwright Tests	2026-09-02T18:45:56.7518201Z 
Core Validation & E2E	Run Playwright Tests	2026-09-02T18:45:56.7518567Z     Error: expect(locator).toBeVisible() failed
Core Validation & E2E	Run Playwright Tests	2026-09-02T18:45:56.7518967Z 
Core Validation & E2E	Run Playwright Tests	2026-09-02T18:45:56.7519227Z     Locator: locator('h1:has-text("Students")')
Core Validation & E2E	Run Playwright Tests	2026-09-02T18:45:56.7519711Z     Expected: visible
Core Validation & E2E	Run Playwright Tests	2026-09-02T18:45:56.7520049Z     Timeout: 5000ms
Core Validation & E2E	Run Playwright Tests	2026-09-02T18:45:56.7520454Z     Error: element(s) not found
Core Validation & E2E	Run Playwright Tests	2026-09-02T18:45:56.7520733Z 
Core Validation & E2E	Run Playwright Tests	2026-09-02T18:45:56.7520886Z     Call log:
Core Validation & E2E	Run Playwright Tests	2026-09-02T18:45:56.7521328Z       - Expect "toBeVisible" with timeout 5000ms
Core Validation & E2E	Run Playwright Tests	2026-09-02T18:45:56.7521956Z       - waiting for locator('h1:has-text("Students")')
Core Validation & E2E	Run Playwright Tests	2026-09-02T18:45:56.7522345Z 
Core Validation & E2E	Run Playwright Tests	2026-09-02T18:45:56.7522356Z 
Core Validation & E2E	Run Playwright Tests	2026-09-02T18:45:56.7522517Z       41 |
Core Validation & E2E	Run Playwright Tests	2026-09-02T18:45:56.7522949Z       42 |     // Page should render successfully
Core Validation & E2E	Run Playwright Tests	2026-09-02T18:45:56.7523824Z     > 43 |     await expect(page.locator('h1:has-text("Students")')).toBeVisible();
Core Validation & E2E	Run Playwright Tests	2026-09-02T18:45:56.7524638Z          |                                                           ^
Core Validation & E2E	Run Playwright Tests	2026-09-02T18:45:56.7525184Z       44 |
Core Validation & E2E	Run Playwright Tests	2026-09-02T18:45:56.7525742Z       45 |     // Teacher should NOT see the "Add Student" link (read-only)
Core Validation & E2E	Run Playwright Tests	2026-09-02T18:45:56.7527061Z       46 |     await expect(page.locator('a:has-text("Add Student")')).not.toBeVisible();
Core Validation & E2E	Run Playwright Tests	2026-09-02T18:45:56.7528254Z         at /mnt/c/Users/krish/actions-runner/_work/ERP-1/ERP-1/apps/web/e2e/students-security.spec.ts:43:59
Core Validation & E2E	Run Playwright Tests	2026-09-02T18:45:56.7528963Z 
Core Validation & E2E	Run Playwright Tests	2026-09-02T18:45:56.7529858Z     Error Context: test-results/students-security-Students-c93cf--students-in-read-only-mode-webkit-teacher/error-context.md
Core Validation & E2E	Run Playwright Tests	2026-09-02T18:45:56.7530838Z 
Core Validation & E2E	Run Playwright Tests	2026-09-02T18:45:56.7532100Z     Retry #1 ───────────────────────────────────────────────────────────────────────────────────────
Core Validation & E2E	Run Playwright Tests	2026-09-02T18:45:56.7532732Z 
Core Validation & E2E	Run Playwright Tests	2026-09-02T18:45:56.7533082Z     Error: expect(locator).toBeVisible() failed
Core Validation & E2E	Run Playwright Tests	2026-09-02T18:45:56.7533495Z 
Core Validation & E2E	Run Playwright Tests	2026-09-02T18:45:56.7533687Z     Locator: locator('h1:has-text("Students")')
Core Validation & E2E	Run Playwright Tests	2026-09-02T18:45:56.7540235Z     Expected: visible
Core Validation & E2E	Run Playwright Tests	2026-09-02T18:45:56.7540508Z     Timeout: 5000ms
Core Validation & E2E	Run Playwright Tests	2026-09-02T18:45:56.7541116Z     Error: element(s) not found
Core Validation & E2E	Run Playwright Tests	2026-09-02T18:45:56.7541341Z 
Core Validation & E2E	Run Playwright Tests	2026-09-02T18:45:56.7541444Z     Call log:
Core Validation & E2E	Run Playwright Tests	2026-09-02T18:45:56.7541724Z       - Expect "toBeVisible" with timeout 5000ms
Core Validation & E2E	Run Playwright Tests	2026-09-02T18:45:56.7542107Z       - waiting for locator('h1:has-text("Students")')
Core Validation & E2E	Run Playwright Tests	2026-09-02T18:45:56.7542327Z 
Core Validation & E2E	Run Playwright Tests	2026-09-02T18:45:56.7542333Z 
Core Validation & E2E	Run Playwright Tests	2026-09-02T18:45:56.7542411Z       41 |
Core Validation & E2E	Run Playwright Tests	2026-09-02T18:45:56.7542663Z       42 |     // Page should render successfully
Core Validation & E2E	Run Playwright Tests	2026-09-02T18:45:56.7543096Z     > 43 |     await expect(page.locator('h1:has-text("Students")')).toBeVisible();
Core Validation & E2E	Run Playwright Tests	2026-09-02T18:45:56.7543537Z          |                                                           ^
Core Validation & E2E	Run Playwright Tests	2026-09-02T18:45:56.7544140Z       44 |
Core Validation & E2E	Run Playwright Tests	2026-09-02T18:45:56.7544752Z       45 |     // Teacher should NOT see the "Add Student" link (read-only)
Core Validation & E2E	Run Playwright Tests	2026-09-02T18:45:56.7545399Z       46 |     await expect(page.locator('a:has-text("Add Student")')).not.toBeVisible();
Core Validation & E2E	Run Playwright Tests	2026-09-02T18:45:56.7546345Z         at /mnt/c/Users/krish/actions-runner/_work/ERP-1/ERP-1/apps/web/e2e/students-security.spec.ts:43:59
Core Validation & E2E	Run Playwright Tests	2026-09-02T18:45:56.7546760Z 
Core Validation & E2E	Run Playwright Tests	2026-09-02T18:45:56.7547745Z     Error Context: test-results/students-security-Students-c93cf--students-in-read-only-mode-webkit-teacher-retry1/error-context.md
Core Validation & E2E	Run Playwright Tests	2026-09-02T18:45:56.7548371Z 
Core Validation & E2E	Run Playwright Tests	2026-09-02T18:45:56.7548942Z     attachment #2: trace (application/zip) ─────────────────────────────────────────────────────────
Core Validation & E2E	Run Playwright Tests	2026-09-02T18:45:56.7549729Z     test-results/students-security-Students-c93cf--students-in-read-only-mode-webkit-teacher-retry1/trace.zip
Core Validation & E2E	Run Playwright Tests	2026-09-02T18:45:56.7550276Z     Usage:
Core Validation & E2E	Run Playwright Tests	2026-09-02T18:45:56.7550377Z 
Core Validation & E2E	Run Playwright Tests	2026-09-02T18:45:56.7551252Z         npx playwright show-trace test-results/students-security-Students-c93cf--students-in-read-only-mode-webkit-teacher-retry1/trace.zip
Core Validation & E2E	Run Playwright Tests	2026-09-02T18:45:56.7556270Z 
Core Validation & E2E	Run Playwright Tests	2026-09-02T18:45:56.7556715Z     ────────────────────────────────────────────────────────────────────────────────────────────────
Core Validation & E2E	Run Playwright Tests	2026-09-02T18:45:56.7557035Z 
Core Validation & E2E	Run Playwright Tests	2026-09-02T18:45:56.7557393Z     Retry #2 ───────────────────────────────────────────────────────────────────────────────────────
Core Validation & E2E	Run Playwright Tests	2026-09-02T18:45:56.7557673Z 
Core Validation & E2E	Run Playwright Tests	2026-09-02T18:45:56.7557832Z     Error: expect(locator).toBeVisible() failed
Core Validation & E2E	Run Playwright Tests	2026-09-02T18:45:56.7558040Z 
Core Validation & E2E	Run Playwright Tests	2026-09-02T18:45:56.7558179Z     Locator: locator('h1:has-text("Students")')
Core Validation & E2E	Run Playwright Tests	2026-09-02T18:45:56.7558452Z     Expected: visible
Core Validation & E2E	Run Playwright Tests	2026-09-02T18:45:56.7558666Z     Timeout: 5000ms
Core Validation & E2E	Run Playwright Tests	2026-09-02T18:45:56.7558893Z     Error: element(s) not found
Core Validation & E2E	Run Playwright Tests	2026-09-02T18:45:56.7559043Z 
Core Validation & E2E	Run Playwright Tests	2026-09-02T18:45:56.7559123Z     Call log:
Core Validation & E2E	Run Playwright Tests	2026-09-02T18:45:56.7559758Z       - Expect "toBeVisible" with timeout 5000ms
Core Validation & E2E	Run Playwright Tests	2026-09-02T18:45:56.7560163Z       - waiting for locator('h1:has-text("Students")')
Core Validation & E2E	Run Playwright Tests	2026-09-02T18:45:56.7560400Z 
Core Validation & E2E	Run Playwright Tests	2026-09-02T18:45:56.7560406Z 
Core Validation & E2E	Run Playwright Tests	2026-09-02T18:45:56.7560489Z       41 |
Core Validation & E2E	Run Playwright Tests	2026-09-02T18:45:56.7560734Z       42 |     // Page should render successfully
Core Validation & E2E	Run Playwright Tests	2026-09-02T18:45:56.7561172Z     > 43 |     await expect(page.locator('h1:has-text("Students")')).toBeVisible();
Core Validation & E2E	Run Playwright Tests	2026-09-02T18:45:56.7568981Z          |                                                           ^
Core Validation & E2E	Run Playwright Tests	2026-09-02T18:45:56.7569544Z       44 |
Core Validation & E2E	Run Playwright Tests	2026-09-02T18:45:56.7570169Z       45 |     // Teacher should NOT see the "Add Student" link (read-only)
Core Validation & E2E	Run Playwright Tests	2026-09-02T18:45:56.7571254Z       46 |     await expect(page.locator('a:has-text("Add Student")')).not.toBeVisible();
Core Validation & E2E	Run Playwright Tests	2026-09-02T18:45:56.7572641Z         at /mnt/c/Users/krish/actions-runner/_work/ERP-1/ERP-1/apps/web/e2e/students-security.spec.ts:43:59
Core Validation & E2E	Run Playwright Tests	2026-09-02T18:45:56.7573523Z 
Core Validation & E2E	Run Playwright Tests	2026-09-02T18:45:56.7574671Z     Error Context: test-results/students-security-Students-c93cf--students-in-read-only-mode-webkit-teacher-retry2/error-context.md
Core Validation & E2E	Run Playwright Tests	2026-09-02T18:45:56.7575908Z 
Core Validation & E2E	Run Playwright Tests	2026-09-02T18:45:56.7575922Z 
Core Validation & E2E	Run Playwright Tests	2026-09-02T18:45:58.9730522Z [646/626] [webkit-teacher] › e2e/students-security.spec.ts:52:7 › Students Page Authorization › Students page rejects access with invalid branch context
Core Validation & E2E	Run Playwright Tests	2026-09-02T18:45:59.8408597Z [647/626] [webkit-teacher] › e2e/students-security.spec.ts:67:7 › Students/New Page Authorization › Branch Admin can access /students/new for their branch
Core Validation & E2E	Run Playwright Tests	2026-09-02T18:46:00.4362549Z [648/626] [webkit-teacher] › e2e/students-security.spec.ts:80:7 › Students/New Page Authorization › Teacher cannot access /students/new (read-only role)
Core Validation & E2E	Run Playwright Tests	2026-09-02T18:46:08.4666066Z [649/626] (retries) [webkit-teacher] › e2e/students-security.spec.ts:80:7 › Students/New Page Authorization › Teacher cannot access /students/new (read-only role) (retry #1)
Core Validation & E2E	Run Playwright Tests	2026-09-02T18:46:16.5535138Z [650/626] (retries) [webkit-teacher] › e2e/students-security.spec.ts:80:7 › Students/New Page Authorization › Teacher cannot access /students/new (read-only role) (retry #2)
Core Validation & E2E	Run Playwright Tests	2026-09-02T18:46:22.1892587Z   16) [webkit-teacher] › e2e/students-security.spec.ts:80:7 › Students/New Page Authorization › Teacher cannot access /students/new (read-only role) 
Core Validation & E2E	Run Playwright Tests	2026-09-02T18:46:22.1893274Z 
Core Validation & E2E	Run Playwright Tests	2026-09-02T18:46:22.1893463Z     Error: expect(locator).toBeVisible() failed
Core Validation & E2E	Run Playwright Tests	2026-09-02T18:46:22.1893717Z 
Core Validation & E2E	Run Playwright Tests	2026-09-02T18:46:22.1893886Z     Locator: locator('text=Insufficient Permissions')
Core Validation & E2E	Run Playwright Tests	2026-09-02T18:46:22.1894198Z     Expected: visible
Core Validation & E2E	Run Playwright Tests	2026-09-02T18:46:22.1894408Z     Timeout: 5000ms
Core Validation & E2E	Run Playwright Tests	2026-09-02T18:46:22.1894706Z     Error: element(s) not found
Core Validation & E2E	Run Playwright Tests	2026-09-02T18:46:22.1894859Z 
Core Validation & E2E	Run Playwright Tests	2026-09-02T18:46:22.1894945Z     Call log:
Core Validation & E2E	Run Playwright Tests	2026-09-02T18:46:22.1895194Z       - Expect "toBeVisible" with timeout 5000ms
Core Validation & E2E	Run Playwright Tests	2026-09-02T18:46:22.1895838Z       - waiting for locator('text=Insufficient Permissions')
Core Validation & E2E	Run Playwright Tests	2026-09-02T18:46:22.1896094Z 
Core Validation & E2E	Run Playwright Tests	2026-09-02T18:46:22.1896101Z 
Core Validation & E2E	Run Playwright Tests	2026-09-02T18:46:22.1896176Z       86 |
Core Validation & E2E	Run Playwright Tests	2026-09-02T18:46:22.1896533Z       87 |     // Should show insufficient permissions
Core Validation & E2E	Run Playwright Tests	2026-09-02T18:46:22.1897013Z     > 88 |     await expect(page.locator('text=Insufficient Permissions')).toBeVisible();
Core Validation & E2E	Run Playwright Tests	2026-09-02T18:46:22.1897506Z          |                                                                 ^
Core Validation & E2E	Run Playwright Tests	2026-09-02T18:46:22.1897795Z       89 |   });
Core Validation & E2E	Run Playwright Tests	2026-09-02T18:46:22.1898162Z       90 |
Core Validation & E2E	Run Playwright Tests	2026-09-02T18:46:22.1898863Z       91 |   test('Students/new page does not contain hardcoded branch/org IDs', async ({ page }) => {
Core Validation & E2E	Run Playwright Tests	2026-09-02T18:46:22.1900045Z         at /mnt/c/Users/krish/actions-runner/_work/ERP-1/ERP-1/apps/web/e2e/students-security.spec.ts:88:65
Core Validation & E2E	Run Playwright Tests	2026-09-02T18:46:22.1900811Z 
Core Validation & E2E	Run Playwright Tests	2026-09-02T18:46:22.1901342Z     Error Context: test-results/students-security-Students-0e584-tudents-new-read-only-role--webkit-teacher/error-context.md
Core Validation & E2E	Run Playwright Tests	2026-09-02T18:46:22.1903515Z 
Core Validation & E2E	Run Playwright Tests	2026-09-02T18:46:22.1904327Z     Retry #1 ───────────────────────────────────────────────────────────────────────────────────────
Core Validation & E2E	Run Playwright Tests	2026-09-02T18:46:22.1904683Z 
Core Validation & E2E	Run Playwright Tests	2026-09-02T18:46:22.1904861Z     Error: expect(locator).toBeVisible() failed
Core Validation & E2E	Run Playwright Tests	2026-09-02T18:46:22.1905093Z 
Core Validation & E2E	Run Playwright Tests	2026-09-02T18:46:22.1905314Z     Locator: locator('text=Insufficient Permissions')
Core Validation & E2E	Run Playwright Tests	2026-09-02T18:46:22.1905656Z     Expected: visible
Core Validation & E2E	Run Playwright Tests	2026-09-02T18:46:22.1905885Z     Timeout: 5000ms
Core Validation & E2E	Run Playwright Tests	2026-09-02T18:46:22.1908257Z     Error: element(s) not found
Core Validation & E2E	Run Playwright Tests	2026-09-02T18:46:22.1908548Z 
Core Validation & E2E	Run Playwright Tests	2026-09-02T18:46:22.1915019Z     Call log:
Core Validation & E2E	Run Playwright Tests	2026-09-02T18:46:22.1915467Z       - Expect "toBeVisible" with timeout 5000ms
Core Validation & E2E	Run Playwright Tests	2026-09-02T18:46:22.1916180Z       - waiting for locator('text=Insufficient Permissions')
Core Validation & E2E	Run Playwright Tests	2026-09-02T18:46:22.1916593Z 
Core Validation & E2E	Run Playwright Tests	2026-09-02T18:46:22.1916603Z 
Core Validation & E2E	Run Playwright Tests	2026-09-02T18:46:22.1916739Z       86 |
Core Validation & E2E	Run Playwright Tests	2026-09-02T18:46:22.1917179Z       87 |     // Should show insufficient permissions
Core Validation & E2E	Run Playwright Tests	2026-09-02T18:46:22.1917925Z     > 88 |     await expect(page.locator('text=Insufficient Permissions')).toBeVisible();
Core Validation & E2E	Run Playwright Tests	2026-09-02T18:46:22.1918409Z          |                                                                 ^
Core Validation & E2E	Run Playwright Tests	2026-09-02T18:46:22.1918710Z       89 |   });
Core Validation & E2E	Run Playwright Tests	2026-09-02T18:46:22.1918895Z       90 |
Core Validation & E2E	Run Playwright Tests	2026-09-02T18:46:22.1919311Z       91 |   test('Students/new page does not contain hardcoded branch/org IDs', async ({ page }) => {
Core Validation & E2E	Run Playwright Tests	2026-09-02T18:46:22.1920036Z         at /mnt/c/Users/krish/actions-runner/_work/ERP-1/ERP-1/apps/web/e2e/students-security.spec.ts:88:65
Core Validation & E2E	Run Playwright Tests	2026-09-02T18:46:22.1920423Z 
Core Validation & E2E	Run Playwright Tests	2026-09-02T18:46:22.1920944Z     Error Context: test-results/students-security-Students-0e584-tudents-new-read-only-role--webkit-teacher-retry1/error-context.md
Core Validation & E2E	Run Playwright Tests	2026-09-02T18:46:22.1921503Z 
Core Validation & E2E	Run Playwright Tests	2026-09-02T18:46:22.1922157Z     attachment #2: trace (application/zip) ─────────────────────────────────────────────────────────
Core Validation & E2E	Run Playwright Tests	2026-09-02T18:46:22.1923445Z     test-results/students-security-Students-0e584-tudents-new-read-only-role--webkit-teacher-retry1/trace.zip
Core Validation & E2E	Run Playwright Tests	2026-09-02T18:46:22.1924050Z     Usage:
Core Validation & E2E	Run Playwright Tests	2026-09-02T18:46:22.1924164Z 
Core Validation & E2E	Run Playwright Tests	2026-09-02T18:46:22.1924713Z         npx playwright show-trace test-results/students-security-Students-0e584-tudents-new-read-only-role--webkit-teacher-retry1/trace.zip
Core Validation & E2E	Run Playwright Tests	2026-09-02T18:46:22.1925283Z 
Core Validation & E2E	Run Playwright Tests	2026-09-02T18:46:22.1926123Z     ────────────────────────────────────────────────────────────────────────────────────────────────
Core Validation & E2E	Run Playwright Tests	2026-09-02T18:46:22.1932387Z 
Core Validation & E2E	Run Playwright Tests	2026-09-02T18:46:22.1933042Z     Retry #2 ───────────────────────────────────────────────────────────────────────────────────────
Core Validation & E2E	Run Playwright Tests	2026-09-02T18:46:22.1933373Z 
Core Validation & E2E	Run Playwright Tests	2026-09-02T18:46:22.1933739Z     Error: expect(locator).toBeVisible() failed
Core Validation & E2E	Run Playwright Tests	2026-09-02T18:46:22.1934027Z 
Core Validation & E2E	Run Playwright Tests	2026-09-02T18:46:22.1934230Z     Locator: locator('text=Insufficient Permissions')
Core Validation & E2E	Run Playwright Tests	2026-09-02T18:46:22.1934563Z     Expected: visible
Core Validation & E2E	Run Playwright Tests	2026-09-02T18:46:22.1934787Z     Timeout: 5000ms
Core Validation & E2E	Run Playwright Tests	2026-09-02T18:46:22.1950473Z     Error: element(s) not found
Core Validation & E2E	Run Playwright Tests	2026-09-02T18:46:22.1950725Z 
Core Validation & E2E	Run Playwright Tests	2026-09-02T18:46:22.1950812Z     Call log:
Core Validation & E2E	Run Playwright Tests	2026-09-02T18:46:22.1951093Z       - Expect "toBeVisible" with timeout 5000ms
Core Validation & E2E	Run Playwright Tests	2026-09-02T18:46:22.1951519Z       - waiting for locator('text=Insufficient Permissions')
Core Validation & E2E	Run Playwright Tests	2026-09-02T18:46:22.1951759Z 
Core Validation & E2E	Run Playwright Tests	2026-09-02T18:46:22.1951765Z 
Core Validation & E2E	Run Playwright Tests	2026-09-02T18:46:22.1951855Z       86 |
Core Validation & E2E	Run Playwright Tests	2026-09-02T18:46:22.1952122Z       87 |     // Should show insufficient permissions
Core Validation & E2E	Run Playwright Tests	2026-09-02T18:46:22.1952652Z     > 88 |     await expect(page.locator('text=Insufficient Permissions')).toBeVisible();
Core Validation & E2E	Run Playwright Tests	2026-09-02T18:46:22.1953151Z          |                                                                 ^
Core Validation & E2E	Run Playwright Tests	2026-09-02T18:46:22.1953460Z       89 |   });
Core Validation & E2E	Run Playwright Tests	2026-09-02T18:46:22.1953670Z       90 |
Core Validation & E2E	Run Playwright Tests	2026-09-02T18:46:22.1954097Z       91 |   test('Students/new page does not contain hardcoded branch/org IDs', async ({ page }) => {
Core Validation & E2E	Run Playwright Tests	2026-09-02T18:46:22.1954814Z         at /mnt/c/Users/krish/actions-runner/_work/ERP-1/ERP-1/apps/web/e2e/students-security.spec.ts:88:65
Core Validation & E2E	Run Playwright Tests	2026-09-02T18:46:22.1955213Z 
Core Validation & E2E	Run Playwright Tests	2026-09-02T18:46:22.1955948Z     Error Context: test-results/students-security-Students-0e584-tudents-new-read-only-role--webkit-teacher-retry2/error-context.md
Core Validation & E2E	Run Playwright Tests	2026-09-02T18:46:22.1956557Z 
Core Validation & E2E	Run Playwright Tests	2026-09-02T18:46:22.1956564Z 
Core Validation & E2E	Run Playwright Tests	2026-09-02T18:46:24.3663476Z [651/626] [webkit-teacher] › e2e/students-security.spec.ts:91:7 › Students/New Page Authorization › Students/new page does not contain hardcoded branch/org IDs
Core Validation & E2E	Run Playwright Tests	2026-09-02T18:46:25.1620811Z [652/626] [webkit-teacher] › e2e/students-security.spec.ts:104:7 › Students/New Page Authorization › Students/new rejects cross-branch access
Core Validation & E2E	Run Playwright Tests	2026-09-02T18:46:25.6201530Z [653/626] [webkit-teacher] › e2e/students-security.spec.ts:119:7 › Students Detail Page Authorization › Student detail page enforces branch context
Core Validation & E2E	Run Playwright Tests	2026-09-02T18:46:26.0329026Z [654/626] [webkit-teacher] › e2e/students-security.spec.ts:131:7 › Students Detail Page Authorization › Student detail page rejects cross-branch access
Core Validation & E2E	Run Playwright Tests	2026-09-02T18:46:26.5191318Z [655/626] [webkit-teacher] › e2e/substitutions.spec.ts:33:7 › Substitutions Management › Branch Admin CRUD & Conflicts › should manage substitutions and handle conflicts
Core Validation & E2E	Run Playwright Tests	2026-09-02T18:46:26.5603841Z [656/626] [webkit-teacher] › e2e/substitutions.spec.ts:281:9 › Substitutions Management › Teacher Roles › should view substitutions but cannot create
Core Validation & E2E	Run Playwright Tests	2026-09-02T18:46:26.6289003Z [657/626] [webkit-teacher] › e2e/timetable.spec.ts:27:9 › Timetable Management › Branch Admin CRUD & Conflicts › should manage timetable entries and handle conflicts
Core Validation & E2E	Run Playwright Tests	2026-09-02T18:46:26.6593780Z [658/626] [webkit-teacher] › e2e/timetable.spec.ts:168:9 › Timetable Management › Teacher Roles › should view timetable but cannot create entries
Core Validation & E2E	Run Playwright Tests	2026-09-02T18:46:26.8097042Z   16 failed
Core Validation & E2E	Run Playwright Tests	2026-09-02T18:46:26.8098377Z     [chromium-teacher] › e2e/proxy-security.spec.ts:45:9 › Proxy / Middleware Runtime Security › Password Reset Flow › User requiring password reset is redirected to /auth/update-password 
Core Validation & E2E	Run Playwright Tests	2026-09-02T18:46:26.8099671Z     [chromium-teacher] › e2e/scheduling.spec.ts:99:7 › Scheduling Security - Teacher Role › Teacher cannot perform administrative mutations 
Core Validation & E2E	Run Playwright Tests	2026-09-02T18:46:26.8101344Z     [chromium-teacher] › e2e/students-security.spec.ts:35:7 › Students Page Authorization › Teacher can access /students in read-only mode 
Core Validation & E2E	Run Playwright Tests	2026-09-02T18:46:26.8102714Z     [chromium-teacher] › e2e/students-security.spec.ts:80:7 › Students/New Page Authorization › Teacher cannot access /students/new (read-only role) 
Core Validation & E2E	Run Playwright Tests	2026-09-02T18:46:26.8110402Z     [chromium-teacher] › e2e/substitutions.spec.ts:281:9 › Substitutions Management › Teacher Roles › should view substitutions but cannot create 
Core Validation & E2E	Run Playwright Tests	2026-09-02T18:46:26.8112430Z     [chromium-teacher] › e2e/timetable.spec.ts:168:9 › Timetable Management › Teacher Roles › should view timetable but cannot create entries 
Core Validation & E2E	Run Playwright Tests	2026-09-02T18:46:26.8114010Z     [mobile-chrome-teacher] › e2e/academic-structure.spec.ts:6:7 › Academic Structure Role Tests › Teacher gets Access Denied when trying to create and sees branch identity without switching 
Core Validation & E2E	Run Playwright Tests	2026-09-02T18:46:26.8116171Z     [mobile-chrome-teacher] › e2e/app-config.spec.ts:5:7 › App Config Admin Tests › Teacher gets Access Denied when trying to access app config 
Core Validation & E2E	Run Playwright Tests	2026-09-02T18:46:26.8117564Z     [mobile-chrome-teacher] › e2e/calendar.spec.ts:24:7 › Calendar UI › Teacher cannot mutate calendar events or operating days 
Core Validation & E2E	Run Playwright Tests	2026-09-02T18:46:26.8119025Z     [mobile-chrome-teacher] › e2e/students-security.spec.ts:35:7 › Students Page Authorization › Teacher can access /students in read-only mode 
Core Validation & E2E	Run Playwright Tests	2026-09-02T18:46:26.8120299Z     [mobile-chrome-teacher] › e2e/students-security.spec.ts:80:7 › Students/New Page Authorization › Teacher cannot access /students/new (read-only role) 
Core Validation & E2E	Run Playwright Tests	2026-09-02T18:46:26.8121662Z     [webkit-teacher] › e2e/academic-structure.spec.ts:6:7 › Academic Structure Role Tests › Teacher gets Access Denied when trying to create and sees branch identity without switching 
Core Validation & E2E	Run Playwright Tests	2026-09-02T18:46:26.8123026Z     [webkit-teacher] › e2e/app-config.spec.ts:5:7 › App Config Admin Tests › Teacher gets Access Denied when trying to access app config 
Core Validation & E2E	Run Playwright Tests	2026-09-02T18:46:26.8124018Z     [webkit-teacher] › e2e/calendar.spec.ts:24:7 › Calendar UI › Teacher cannot mutate calendar events or operating days 
Core Validation & E2E	Run Playwright Tests	2026-09-02T18:46:26.8124996Z     [webkit-teacher] › e2e/students-security.spec.ts:35:7 › Students Page Authorization › Teacher can access /students in read-only mode 
Core Validation & E2E	Run Playwright Tests	2026-09-02T18:46:26.8126087Z     [webkit-teacher] › e2e/students-security.spec.ts:80:7 › Students/New Page Authorization › Teacher cannot access /students/new (read-only role) 
Core Validation & E2E	Run Playwright Tests	2026-09-02T18:46:26.8127052Z   392 skipped
Core Validation & E2E	Run Playwright Tests	2026-09-02T18:46:26.8127349Z   218 passed (15.7m)
Core Validation & E2E	Run Playwright Tests	2026-09-02T18:46:27.0043105Z ##[error]Process completed with exit code 1.
