Core Validation & E2E	Run Playwright Tests	﻿2026-09-02T14:44:06.3493393Z ##[group]Run cd apps/web
Core Validation & E2E	Run Playwright Tests	2026-09-02T14:44:06.3494156Z ^[[36;1mcd apps/web^[[0m
Core Validation & E2E	Run Playwright Tests	2026-09-02T14:44:06.3494508Z ^[[36;1mnpx --no-install playwright test --reporter=line,json^[[0m
Core Validation & E2E	Run Playwright Tests	2026-09-02T14:44:06.3720431Z shell: /usr/bin/bash -e {0}
Core Validation & E2E	Run Playwright Tests	2026-09-02T14:44:06.3721560Z env:
Core Validation & E2E	Run Playwright Tests	2026-09-02T14:44:06.3722703Z   NEXT_PUBLIC_SUPABASE_URL: http://127.0.0.1:54321
Core Validation & E2E	Run Playwright Tests	2026-09-02T14:44:06.3725250Z   NEXT_PUBLIC_SUPABASE_ANON_KEY: ***
Core Validation & E2E	Run Playwright Tests	2026-09-02T14:44:06.3727007Z   SUPABASE_SERVICE_ROLE_KEY: ***
Core Validation & E2E	Run Playwright Tests	2026-09-02T14:44:06.3727463Z   PLAYWRIGHT_GIT_COMMIT_INFO: 0
Core Validation & E2E	Run Playwright Tests	2026-09-02T14:44:06.3729422Z   PLAYWRIGHT_JSON_OUTPUT_NAME: playwright-report/results.json
Core Validation & E2E	Run Playwright Tests	2026-09-02T14:44:06.3730054Z ##[endgroup]
Core Validation & E2E	Run Playwright Tests	2026-09-02T14:45:36.2961284Z 
Core Validation & E2E	Run Playwright Tests	2026-09-02T14:45:36.2963242Z Running 626 tests using 1 worker
Core Validation & E2E	Run Playwright Tests	2026-09-02T14:45:36.2963825Z 
Core Validation & E2E	Run Playwright Tests	2026-09-02T14:45:38.9306228Z [1/626] [setup] › e2e/auth.setup.ts:15:8 › authenticate as superadmin
Core Validation & E2E	Run Playwright Tests	2026-09-02T14:45:49.6921368Z [2/626] [setup] › e2e/auth.setup.ts:15:8 › authenticate as branchadmin
Core Validation & E2E	Run Playwright Tests	2026-09-02T14:45:41.4466407Z [3/626] [setup] › e2e/auth.setup.ts:15:8 › authenticate as teacher
Core Validation & E2E	Run Playwright Tests	2026-09-02T14:45:42.2867514Z [4/626] [setup] › e2e/auth.setup.ts:15:8 › authenticate as teacher2
Core Validation & E2E	Run Playwright Tests	2026-09-02T14:45:43.1680608Z [5/626] [setup] › e2e/auth.setup.ts:15:8 › authenticate as teacher_limit
Core Validation & E2E	Run Playwright Tests	2026-09-02T14:45:44.0948878Z [6/626] [setup] › e2e/auth.setup.ts:15:8 › authenticate as guardian
Core Validation & E2E	Run Playwright Tests	2026-09-02T14:45:47.4302261Z [7/626] [chromium-superadmin] › e2e/academic-structure.spec.ts:6:7 › Academic Structure Role Tests › Teacher gets Access Denied when trying to create and sees branch identity without switching
Core Validation & E2E	Run Playwright Tests	2026-09-02T14:45:47.8361333Z [8/626] [chromium-superadmin] › e2e/academic-structure.spec.ts:22:7 › Academic Structure Role Tests › Branch Admin can create, edit, and delete an Academic Year but cannot switch branch
Core Validation & E2E	Run Playwright Tests	2026-09-02T14:45:47.9334413Z [9/626] [chromium-superadmin] › e2e/academic-structure.spec.ts:58:7 › Academic Structure Role Tests › Branch Admin attempting to access another branch resource is denied
Core Validation & E2E	Run Playwright Tests	2026-09-02T14:45:48.0755360Z [10/626] [chromium-superadmin] › e2e/adversarial-security.spec.ts:38:9 › Adversarial Server-Boundary Security › Teacher Role Mutations › Teacher cannot mutate attendance for unauthorized branch
Core Validation & E2E	Run Playwright Tests	2026-09-02T14:45:48.1233713Z [11/626] [chromium-superadmin] › e2e/adversarial-security.spec.ts:63:9 › Adversarial Server-Boundary Security › Teacher Role Mutations › Teacher cannot mutate homework for unauthorized branch
Core Validation & E2E	Run Playwright Tests	2026-09-02T14:45:48.1791111Z [12/626] [chromium-superadmin] › e2e/adversarial-security.spec.ts:104:9 › Adversarial Server-Boundary Security › Teacher Role Mutations › Teacher cannot publish communication messages (admin-only)
Core Validation & E2E	Run Playwright Tests	2026-09-02T14:45:48.2132481Z [13/626] [chromium-superadmin] › e2e/adversarial-security.spec.ts:131:9 › Adversarial Server-Boundary Security › Teacher Role Mutations › Teacher cannot mutate a locked attendance session directly via RPC
Core Validation & E2E	Run Playwright Tests	2026-09-02T14:45:48.2455964Z [14/626] [chromium-superadmin] › e2e/adversarial-security.spec.ts:176:9 › Adversarial Server-Boundary Security › Guardian Role Mutations › Guardian cannot mutate attendance for their own child
Core Validation & E2E	Run Playwright Tests	2026-09-02T14:45:48.3102296Z [15/626] [chromium-superadmin] › e2e/app-config.spec.ts:5:7 › App Config Admin Tests › Teacher gets Access Denied when trying to access app config
Core Validation & E2E	Run Playwright Tests	2026-09-02T14:45:48.3918496Z [16/626] [chromium-superadmin] › e2e/app-config.spec.ts:15:7 › App Config Admin Tests › Branch Admin can view and edit their branch app config
Core Validation & E2E	Run Playwright Tests	2026-09-02T14:45:48.4665151Z [17/626] [chromium-superadmin] › e2e/app-config.spec.ts:40:7 › App Config Admin Tests › Super Admin can view and edit app configs across branches
Core Validation & E2E	Run Playwright Tests	2026-09-02T14:45:50.0327656Z [18/626] [chromium-superadmin] › e2e/attendance.spec.ts:11:9 › Attendance Management › Teacher Flow (chromium-teacher) › Teacher can mark, save, and lock attendance
Core Validation & E2E	Run Playwright Tests	2026-09-02T14:45:50.0739120Z [19/626] [chromium-superadmin] › e2e/attendance.spec.ts:64:9 › Attendance Management › Teacher Flow (chromium-teacher) › Teacher cannot bypass authorization for another branch
Core Validation & E2E	Run Playwright Tests	2026-09-02T14:45:50.1064220Z [20/626] [chromium-superadmin] › e2e/attendance.spec.ts:76:9 › Attendance Management › Branch Admin Flow (chromium-branchadmin) › Admin can mark, save, lock, publish, and correct attendance
Core Validation & E2E	Run Playwright Tests	2026-09-02T14:45:50.1402274Z [21/626] [chromium-superadmin] › e2e/attendance.spec.ts:145:9 › Attendance Management › Guardian History Flow (chromium-guardian) › Guardian can view published absences
Core Validation & E2E	Run Playwright Tests	2026-09-02T14:45:50.1721332Z [22/626] [chromium-superadmin] › e2e/attendance.spec.ts:155:9 › Attendance Management › Guardian History Flow (chromium-guardian) › Guardian cannot access attendance entry page
Core Validation & E2E	Run Playwright Tests	2026-09-02T14:45:50.2354023Z [23/626] [chromium-superadmin] › e2e/auth-password-reset.spec.ts:7:7 › Temporary Credentials Enforcement › User with force_password_reset=true is redirected and can reset
Core Validation & E2E	Run Playwright Tests	2026-09-02T14:45:54.4116398Z [24/626] [chromium-superadmin] › e2e/auth-password-reset.spec.ts:62:7 › Temporary Credentials Enforcement › Normal user without force_password_reset can login normally
Core Validation & E2E	Run Playwright Tests	2026-09-02T14:46:07.7700711Z [25/626] [chromium-superadmin] › e2e/branch-context.spec.ts:39:9 › branch-context authorization helpers › Super Admin Semantics › auth_is_super_admin() is true
Core Validation & E2E	Run Playwright Tests	2026-09-02T14:46:07.7835703Z [26/626] [chromium-superadmin] › e2e/branch-context.spec.ts:44:9 › branch-context authorization helpers › Super Admin Semantics › auth_has_org_access() is true for authorized org
Core Validation & E2E	Run Playwright Tests	2026-09-02T14:46:07.7947458Z [27/626] [chromium-superadmin] › e2e/branch-context.spec.ts:49:9 › branch-context authorization helpers › Super Admin Semantics › auth_has_branch_membership() is true for branch in authorized org
Core Validation & E2E	Run Playwright Tests	2026-09-02T14:46:07.8081644Z [28/626] [chromium-superadmin] › e2e/branch-context.spec.ts:53:9 › branch-context authorization helpers › Super Admin Semantics › auth_has_branch_membership() is false for branch in unauthorized org
Core Validation & E2E	Run Playwright Tests	2026-09-02T14:46:07.8209865Z [29/626] [chromium-superadmin] › e2e/branch-context.spec.ts:57:9 › branch-context authorization helpers › Super Admin Semantics › auth_has_branch_role() is false unless an explicit real role assignment exists
Core Validation & E2E	Run Playwright Tests	2026-09-02T14:46:07.8330368Z [30/626] [chromium-superadmin] › e2e/branch-context.spec.ts:68:9 › branch-context authorization helpers › Branch Admin Semantics › branchadmin role is true for own branch
Core Validation & E2E	Run Playwright Tests	2026-09-02T14:46:07.8571152Z [31/626] [chromium-superadmin] › e2e/branch-context.spec.ts:72:9 › branch-context authorization helpers › Branch Admin Semantics › teacher role is false unless explicitly assigned
Core Validation & E2E	Run Playwright Tests	2026-09-02T14:46:07.8917827Z [32/626] [chromium-superadmin] › e2e/branch-context.spec.ts:76:9 › branch-context authorization helpers › Branch Admin Semantics › other branch is false
Core Validation & E2E	Run Playwright Tests	2026-09-02T14:46:07.9205661Z [33/626] [chromium-superadmin] › e2e/branch-context.spec.ts:80:9 › branch-context authorization helpers › Branch Admin Semantics › wrong org is false
Core Validation & E2E	Run Playwright Tests	2026-09-02T14:46:07.9504084Z [34/626] [chromium-superadmin] › e2e/branch-context.spec.ts:86:9 › branch-context authorization helpers › Teacher Semantics › teacher role is true in own branch
Core Validation & E2E	Run Playwright Tests	2026-09-02T14:46:07.9760326Z [35/626] [chromium-superadmin] › e2e/branch-context.spec.ts:90:9 › branch-context authorization helpers › Teacher Semantics › branchadmin role is false
Core Validation & E2E	Run Playwright Tests	2026-09-02T14:46:08.0053437Z [36/626] [chromium-superadmin] › e2e/branch-context.spec.ts:94:9 › branch-context authorization helpers › Teacher Semantics › other branch is false
Core Validation & E2E	Run Playwright Tests	2026-09-02T14:46:08.0396233Z [37/626] [chromium-superadmin] › e2e/branch-context.spec.ts:98:9 › branch-context authorization helpers › Teacher Semantics › wrong org is false
Core Validation & E2E	Run Playwright Tests	2026-09-02T14:46:08.1473579Z [38/626] [chromium-superadmin] › e2e/calendar.spec.ts:24:7 › Calendar UI › Teacher cannot mutate calendar events or operating days
Core Validation & E2E	Run Playwright Tests	2026-09-02T14:46:08.2645027Z [39/626] [chromium-superadmin] › e2e/calendar.spec.ts:79:9 › Calendar UI › Branch Admin Calendar Mutations › Branch Admin can manage operating days
Core Validation & E2E	Run Playwright Tests	2026-09-02T14:46:08.3424832Z [40/626] [chromium-superadmin] › e2e/calendar.spec.ts:128:9 › Calendar UI › Branch Admin Calendar Mutations › Branch Admin can create, edit, and archive calendar events
Core Validation & E2E	Run Playwright Tests	2026-09-02T14:46:08.4662578Z [41/626] [chromium-superadmin] › e2e/communication.spec.ts:5:7 › Communication End-to-End Workflows › Branch Admin can create an announcement and view it in Sent
Core Validation & E2E	Run Playwright Tests	2026-09-02T14:46:08.5715370Z [42/626] [chromium-superadmin] › e2e/communication.spec.ts:26:7 › Communication End-to-End Workflows › Teacher can create class announcement and branch-wide targeting is denied
Core Validation & E2E	Run Playwright Tests	2026-09-02T14:46:08.5836787Z [43/626] [chromium-superadmin] › e2e/communication.spec.ts:61:7 › Communication End-to-End Workflows › Recipient can view message in inbox
Core Validation & E2E	Run Playwright Tests	2026-09-02T14:46:08.6035450Z [44/626] [chromium-superadmin] › e2e/communication.spec.ts:163:7 › Communication End-to-End Workflows › Teacher rate limit enforces exactly 5 messages per day
Core Validation & E2E	Run Playwright Tests	2026-09-02T14:46:08.6472905Z [45/626] [chromium-superadmin] › e2e/homework.spec.ts:11:9 › Homework E2E - Phase 5 › Teacher Creation Flow › Teacher creates, saves draft, and publishes
Core Validation & E2E	Run Playwright Tests	2026-09-02T14:46:08.6730960Z [46/626] [chromium-superadmin] › e2e/homework.spec.ts:63:9 › Homework E2E - Phase 5 › Guardian View Flow › Guardian views homework but cannot submit
Core Validation & E2E	Run Playwright Tests	2026-09-02T14:46:08.7005988Z [47/626] [chromium-superadmin] › e2e/homework.spec.ts:86:9 › Homework E2E - Phase 5 › Unauthorized Access › Unauthorized access to creation page is blocked
Core Validation & E2E	Run Playwright Tests	2026-09-02T14:46:08.7536485Z [48/626] [chromium-superadmin] › e2e/proxy-security.spec.ts:5:7 › Proxy / Middleware Runtime Security › Unauthenticated user is redirected to /login
Core Validation & E2E	Run Playwright Tests	2026-09-02T14:46:16.7095176Z [49/626] (retries) [chromium-superadmin] › e2e/proxy-security.spec.ts:5:7 › Proxy / Middleware Runtime Security › Unauthenticated user is redirected to /login (retry #1)
Core Validation & E2E	Run Playwright Tests	2026-09-02T14:46:14.7550930Z [50/626] (retries) [chromium-superadmin] › e2e/proxy-security.spec.ts:5:7 › Proxy / Middleware Runtime Security › Unauthenticated user is redirected to /login (retry #2)
Core Validation & E2E	Run Playwright Tests	2026-09-02T14:46:20.1164992Z   1) [chromium-superadmin] › e2e/proxy-security.spec.ts:5:7 › Proxy / Middleware Runtime Security › Unauthenticated user is redirected to /login 
Core Validation & E2E	Run Playwright Tests	2026-09-02T14:46:20.1166324Z 
Core Validation & E2E	Run Playwright Tests	2026-09-02T14:46:20.1166615Z     Error: expect(locator).toBeVisible() failed
Core Validation & E2E	Run Playwright Tests	2026-09-02T14:46:20.1167269Z 
Core Validation & E2E	Run Playwright Tests	2026-09-02T14:46:20.1168085Z     Locator: getByRole('heading', { name: 'Sign in' })
Core Validation & E2E	Run Playwright Tests	2026-09-02T14:46:20.1170166Z     Expected: visible
Core Validation & E2E	Run Playwright Tests	2026-09-02T14:46:20.1170627Z     Timeout: 5000ms
Core Validation & E2E	Run Playwright Tests	2026-09-02T14:46:20.1171032Z     Error: element(s) not found
Core Validation & E2E	Run Playwright Tests	2026-09-02T14:46:20.1171291Z 
Core Validation & E2E	Run Playwright Tests	2026-09-02T14:46:20.1172217Z     Call log:
Core Validation & E2E	Run Playwright Tests	2026-09-02T14:46:20.1174298Z       - Expect "toBeVisible" with timeout 5000ms
Core Validation & E2E	Run Playwright Tests	2026-09-02T14:46:20.1179853Z       - waiting for getByRole('heading', { name: 'Sign in' })
Core Validation & E2E	Run Playwright Tests	2026-09-02T14:46:20.1180465Z 
Core Validation & E2E	Run Playwright Tests	2026-09-02T14:46:20.1180481Z 
Core Validation & E2E	Run Playwright Tests	2026-09-02T14:46:20.1180868Z       11 |     // Should be redirected by proxy.ts to login
Core Validation & E2E	Run Playwright Tests	2026-09-02T14:46:20.1182067Z       12 |     await expect(page).toHaveURL(/.*\/login/);
Core Validation & E2E	Run Playwright Tests	2026-09-02T14:46:20.1183074Z     > 13 |     await expect(page.getByRole('heading', { name: 'Sign in' })).toBeVisible();
Core Validation & E2E	Run Playwright Tests	2026-09-02T14:46:20.1184051Z          |                                                                  ^
Core Validation & E2E	Run Playwright Tests	2026-09-02T14:46:20.1184777Z       14 |     await context.close();
Core Validation & E2E	Run Playwright Tests	2026-09-02T14:46:20.1185314Z       15 |   });
Core Validation & E2E	Run Playwright Tests	2026-09-02T14:46:20.1186343Z       16 |
Core Validation & E2E	Run Playwright Tests	2026-09-02T14:46:20.1188598Z         at /mnt/c/Users/krish/actions-runner/_work/ERP-1/ERP-1/apps/web/e2e/proxy-security.spec.ts:13:66
Core Validation & E2E	Run Playwright Tests	2026-09-02T14:46:20.1189776Z 
Core Validation & E2E	Run Playwright Tests	2026-09-02T14:46:20.1191151Z     Error Context: test-results/proxy-security-Proxy-Middl-28b94-user-is-redirected-to-login-chromium-superadmin/error-context.md
Core Validation & E2E	Run Playwright Tests	2026-09-02T14:46:20.1199544Z 
Core Validation & E2E	Run Playwright Tests	2026-09-02T14:46:20.1201534Z     Retry #1 ───────────────────────────────────────────────────────────────────────────────────────
Core Validation & E2E	Run Playwright Tests	2026-09-02T14:46:20.1202606Z 
Core Validation & E2E	Run Playwright Tests	2026-09-02T14:46:20.1203907Z     Error: expect(locator).toBeVisible() failed
Core Validation & E2E	Run Playwright Tests	2026-09-02T14:46:20.1204795Z 
Core Validation & E2E	Run Playwright Tests	2026-09-02T14:46:20.1205415Z     Locator: getByRole('heading', { name: 'Sign in' })
Core Validation & E2E	Run Playwright Tests	2026-09-02T14:46:20.1205954Z     Expected: visible
Core Validation & E2E	Run Playwright Tests	2026-09-02T14:46:20.1206339Z     Timeout: 5000ms
Core Validation & E2E	Run Playwright Tests	2026-09-02T14:46:20.1212211Z     Error: element(s) not found
Core Validation & E2E	Run Playwright Tests	2026-09-02T14:46:20.1212401Z 
Core Validation & E2E	Run Playwright Tests	2026-09-02T14:46:20.1212501Z     Call log:
Core Validation & E2E	Run Playwright Tests	2026-09-02T14:46:20.1212800Z       - Expect "toBeVisible" with timeout 5000ms
Core Validation & E2E	Run Playwright Tests	2026-09-02T14:46:20.1213605Z       - waiting for getByRole('heading', { name: 'Sign in' })
Core Validation & E2E	Run Playwright Tests	2026-09-02T14:46:20.1214755Z 
Core Validation & E2E	Run Playwright Tests	2026-09-02T14:46:20.1214776Z 
Core Validation & E2E	Run Playwright Tests	2026-09-02T14:46:20.1215120Z       11 |     // Should be redirected by proxy.ts to login
Core Validation & E2E	Run Playwright Tests	2026-09-02T14:46:20.1215878Z       12 |     await expect(page).toHaveURL(/.*\/login/);
Core Validation & E2E	Run Playwright Tests	2026-09-02T14:46:20.1216754Z     > 13 |     await expect(page.getByRole('heading', { name: 'Sign in' })).toBeVisible();
Core Validation & E2E	Run Playwright Tests	2026-09-02T14:46:20.1217724Z          |                                                                  ^
Core Validation & E2E	Run Playwright Tests	2026-09-02T14:46:20.1218900Z       14 |     await context.close();
Core Validation & E2E	Run Playwright Tests	2026-09-02T14:46:20.1221051Z       15 |   });
Core Validation & E2E	Run Playwright Tests	2026-09-02T14:46:20.1223889Z       16 |
Core Validation & E2E	Run Playwright Tests	2026-09-02T14:46:20.1226372Z         at /mnt/c/Users/krish/actions-runner/_work/ERP-1/ERP-1/apps/web/e2e/proxy-security.spec.ts:13:66
Core Validation & E2E	Run Playwright Tests	2026-09-02T14:46:20.1227629Z 
Core Validation & E2E	Run Playwright Tests	2026-09-02T14:46:20.1229682Z     Error Context: test-results/proxy-security-Proxy-Middl-28b94-user-is-redirected-to-login-chromium-superadmin-retry1/error-context.md
Core Validation & E2E	Run Playwright Tests	2026-09-02T14:46:20.1231739Z 
Core Validation & E2E	Run Playwright Tests	2026-09-02T14:46:20.1233293Z     attachment #2: trace (application/zip) ─────────────────────────────────────────────────────────
Core Validation & E2E	Run Playwright Tests	2026-09-02T14:46:20.1236328Z     test-results/proxy-security-Proxy-Middl-28b94-user-is-redirected-to-login-chromium-superadmin-retry1/trace.zip
Core Validation & E2E	Run Playwright Tests	2026-09-02T14:46:20.1238587Z     Usage:
Core Validation & E2E	Run Playwright Tests	2026-09-02T14:46:20.1239245Z 
Core Validation & E2E	Run Playwright Tests	2026-09-02T14:46:20.1240232Z         npx playwright show-trace test-results/proxy-security-Proxy-Middl-28b94-user-is-redirected-to-login-chromium-superadmin-retry1/trace.zip
Core Validation & E2E	Run Playwright Tests	2026-09-02T14:46:20.1241116Z 
Core Validation & E2E	Run Playwright Tests	2026-09-02T14:46:20.1241577Z     ────────────────────────────────────────────────────────────────────────────────────────────────
Core Validation & E2E	Run Playwright Tests	2026-09-02T14:46:20.1241911Z 
Core Validation & E2E	Run Playwright Tests	2026-09-02T14:46:20.1243061Z     Retry #2 ───────────────────────────────────────────────────────────────────────────────────────
Core Validation & E2E	Run Playwright Tests	2026-09-02T14:46:20.1244051Z 
Core Validation & E2E	Run Playwright Tests	2026-09-02T14:46:20.1245443Z     Error: expect(locator).toBeVisible() failed
Core Validation & E2E	Run Playwright Tests	2026-09-02T14:46:20.1246701Z 
Core Validation & E2E	Run Playwright Tests	2026-09-02T14:46:20.1246958Z     Locator: getByRole('heading', { name: 'Sign in' })
Core Validation & E2E	Run Playwright Tests	2026-09-02T14:46:20.1247335Z     Expected: visible
Core Validation & E2E	Run Playwright Tests	2026-09-02T14:46:20.1247957Z     Timeout: 5000ms
Core Validation & E2E	Run Playwright Tests	2026-09-02T14:46:20.1248591Z     Error: element(s) not found
Core Validation & E2E	Run Playwright Tests	2026-09-02T14:46:20.1256716Z 
Core Validation & E2E	Run Playwright Tests	2026-09-02T14:46:20.1257224Z     Call log:
Core Validation & E2E	Run Playwright Tests	2026-09-02T14:46:20.1257719Z       - Expect "toBeVisible" with timeout 5000ms
Core Validation & E2E	Run Playwright Tests	2026-09-02T14:46:20.1258195Z       - waiting for getByRole('heading', { name: 'Sign in' })
Core Validation & E2E	Run Playwright Tests	2026-09-02T14:46:20.1258469Z 
Core Validation & E2E	Run Playwright Tests	2026-09-02T14:46:20.1258478Z 
Core Validation & E2E	Run Playwright Tests	2026-09-02T14:46:20.1258682Z       11 |     // Should be redirected by proxy.ts to login
Core Validation & E2E	Run Playwright Tests	2026-09-02T14:46:20.1259113Z       12 |     await expect(page).toHaveURL(/.*\/login/);
Core Validation & E2E	Run Playwright Tests	2026-09-02T14:46:20.1260047Z     > 13 |     await expect(page.getByRole('heading', { name: 'Sign in' })).toBeVisible();
Core Validation & E2E	Run Playwright Tests	2026-09-02T14:46:20.1260659Z          |                                                                  ^
Core Validation & E2E	Run Playwright Tests	2026-09-02T14:46:20.1261178Z       14 |     await context.close();
Core Validation & E2E	Run Playwright Tests	2026-09-02T14:46:20.1261489Z       15 |   });
Core Validation & E2E	Run Playwright Tests	2026-09-02T14:46:20.1261878Z       16 |
Core Validation & E2E	Run Playwright Tests	2026-09-02T14:46:20.1262461Z         at /mnt/c/Users/krish/actions-runner/_work/ERP-1/ERP-1/apps/web/e2e/proxy-security.spec.ts:13:66
Core Validation & E2E	Run Playwright Tests	2026-09-02T14:46:20.1262921Z 
Core Validation & E2E	Run Playwright Tests	2026-09-02T14:46:20.1263597Z     Error Context: test-results/proxy-security-Proxy-Middl-28b94-user-is-redirected-to-login-chromium-superadmin-retry2/error-context.md
Core Validation & E2E	Run Playwright Tests	2026-09-02T14:46:20.1264621Z 
Core Validation & E2E	Run Playwright Tests	2026-09-02T14:46:20.1264640Z 
Core Validation & E2E	Run Playwright Tests	2026-09-02T14:46:22.3995884Z [51/626] [chromium-superadmin] › e2e/proxy-security.spec.ts:17:7 › Proxy / Middleware Runtime Security › Normal authenticated user is not incorrectly redirected
Core Validation & E2E	Run Playwright Tests	2026-09-02T14:46:30.3336843Z [52/626] (retries) [chromium-superadmin] › e2e/proxy-security.spec.ts:17:7 › Proxy / Middleware Runtime Security › Normal authenticated user is not incorrectly redirected (retry #1)
Core Validation & E2E	Run Playwright Tests	2026-09-02T14:46:38.5958980Z [53/626] (retries) [chromium-superadmin] › e2e/proxy-security.spec.ts:17:7 › Proxy / Middleware Runtime Security › Normal authenticated user is not incorrectly redirected (retry #2)
Core Validation & E2E	Run Playwright Tests	2026-09-02T14:46:43.9474495Z   2) [chromium-superadmin] › e2e/proxy-security.spec.ts:17:7 › Proxy / Middleware Runtime Security › Normal authenticated user is not incorrectly redirected 
Core Validation & E2E	Run Playwright Tests	2026-09-02T14:46:43.9476850Z 
Core Validation & E2E	Run Playwright Tests	2026-09-02T14:46:43.9477193Z     Error: expect(locator).toBeVisible() failed
Core Validation & E2E	Run Playwright Tests	2026-09-02T14:46:43.9477562Z 
Core Validation & E2E	Run Playwright Tests	2026-09-02T14:46:43.9477824Z     Locator: locator('h1:has-text("Students")')
Core Validation & E2E	Run Playwright Tests	2026-09-02T14:46:43.9478601Z     Expected: visible
Core Validation & E2E	Run Playwright Tests	2026-09-02T14:46:43.9479533Z     Timeout: 5000ms
Core Validation & E2E	Run Playwright Tests	2026-09-02T14:46:43.9480704Z     Error: element(s) not found
Core Validation & E2E	Run Playwright Tests	2026-09-02T14:46:43.9482076Z 
Core Validation & E2E	Run Playwright Tests	2026-09-02T14:46:43.9483066Z     Call log:
Core Validation & E2E	Run Playwright Tests	2026-09-02T14:46:43.9484723Z       - Expect "toBeVisible" with timeout 5000ms
Core Validation & E2E	Run Playwright Tests	2026-09-02T14:46:43.9486577Z       - waiting for locator('h1:has-text("Students")')
Core Validation & E2E	Run Playwright Tests	2026-09-02T14:46:43.9487948Z 
Core Validation & E2E	Run Playwright Tests	2026-09-02T14:46:43.9487976Z 
Core Validation & E2E	Run Playwright Tests	2026-09-02T14:46:43.9488215Z       20 |     // Should NOT redirect
Core Validation & E2E	Run Playwright Tests	2026-09-02T14:46:43.9488731Z       21 |     await expect(page).toHaveURL(/.*\/students/);
Core Validation & E2E	Run Playwright Tests	2026-09-02T14:46:43.9490253Z     > 22 |     await expect(page.locator('h1:has-text("Students")')).toBeVisible();
Core Validation & E2E	Run Playwright Tests	2026-09-02T14:46:43.9491355Z          |                                                           ^
Core Validation & E2E	Run Playwright Tests	2026-09-02T14:46:43.9493787Z       23 |   });
Core Validation & E2E	Run Playwright Tests	2026-09-02T14:46:43.9494557Z       24 |
Core Validation & E2E	Run Playwright Tests	2026-09-02T14:46:43.9495897Z       25 |   test('Logout remains usable', async ({ page }) => {
Core Validation & E2E	Run Playwright Tests	2026-09-02T14:46:43.9498879Z         at /mnt/c/Users/krish/actions-runner/_work/ERP-1/ERP-1/apps/web/e2e/proxy-security.spec.ts:22:59
Core Validation & E2E	Run Playwright Tests	2026-09-02T14:46:43.9499804Z 
Core Validation & E2E	Run Playwright Tests	2026-09-02T14:46:43.9501291Z     Error Context: test-results/proxy-security-Proxy-Middl-2a6bf--not-incorrectly-redirected-chromium-superadmin/error-context.md
Core Validation & E2E	Run Playwright Tests	2026-09-02T14:46:43.9502172Z 
Core Validation & E2E	Run Playwright Tests	2026-09-02T14:46:43.9503048Z     Retry #1 ───────────────────────────────────────────────────────────────────────────────────────
Core Validation & E2E	Run Playwright Tests	2026-09-02T14:46:43.9503397Z 
Core Validation & E2E	Run Playwright Tests	2026-09-02T14:46:43.9503578Z     Error: expect(locator).toBeVisible() failed
Core Validation & E2E	Run Playwright Tests	2026-09-02T14:46:43.9504064Z 
Core Validation & E2E	Run Playwright Tests	2026-09-02T14:46:43.9505124Z     Locator: locator('h1:has-text("Students")')
Core Validation & E2E	Run Playwright Tests	2026-09-02T14:46:43.9505776Z     Expected: visible
Core Validation & E2E	Run Playwright Tests	2026-09-02T14:46:43.9506756Z     Timeout: 5000ms
Core Validation & E2E	Run Playwright Tests	2026-09-02T14:46:43.9508462Z     Error: element(s) not found
Core Validation & E2E	Run Playwright Tests	2026-09-02T14:46:43.9518812Z 
Core Validation & E2E	Run Playwright Tests	2026-09-02T14:46:43.9520041Z     Call log:
Core Validation & E2E	Run Playwright Tests	2026-09-02T14:46:43.9521847Z       - Expect "toBeVisible" with timeout 5000ms
Core Validation & E2E	Run Playwright Tests	2026-09-02T14:46:43.9524074Z       - waiting for locator('h1:has-text("Students")')
Core Validation & E2E	Run Playwright Tests	2026-09-02T14:46:43.9525996Z 
Core Validation & E2E	Run Playwright Tests	2026-09-02T14:46:43.9526017Z 
Core Validation & E2E	Run Playwright Tests	2026-09-02T14:46:43.9526644Z       20 |     // Should NOT redirect
Core Validation & E2E	Run Playwright Tests	2026-09-02T14:46:43.9527877Z       21 |     await expect(page).toHaveURL(/.*\/students/);
Core Validation & E2E	Run Playwright Tests	2026-09-02T14:46:43.9528466Z     > 22 |     await expect(page.locator('h1:has-text("Students")')).toBeVisible();
Core Validation & E2E	Run Playwright Tests	2026-09-02T14:46:43.9534622Z          |                                                           ^
Core Validation & E2E	Run Playwright Tests	2026-09-02T14:46:43.9534947Z       23 |   });
Core Validation & E2E	Run Playwright Tests	2026-09-02T14:46:43.9535150Z       24 |
Core Validation & E2E	Run Playwright Tests	2026-09-02T14:46:43.9535830Z       25 |   test('Logout remains usable', async ({ page }) => {
Core Validation & E2E	Run Playwright Tests	2026-09-02T14:46:43.9537866Z         at /mnt/c/Users/krish/actions-runner/_work/ERP-1/ERP-1/apps/web/e2e/proxy-security.spec.ts:22:59
Core Validation & E2E	Run Playwright Tests	2026-09-02T14:46:43.9539052Z 
Core Validation & E2E	Run Playwright Tests	2026-09-02T14:46:43.9539751Z     Error Context: test-results/proxy-security-Proxy-Middl-2a6bf--not-incorrectly-redirected-chromium-superadmin-retry1/error-context.md
Core Validation & E2E	Run Playwright Tests	2026-09-02T14:46:43.9540827Z 
Core Validation & E2E	Run Playwright Tests	2026-09-02T14:46:43.9541957Z     attachment #2: trace (application/zip) ─────────────────────────────────────────────────────────
Core Validation & E2E	Run Playwright Tests	2026-09-02T14:46:43.9543493Z     test-results/proxy-security-Proxy-Middl-2a6bf--not-incorrectly-redirected-chromium-superadmin-retry1/trace.zip
Core Validation & E2E	Run Playwright Tests	2026-09-02T14:46:43.9544589Z     Usage:
Core Validation & E2E	Run Playwright Tests	2026-09-02T14:46:43.9544786Z 
Core Validation & E2E	Run Playwright Tests	2026-09-02T14:46:43.9545876Z         npx playwright show-trace test-results/proxy-security-Proxy-Middl-2a6bf--not-incorrectly-redirected-chromium-superadmin-retry1/trace.zip
Core Validation & E2E	Run Playwright Tests	2026-09-02T14:46:43.9546970Z 
Core Validation & E2E	Run Playwright Tests	2026-09-02T14:46:43.9547665Z     ────────────────────────────────────────────────────────────────────────────────────────────────
Core Validation & E2E	Run Playwright Tests	2026-09-02T14:46:43.9548172Z 
Core Validation & E2E	Run Playwright Tests	2026-09-02T14:46:43.9549347Z     Retry #2 ───────────────────────────────────────────────────────────────────────────────────────
Core Validation & E2E	Run Playwright Tests	2026-09-02T14:46:43.9549960Z 
Core Validation & E2E	Run Playwright Tests	2026-09-02T14:46:43.9550994Z     Error: expect(locator).toBeVisible() failed
Core Validation & E2E	Run Playwright Tests	2026-09-02T14:46:43.9551406Z 
Core Validation & E2E	Run Playwright Tests	2026-09-02T14:46:43.9551969Z     Locator: locator('h1:has-text("Students")')
Core Validation & E2E	Run Playwright Tests	2026-09-02T14:46:43.9552551Z     Expected: visible
Core Validation & E2E	Run Playwright Tests	2026-09-02T14:46:43.9552937Z     Timeout: 5000ms
Core Validation & E2E	Run Playwright Tests	2026-09-02T14:46:43.9554889Z     Error: element(s) not found
Core Validation & E2E	Run Playwright Tests	2026-09-02T14:46:43.9555236Z 
Core Validation & E2E	Run Playwright Tests	2026-09-02T14:46:43.9555407Z     Call log:
Core Validation & E2E	Run Playwright Tests	2026-09-02T14:46:43.9555877Z       - Expect "toBeVisible" with timeout 5000ms
Core Validation & E2E	Run Playwright Tests	2026-09-02T14:46:43.9556592Z       - waiting for locator('h1:has-text("Students")')
Core Validation & E2E	Run Playwright Tests	2026-09-02T14:46:43.9556987Z 
Core Validation & E2E	Run Playwright Tests	2026-09-02T14:46:43.9556998Z 
Core Validation & E2E	Run Playwright Tests	2026-09-02T14:46:43.9557210Z       20 |     // Should NOT redirect
Core Validation & E2E	Run Playwright Tests	2026-09-02T14:46:43.9557841Z       21 |     await expect(page).toHaveURL(/.*\/students/);
Core Validation & E2E	Run Playwright Tests	2026-09-02T14:46:43.9559266Z     > 22 |     await expect(page.locator('h1:has-text("Students")')).toBeVisible();
Core Validation & E2E	Run Playwright Tests	2026-09-02T14:46:43.9559874Z          |                                                           ^
Core Validation & E2E	Run Playwright Tests	2026-09-02T14:46:43.9560726Z       23 |   });
Core Validation & E2E	Run Playwright Tests	2026-09-02T14:46:43.9561322Z       24 |
Core Validation & E2E	Run Playwright Tests	2026-09-02T14:46:43.9561737Z       25 |   test('Logout remains usable', async ({ page }) => {
Core Validation & E2E	Run Playwright Tests	2026-09-02T14:46:43.9562359Z         at /mnt/c/Users/krish/actions-runner/_work/ERP-1/ERP-1/apps/web/e2e/proxy-security.spec.ts:22:59
Core Validation & E2E	Run Playwright Tests	2026-09-02T14:46:43.9562757Z 
Core Validation & E2E	Run Playwright Tests	2026-09-02T14:46:43.9563316Z     Error Context: test-results/proxy-security-Proxy-Middl-2a6bf--not-incorrectly-redirected-chromium-superadmin-retry2/error-context.md
Core Validation & E2E	Run Playwright Tests	2026-09-02T14:46:43.9563914Z 
Core Validation & E2E	Run Playwright Tests	2026-09-02T14:46:43.9563921Z 
Core Validation & E2E	Run Playwright Tests	2026-09-02T14:46:46.1031176Z [54/626] [chromium-superadmin] › e2e/proxy-security.spec.ts:25:7 › Proxy / Middleware Runtime Security › Logout remains usable
Core Validation & E2E	Run Playwright Tests	2026-09-02T14:46:54.0603586Z [55/626] (retries) [chromium-superadmin] › e2e/proxy-security.spec.ts:25:7 › Proxy / Middleware Runtime Security › Logout remains usable (retry #1)
Core Validation & E2E	Run Playwright Tests	2026-09-02T14:47:01.9064716Z [56/626] (retries) [chromium-superadmin] › e2e/proxy-security.spec.ts:25:7 › Proxy / Middleware Runtime Security › Logout remains usable (retry #2)
Core Validation & E2E	Run Playwright Tests	2026-09-02T14:47:07.1813279Z   3) [chromium-superadmin] › e2e/proxy-security.spec.ts:25:7 › Proxy / Middleware Runtime Security › Logout remains usable 
Core Validation & E2E	Run Playwright Tests	2026-09-02T14:47:07.1814120Z 
Core Validation & E2E	Run Playwright Tests	2026-09-02T14:47:07.1814801Z     Error: expect(locator).toBeVisible() failed
Core Validation & E2E	Run Playwright Tests	2026-09-02T14:47:07.1816056Z 
Core Validation & E2E	Run Playwright Tests	2026-09-02T14:47:07.1816616Z     Locator: locator('h1:has-text("Students")')
Core Validation & E2E	Run Playwright Tests	2026-09-02T14:47:07.1817909Z     Expected: visible
Core Validation & E2E	Run Playwright Tests	2026-09-02T14:47:07.1818288Z     Timeout: 5000ms
Core Validation & E2E	Run Playwright Tests	2026-09-02T14:47:07.1826393Z     Error: element(s) not found
Core Validation & E2E	Run Playwright Tests	2026-09-02T14:47:07.1827091Z 
Core Validation & E2E	Run Playwright Tests	2026-09-02T14:47:07.1827261Z     Call log:
Core Validation & E2E	Run Playwright Tests	2026-09-02T14:47:07.1827764Z       - Expect "toBeVisible" with timeout 5000ms
Core Validation & E2E	Run Playwright Tests	2026-09-02T14:47:07.1828477Z       - waiting for locator('h1:has-text("Students")')
Core Validation & E2E	Run Playwright Tests	2026-09-02T14:47:07.1828892Z 
Core Validation & E2E	Run Playwright Tests	2026-09-02T14:47:07.1828903Z 
Core Validation & E2E	Run Playwright Tests	2026-09-02T14:47:07.1829114Z       26 |     // Navigate to a page
Core Validation & E2E	Run Playwright Tests	2026-09-02T14:47:07.1830161Z       27 |     await page.goto('/students');
Core Validation & E2E	Run Playwright Tests	2026-09-02T14:47:07.1831376Z     > 28 |     await expect(page.locator('h1:has-text("Students")')).toBeVisible();
Core Validation & E2E	Run Playwright Tests	2026-09-02T14:47:07.1832347Z          |                                                           ^
Core Validation & E2E	Run Playwright Tests	2026-09-02T14:47:07.1832896Z       29 |     
Core Validation & E2E	Run Playwright Tests	2026-09-02T14:47:07.1833308Z       30 |     // Perform logout
Core Validation & E2E	Run Playwright Tests	2026-09-02T14:47:07.1834393Z       31 |     await page.getByRole('button', { name: 'Logout' }).click();
Core Validation & E2E	Run Playwright Tests	2026-09-02T14:47:07.1835609Z         at /mnt/c/Users/krish/actions-runner/_work/ERP-1/ERP-1/apps/web/e2e/proxy-security.spec.ts:28:59
Core Validation & E2E	Run Playwright Tests	2026-09-02T14:47:07.1836367Z 
Core Validation & E2E	Run Playwright Tests	2026-09-02T14:47:07.1837375Z     Error Context: test-results/proxy-security-Proxy-Middl-2a5ca-urity-Logout-remains-usable-chromium-superadmin/error-context.md
Core Validation & E2E	Run Playwright Tests	2026-09-02T14:47:07.1838426Z 
Core Validation & E2E	Run Playwright Tests	2026-09-02T14:47:07.1839392Z     Retry #1 ───────────────────────────────────────────────────────────────────────────────────────
Core Validation & E2E	Run Playwright Tests	2026-09-02T14:47:07.1839961Z 
Core Validation & E2E	Run Playwright Tests	2026-09-02T14:47:07.1840242Z     Error: expect(locator).toBeVisible() failed
Core Validation & E2E	Run Playwright Tests	2026-09-02T14:47:07.1841819Z 
Core Validation & E2E	Run Playwright Tests	2026-09-02T14:47:07.1842149Z     Locator: locator('h1:has-text("Students")')
Core Validation & E2E	Run Playwright Tests	2026-09-02T14:47:07.1842699Z     Expected: visible
Core Validation & E2E	Run Playwright Tests	2026-09-02T14:47:07.1844456Z     Timeout: 5000ms
Core Validation & E2E	Run Playwright Tests	2026-09-02T14:47:07.1845824Z     Error: element(s) not found
Core Validation & E2E	Run Playwright Tests	2026-09-02T14:47:07.1846060Z 
Core Validation & E2E	Run Playwright Tests	2026-09-02T14:47:07.1846159Z     Call log:
Core Validation & E2E	Run Playwright Tests	2026-09-02T14:47:07.1846455Z       - Expect "toBeVisible" with timeout 5000ms
Core Validation & E2E	Run Playwright Tests	2026-09-02T14:47:07.1846857Z       - waiting for locator('h1:has-text("Students")')
Core Validation & E2E	Run Playwright Tests	2026-09-02T14:47:07.1847081Z 
Core Validation & E2E	Run Playwright Tests	2026-09-02T14:47:07.1847113Z 
Core Validation & E2E	Run Playwright Tests	2026-09-02T14:47:07.1848262Z       26 |     // Navigate to a page
Core Validation & E2E	Run Playwright Tests	2026-09-02T14:47:07.1849234Z       27 |     await page.goto('/students');
Core Validation & E2E	Run Playwright Tests	2026-09-02T14:47:07.1849747Z     > 28 |     await expect(page.locator('h1:has-text("Students")')).toBeVisible();
Core Validation & E2E	Run Playwright Tests	2026-09-02T14:47:07.1850262Z          |                                                           ^
Core Validation & E2E	Run Playwright Tests	2026-09-02T14:47:07.1850605Z       29 |     
Core Validation & E2E	Run Playwright Tests	2026-09-02T14:47:07.1851742Z       30 |     // Perform logout
Core Validation & E2E	Run Playwright Tests	2026-09-02T14:47:07.1852246Z       31 |     await page.getByRole('button', { name: 'Logout' }).click();
Core Validation & E2E	Run Playwright Tests	2026-09-02T14:47:07.1852915Z         at /mnt/c/Users/krish/actions-runner/_work/ERP-1/ERP-1/apps/web/e2e/proxy-security.spec.ts:28:59
Core Validation & E2E	Run Playwright Tests	2026-09-02T14:47:07.1853324Z 
Core Validation & E2E	Run Playwright Tests	2026-09-02T14:47:07.1853908Z     Error Context: test-results/proxy-security-Proxy-Middl-2a5ca-urity-Logout-remains-usable-chromium-superadmin-retry1/error-context.md
Core Validation & E2E	Run Playwright Tests	2026-09-02T14:47:07.1854518Z 
Core Validation & E2E	Run Playwright Tests	2026-09-02T14:47:07.1855068Z     attachment #2: trace (application/zip) ─────────────────────────────────────────────────────────
Core Validation & E2E	Run Playwright Tests	2026-09-02T14:47:07.1856237Z     test-results/proxy-security-Proxy-Middl-2a5ca-urity-Logout-remains-usable-chromium-superadmin-retry1/trace.zip
Core Validation & E2E	Run Playwright Tests	2026-09-02T14:47:07.1857761Z     Usage:
Core Validation & E2E	Run Playwright Tests	2026-09-02T14:47:07.1858747Z 
Core Validation & E2E	Run Playwright Tests	2026-09-02T14:47:07.1859448Z         npx playwright show-trace test-results/proxy-security-Proxy-Middl-2a5ca-urity-Logout-remains-usable-chromium-superadmin-retry1/trace.zip
Core Validation & E2E	Run Playwright Tests	2026-09-02T14:47:07.1860102Z 
Core Validation & E2E	Run Playwright Tests	2026-09-02T14:47:07.1868169Z     ────────────────────────────────────────────────────────────────────────────────────────────────
Core Validation & E2E	Run Playwright Tests	2026-09-02T14:47:07.1868826Z 
Core Validation & E2E	Run Playwright Tests	2026-09-02T14:47:07.1869522Z     Retry #2 ───────────────────────────────────────────────────────────────────────────────────────
Core Validation & E2E	Run Playwright Tests	2026-09-02T14:47:07.1869890Z 
Core Validation & E2E	Run Playwright Tests	2026-09-02T14:47:07.1870079Z     Error: expect(locator).toBeVisible() failed
Core Validation & E2E	Run Playwright Tests	2026-09-02T14:47:07.1870587Z 
Core Validation & E2E	Run Playwright Tests	2026-09-02T14:47:07.1870809Z     Locator: locator('h1:has-text("Students")')
Core Validation & E2E	Run Playwright Tests	2026-09-02T14:47:07.1871168Z     Expected: visible
Core Validation & E2E	Run Playwright Tests	2026-09-02T14:47:07.1876623Z     Timeout: 5000ms
Core Validation & E2E	Run Playwright Tests	2026-09-02T14:47:07.1877174Z     Error: element(s) not found
Core Validation & E2E	Run Playwright Tests	2026-09-02T14:47:07.1877647Z 
Core Validation & E2E	Run Playwright Tests	2026-09-02T14:47:07.1878684Z     Call log:
Core Validation & E2E	Run Playwright Tests	2026-09-02T14:47:07.1880202Z       - Expect "toBeVisible" with timeout 5000ms
Core Validation & E2E	Run Playwright Tests	2026-09-02T14:47:07.1880699Z       - waiting for locator('h1:has-text("Students")')
Core Validation & E2E	Run Playwright Tests	2026-09-02T14:47:07.1881393Z 
Core Validation & E2E	Run Playwright Tests	2026-09-02T14:47:07.1881413Z 
Core Validation & E2E	Run Playwright Tests	2026-09-02T14:47:07.1881581Z       26 |     // Navigate to a page
Core Validation & E2E	Run Playwright Tests	2026-09-02T14:47:07.1882503Z       27 |     await page.goto('/students');
Core Validation & E2E	Run Playwright Tests	2026-09-02T14:47:07.1884664Z     > 28 |     await expect(page.locator('h1:has-text("Students")')).toBeVisible();
Core Validation & E2E	Run Playwright Tests	2026-09-02T14:47:07.1887296Z          |                                                           ^
Core Validation & E2E	Run Playwright Tests	2026-09-02T14:47:07.1888258Z       29 |     
Core Validation & E2E	Run Playwright Tests	2026-09-02T14:47:07.1888768Z       30 |     // Perform logout
Core Validation & E2E	Run Playwright Tests	2026-09-02T14:47:07.1889480Z       31 |     await page.getByRole('button', { name: 'Logout' }).click();
Core Validation & E2E	Run Playwright Tests	2026-09-02T14:47:07.1890470Z         at /mnt/c/Users/krish/actions-runner/_work/ERP-1/ERP-1/apps/web/e2e/proxy-security.spec.ts:28:59
Core Validation & E2E	Run Playwright Tests	2026-09-02T14:47:07.1890913Z 
Core Validation & E2E	Run Playwright Tests	2026-09-02T14:47:07.1891510Z     Error Context: test-results/proxy-security-Proxy-Middl-2a5ca-urity-Logout-remains-usable-chromium-superadmin-retry2/error-context.md
Core Validation & E2E	Run Playwright Tests	2026-09-02T14:47:07.1892127Z 
Core Validation & E2E	Run Playwright Tests	2026-09-02T14:47:07.1892134Z 
Core Validation & E2E	Run Playwright Tests	2026-09-02T14:47:09.9247981Z [57/626] [chromium-superadmin] › e2e/proxy-security.spec.ts:42:9 › Proxy / Middleware Runtime Security › Password Reset Flow › User requiring password reset is redirected to /auth/update-password
Core Validation & E2E	Run Playwright Tests	2026-09-02T14:47:17.4190493Z [58/626] (retries) [chromium-superadmin] › e2e/proxy-security.spec.ts:42:9 › Proxy / Middleware Runtime Security › Password Reset Flow › User requiring password reset is redirected to /auth/update-password (retry #1)
Core Validation & E2E	Run Playwright Tests	2026-09-02T14:47:25.8755230Z [59/626] (retries) [chromium-superadmin] › e2e/proxy-security.spec.ts:42:9 › Proxy / Middleware Runtime Security › Password Reset Flow › User requiring password reset is redirected to /auth/update-password (retry #2)
Core Validation & E2E	Run Playwright Tests	2026-09-02T14:47:39.9061071Z   4) [chromium-superadmin] › e2e/proxy-security.spec.ts:42:9 › Proxy / Middleware Runtime Security › Password Reset Flow › User requiring password reset is redirected to /auth/update-password 
Core Validation & E2E	Run Playwright Tests	2026-09-02T14:47:39.9062283Z 
Core Validation & E2E	Run Playwright Tests	2026-09-02T14:47:39.9062531Z     Error: expect(page).toHaveURL(expected) failed
Core Validation & E2E	Run Playwright Tests	2026-09-02T14:47:39.9062787Z 
Core Validation & E2E	Run Playwright Tests	2026-09-02T14:47:39.9062980Z     Expected pattern: /.*\/auth\/update-password/
Core Validation & E2E	Run Playwright Tests	2026-09-02T14:47:39.9077136Z     Received string:  "http://localhost:3000/login"
Core Validation & E2E	Run Playwright Tests	2026-09-02T14:47:39.9078125Z     Timeout: 5000ms
Core Validation & E2E	Run Playwright Tests	2026-09-02T14:47:39.9079296Z 
Core Validation & E2E	Run Playwright Tests	2026-09-02T14:47:39.9079695Z     Call log:
Core Validation & E2E	Run Playwright Tests	2026-09-02T14:47:39.9080099Z       - Expect "toHaveURL" with timeout 5000ms
Core Validation & E2E	Run Playwright Tests	2026-09-02T14:47:39.9081341Z         13 × locator resolved to <html lang="en" class="h-full antialiased">…</html>
Core Validation & E2E	Run Playwright Tests	2026-09-02T14:47:39.9082219Z            - unexpected value "http://localhost:3000/login"
Core Validation & E2E	Run Playwright Tests	2026-09-02T14:47:39.9082523Z 
Core Validation & E2E	Run Playwright Tests	2026-09-02T14:47:39.9082533Z 
Core Validation & E2E	Run Playwright Tests	2026-09-02T14:47:39.9089378Z       51 |
Core Validation & E2E	Run Playwright Tests	2026-09-02T14:47:39.9089745Z       52 |       // Should be forced to update-password
Core Validation & E2E	Run Playwright Tests	2026-09-02T14:47:39.9090254Z     > 53 |       await expect(page).toHaveURL(/.*\/auth\/update-password/);
Core Validation & E2E	Run Playwright Tests	2026-09-02T14:47:39.9090688Z          |                          ^
Core Validation & E2E	Run Playwright Tests	2026-09-02T14:47:39.9091207Z       54 |       await expect(page.getByRole('heading', { name: 'Update Password' })).toBeVisible();
Core Validation & E2E	Run Playwright Tests	2026-09-02T14:47:39.9091678Z       55 |
Core Validation & E2E	Run Playwright Tests	2026-09-02T14:47:39.9092081Z       56 |       // Trying to navigate to a protected page directly should still redirect
Core Validation & E2E	Run Playwright Tests	2026-09-02T14:47:39.9092844Z         at /mnt/c/Users/krish/actions-runner/_work/ERP-1/ERP-1/apps/web/e2e/proxy-security.spec.ts:53:26
Core Validation & E2E	Run Playwright Tests	2026-09-02T14:47:39.9093278Z 
Core Validation & E2E	Run Playwright Tests	2026-09-02T14:47:39.9093858Z     Error Context: test-results/proxy-security-Proxy-Middl-e4437-ted-to-auth-update-password-chromium-superadmin/error-context.md
Core Validation & E2E	Run Playwright Tests	2026-09-02T14:47:39.9094457Z 
Core Validation & E2E	Run Playwright Tests	2026-09-02T14:47:39.9095016Z     Retry #1 ───────────────────────────────────────────────────────────────────────────────────────
Core Validation & E2E	Run Playwright Tests	2026-09-02T14:47:39.9095363Z 
Core Validation & E2E	Run Playwright Tests	2026-09-02T14:47:39.9095548Z     Error: expect(page).toHaveURL(expected) failed
Core Validation & E2E	Run Playwright Tests	2026-09-02T14:47:39.9095784Z 
Core Validation & E2E	Run Playwright Tests	2026-09-02T14:47:39.9095960Z     Expected pattern: /.*\/auth\/update-password/
Core Validation & E2E	Run Playwright Tests	2026-09-02T14:47:39.9096378Z     Received string:  "http://localhost:3000/login"
Core Validation & E2E	Run Playwright Tests	2026-09-02T14:47:39.9096706Z     Timeout: 5000ms
Core Validation & E2E	Run Playwright Tests	2026-09-02T14:47:39.9096948Z 
Core Validation & E2E	Run Playwright Tests	2026-09-02T14:47:39.9097103Z     Call log:
Core Validation & E2E	Run Playwright Tests	2026-09-02T14:47:39.9097576Z       - Expect "toHaveURL" with timeout 5000ms
Core Validation & E2E	Run Playwright Tests	2026-09-02T14:47:39.9098387Z         14 × locator resolved to <html lang="en" class="h-full antialiased">…</html>
Core Validation & E2E	Run Playwright Tests	2026-09-02T14:47:39.9098939Z            - unexpected value "http://localhost:3000/login"
Core Validation & E2E	Run Playwright Tests	2026-09-02T14:47:39.9099211Z 
Core Validation & E2E	Run Playwright Tests	2026-09-02T14:47:39.9099219Z 
Core Validation & E2E	Run Playwright Tests	2026-09-02T14:47:39.9099305Z       51 |
Core Validation & E2E	Run Playwright Tests	2026-09-02T14:47:39.9099601Z       52 |       // Should be forced to update-password
Core Validation & E2E	Run Playwright Tests	2026-09-02T14:47:39.9100080Z     > 53 |       await expect(page).toHaveURL(/.*\/auth\/update-password/);
Core Validation & E2E	Run Playwright Tests	2026-09-02T14:47:39.9100516Z          |                          ^
Core Validation & E2E	Run Playwright Tests	2026-09-02T14:47:39.9101037Z       54 |       await expect(page.getByRole('heading', { name: 'Update Password' })).toBeVisible();
Core Validation & E2E	Run Playwright Tests	2026-09-02T14:47:39.9101496Z       55 |
Core Validation & E2E	Run Playwright Tests	2026-09-02T14:47:39.9101890Z       56 |       // Trying to navigate to a protected page directly should still redirect
Core Validation & E2E	Run Playwright Tests	2026-09-02T14:47:39.9102633Z         at /mnt/c/Users/krish/actions-runner/_work/ERP-1/ERP-1/apps/web/e2e/proxy-security.spec.ts:53:26
Core Validation & E2E	Run Playwright Tests	2026-09-02T14:47:39.9103063Z 
Core Validation & E2E	Run Playwright Tests	2026-09-02T14:47:39.9103678Z     Error Context: test-results/proxy-security-Proxy-Middl-e4437-ted-to-auth-update-password-chromium-superadmin-retry1/error-context.md
Core Validation & E2E	Run Playwright Tests	2026-09-02T14:47:39.9104782Z 
Core Validation & E2E	Run Playwright Tests	2026-09-02T14:47:39.9105441Z     attachment #2: trace (application/zip) ─────────────────────────────────────────────────────────
Core Validation & E2E	Run Playwright Tests	2026-09-02T14:47:39.9106391Z     test-results/proxy-security-Proxy-Middl-e4437-ted-to-auth-update-password-chromium-superadmin-retry1/trace.zip
Core Validation & E2E	Run Playwright Tests	2026-09-02T14:47:39.9107050Z     Usage:
Core Validation & E2E	Run Playwright Tests	2026-09-02T14:47:39.9107191Z 
Core Validation & E2E	Run Playwright Tests	2026-09-02T14:47:39.9107840Z         npx playwright show-trace test-results/proxy-security-Proxy-Middl-e4437-ted-to-auth-update-password-chromium-superadmin-retry1/trace.zip
Core Validation & E2E	Run Playwright Tests	2026-09-02T14:47:39.9108767Z 
Core Validation & E2E	Run Playwright Tests	2026-09-02T14:47:39.9109721Z     ────────────────────────────────────────────────────────────────────────────────────────────────
Core Validation & E2E	Run Playwright Tests	2026-09-02T14:47:39.9110100Z 
Core Validation & E2E	Run Playwright Tests	2026-09-02T14:47:39.9110565Z     Retry #2 ───────────────────────────────────────────────────────────────────────────────────────
Core Validation & E2E	Run Playwright Tests	2026-09-02T14:47:39.9117416Z 
Core Validation & E2E	Run Playwright Tests	2026-09-02T14:47:39.9117645Z     Error: expect(page).toHaveURL(expected) failed
Core Validation & E2E	Run Playwright Tests	2026-09-02T14:47:39.9117894Z 
Core Validation & E2E	Run Playwright Tests	2026-09-02T14:47:39.9118090Z     Expected pattern: /.*\/auth\/update-password/
Core Validation & E2E	Run Playwright Tests	2026-09-02T14:47:39.9118535Z     Received string:  "http://localhost:3000/login"
Core Validation & E2E	Run Playwright Tests	2026-09-02T14:47:39.9118879Z     Timeout: 5000ms
Core Validation & E2E	Run Playwright Tests	2026-09-02T14:47:39.9119032Z 
Core Validation & E2E	Run Playwright Tests	2026-09-02T14:47:39.9119126Z     Call log:
Core Validation & E2E	Run Playwright Tests	2026-09-02T14:47:39.9119404Z       - Expect "toHaveURL" with timeout 5000ms
Core Validation & E2E	Run Playwright Tests	2026-09-02T14:47:39.9125943Z         14 × locator resolved to <html lang="en" class="h-full antialiased">…</html>
Core Validation & E2E	Run Playwright Tests	2026-09-02T14:47:39.9126515Z            - unexpected value "http://localhost:3000/login"
Core Validation & E2E	Run Playwright Tests	2026-09-02T14:47:39.9126837Z 
Core Validation & E2E	Run Playwright Tests	2026-09-02T14:47:39.9126846Z 
Core Validation & E2E	Run Playwright Tests	2026-09-02T14:47:39.9126935Z       51 |
Core Validation & E2E	Run Playwright Tests	2026-09-02T14:47:39.9127250Z       52 |       // Should be forced to update-password
Core Validation & E2E	Run Playwright Tests	2026-09-02T14:47:39.9127726Z     > 53 |       await expect(page).toHaveURL(/.*\/auth\/update-password/);
Core Validation & E2E	Run Playwright Tests	2026-09-02T14:47:39.9128180Z          |                          ^
Core Validation & E2E	Run Playwright Tests	2026-09-02T14:47:39.9128694Z       54 |       await expect(page.getByRole('heading', { name: 'Update Password' })).toBeVisible();
Core Validation & E2E	Run Playwright Tests	2026-09-02T14:47:39.9129167Z       55 |
Core Validation & E2E	Run Playwright Tests	2026-09-02T14:47:39.9129570Z       56 |       // Trying to navigate to a protected page directly should still redirect
Core Validation & E2E	Run Playwright Tests	2026-09-02T14:47:39.9130538Z         at /mnt/c/Users/krish/actions-runner/_work/ERP-1/ERP-1/apps/web/e2e/proxy-security.spec.ts:53:26
Core Validation & E2E	Run Playwright Tests	2026-09-02T14:47:39.9131578Z 
Core Validation & E2E	Run Playwright Tests	2026-09-02T14:47:39.9132697Z     Error Context: test-results/proxy-security-Proxy-Middl-e4437-ted-to-auth-update-password-chromium-superadmin-retry2/error-context.md
Core Validation & E2E	Run Playwright Tests	2026-09-02T14:47:39.9133859Z 
Core Validation & E2E	Run Playwright Tests	2026-09-02T14:47:39.9133875Z 
Core Validation & E2E	Run Playwright Tests	2026-09-02T14:47:33.3855101Z [60/626] [chromium-superadmin] › e2e/scheduling.spec.ts:13:7 › Scheduling Management › Branch Admin can manage rooms, bell schedules, and periods
Core Validation & E2E	Run Playwright Tests	2026-09-02T14:47:33.5500403Z [61/626] [chromium-superadmin] › e2e/scheduling.spec.ts:99:7 › Scheduling Security - Teacher Role › Teacher cannot perform administrative mutations
Core Validation & E2E	Run Playwright Tests	2026-09-02T14:47:33.5828032Z [62/626] [chromium-superadmin] › e2e/scheduling.spec.ts:119:7 › Scheduling Security - Cross Branch › Cross-branch manipulation is rejected
Core Validation & E2E	Run Playwright Tests	2026-09-02T14:47:35.0935596Z [63/626] [chromium-superadmin] › e2e/storage.spec.ts:34:7 › Storage Runtime Authorization (Communication) › Teacher can upload attachment to their own draft and unauthorized users cannot read
Core Validation & E2E	Run Playwright Tests	2026-09-02T14:47:35.1831794Z [64/626] [chromium-superadmin] › e2e/students-security.spec.ts:17:7 › Students Page Authorization › Branch Admin can access /students for their own branch
Core Validation & E2E	Run Playwright Tests	2026-09-02T14:47:35.4684091Z [65/626] [chromium-superadmin] › e2e/students-security.spec.ts:35:7 › Students Page Authorization › Teacher can access /students in read-only mode
Core Validation & E2E	Run Playwright Tests	2026-09-02T14:47:35.5478721Z [66/626] [chromium-superadmin] › e2e/students-security.spec.ts:52:7 › Students Page Authorization › Students page rejects access with invalid branch context
Core Validation & E2E	Run Playwright Tests	2026-09-02T14:47:35.6308756Z [67/626] [chromium-superadmin] › e2e/students-security.spec.ts:67:7 › Students/New Page Authorization › Branch Admin can access /students/new for their branch
Core Validation & E2E	Run Playwright Tests	2026-09-02T14:47:35.7115070Z [68/626] [chromium-superadmin] › e2e/students-security.spec.ts:80:7 › Students/New Page Authorization › Teacher cannot access /students/new (read-only role)
Core Validation & E2E	Run Playwright Tests	2026-09-02T14:47:35.7867482Z [69/626] [chromium-superadmin] › e2e/students-security.spec.ts:91:7 › Students/New Page Authorization › Students/new page does not contain hardcoded branch/org IDs
Core Validation & E2E	Run Playwright Tests	2026-09-02T14:47:44.7791263Z [70/626] [chromium-superadmin] › e2e/students-security.spec.ts:104:7 › Students/New Page Authorization › Students/new rejects cross-branch access
Core Validation & E2E	Run Playwright Tests	2026-09-02T14:47:44.8812527Z [71/626] [chromium-superadmin] › e2e/students-security.spec.ts:119:7 › Students Detail Page Authorization › Student detail page enforces branch context
Core Validation & E2E	Run Playwright Tests	2026-09-02T14:47:44.9612343Z [72/626] [chromium-superadmin] › e2e/students-security.spec.ts:131:7 › Students Detail Page Authorization › Student detail page rejects cross-branch access
Core Validation & E2E	Run Playwright Tests	2026-09-02T14:47:35.9331635Z [73/626] [chromium-superadmin] › e2e/substitutions.spec.ts:33:7 › Substitutions Management › Branch Admin CRUD & Conflicts › should manage substitutions and handle conflicts
Core Validation & E2E	Run Playwright Tests	2026-09-02T14:47:35.9665613Z [74/626] [chromium-superadmin] › e2e/substitutions.spec.ts:281:9 › Substitutions Management › Teacher Roles › should view substitutions but cannot create
Core Validation & E2E	Run Playwright Tests	2026-09-02T14:47:36.0360111Z [75/626] [chromium-superadmin] › e2e/timetable.spec.ts:27:9 › Timetable Management › Branch Admin CRUD & Conflicts › should manage timetable entries and handle conflicts
Core Validation & E2E	Run Playwright Tests	2026-09-02T14:47:36.0658775Z [76/626] [chromium-superadmin] › e2e/timetable.spec.ts:168:9 › Timetable Management › Teacher Roles › should view timetable but cannot create entries
Core Validation & E2E	Run Playwright Tests	2026-09-02T14:47:38.7766848Z [77/626] [chromium-branchadmin] › e2e/academic-structure.spec.ts:6:7 › Academic Structure Role Tests › Teacher gets Access Denied when trying to create and sees branch identity without switching
Core Validation & E2E	Run Playwright Tests	2026-09-02T14:47:39.1532358Z [78/626] [chromium-branchadmin] › e2e/academic-structure.spec.ts:22:7 › Academic Structure Role Tests › Branch Admin can create, edit, and delete an Academic Year but cannot switch branch
Core Validation & E2E	Run Playwright Tests	2026-09-02T14:47:42.4767621Z [79/626] [chromium-branchadmin] › e2e/academic-structure.spec.ts:58:7 › Academic Structure Role Tests › Branch Admin attempting to access another branch resource is denied
Core Validation & E2E	Run Playwright Tests	2026-09-02T14:48:27.3185097Z [chromium-branchadmin] › e2e/academic-structure.spec.ts:58:7 › Academic Structure Role Tests › Branch Admin attempting to access another branch resource is denied
Core Validation & E2E	Run Playwright Tests	2026-09-02T14:48:27.3186677Z 
Core Validation & E2E	Run Playwright Tests	2026-09-02T14:48:27.3186946Z Connecting to local database...
Core Validation & E2E	Run Playwright Tests	2026-09-02T14:48:27.3187810Z A new version of Supabase CLI is available: v2.116.0 (currently installed v2.115.0)
Core Validation & E2E	Run Playwright Tests	2026-09-02T14:48:27.3188832Z We recommend updating regularly for new features and bug fixes: https://supabase.com/docs/guides/cli/getting-started#updating-the-supabase-cli
Core Validation & E2E	Run Playwright Tests	2026-09-02T14:48:27.3189426Z 
Core Validation & E2E	Run Playwright Tests	2026-09-02T14:48:27.4649416Z [80/626] [chromium-branchadmin] › e2e/adversarial-security.spec.ts:38:9 › Adversarial Server-Boundary Security › Teacher Role Mutations › Teacher cannot mutate attendance for unauthorized branch
Core Validation & E2E	Run Playwright Tests	2026-09-02T14:48:27.5168246Z [81/626] [chromium-branchadmin] › e2e/adversarial-security.spec.ts:63:9 › Adversarial Server-Boundary Security › Teacher Role Mutations › Teacher cannot mutate homework for unauthorized branch
Core Validation & E2E	Run Playwright Tests	2026-09-02T14:48:27.5545544Z [82/626] [chromium-branchadmin] › e2e/adversarial-security.spec.ts:104:9 › Adversarial Server-Boundary Security › Teacher Role Mutations › Teacher cannot publish communication messages (admin-only)
Core Validation & E2E	Run Playwright Tests	2026-09-02T14:48:27.5928806Z [83/626] [chromium-branchadmin] › e2e/adversarial-security.spec.ts:131:9 › Adversarial Server-Boundary Security › Teacher Role Mutations › Teacher cannot mutate a locked attendance session directly via RPC
Core Validation & E2E	Run Playwright Tests	2026-09-02T14:48:27.6255739Z [84/626] [chromium-branchadmin] › e2e/adversarial-security.spec.ts:176:9 › Adversarial Server-Boundary Security › Guardian Role Mutations › Guardian cannot mutate attendance for their own child
Core Validation & E2E	Run Playwright Tests	2026-09-02T14:48:27.6881217Z [85/626] [chromium-branchadmin] › e2e/app-config.spec.ts:5:7 › App Config Admin Tests › Teacher gets Access Denied when trying to access app config
Core Validation & E2E	Run Playwright Tests	2026-09-02T14:48:27.7901073Z [86/626] [chromium-branchadmin] › e2e/app-config.spec.ts:15:7 › App Config Admin Tests › Branch Admin can view and edit their branch app config
Core Validation & E2E	Run Playwright Tests	2026-09-02T14:48:29.8769176Z [87/626] [chromium-branchadmin] › e2e/app-config.spec.ts:40:7 › App Config Admin Tests › Super Admin can view and edit app configs across branches
Core Validation & E2E	Run Playwright Tests	2026-09-02T14:48:30.0325254Z [88/626] [chromium-branchadmin] › e2e/attendance.spec.ts:11:9 › Attendance Management › Teacher Flow (chromium-teacher) › Teacher can mark, save, and lock attendance
Core Validation & E2E	Run Playwright Tests	2026-09-02T14:48:30.0579742Z [89/626] [chromium-branchadmin] › e2e/attendance.spec.ts:64:9 › Attendance Management › Teacher Flow (chromium-teacher) › Teacher cannot bypass authorization for another branch
Core Validation & E2E	Run Playwright Tests	2026-09-02T14:48:30.0826384Z [90/626] [chromium-branchadmin] › e2e/attendance.spec.ts:76:9 › Attendance Management › Branch Admin Flow (chromium-branchadmin) › Admin can mark, save, lock, publish, and correct attendance
Core Validation & E2E	Run Playwright Tests	2026-09-02T14:48:35.6491320Z [91/626] [chromium-branchadmin] › e2e/attendance.spec.ts:145:9 › Attendance Management › Guardian History Flow (chromium-guardian) › Guardian can view published absences
Core Validation & E2E	Run Playwright Tests	2026-09-02T14:48:35.6820672Z [92/626] [chromium-branchadmin] › e2e/attendance.spec.ts:155:9 › Attendance Management › Guardian History Flow (chromium-guardian) › Guardian cannot access attendance entry page
Core Validation & E2E	Run Playwright Tests	2026-09-02T14:48:35.7430086Z [93/626] [chromium-branchadmin] › e2e/auth-password-reset.spec.ts:7:7 › Temporary Credentials Enforcement › User with force_password_reset=true is redirected and can reset
Core Validation & E2E	Run Playwright Tests	2026-09-02T14:48:35.8132978Z [94/626] [chromium-branchadmin] › e2e/auth-password-reset.spec.ts:62:7 › Temporary Credentials Enforcement › Normal user without force_password_reset can login normally
Core Validation & E2E	Run Playwright Tests	2026-09-02T14:48:40.4753677Z [95/626] [chromium-branchadmin] › e2e/branch-context.spec.ts:39:9 › branch-context authorization helpers › Super Admin Semantics › auth_is_super_admin() is true
Core Validation & E2E	Run Playwright Tests	2026-09-02T14:48:40.5013499Z [96/626] [chromium-branchadmin] › e2e/branch-context.spec.ts:44:9 › branch-context authorization helpers › Super Admin Semantics › auth_has_org_access() is true for authorized org
Core Validation & E2E	Run Playwright Tests	2026-09-02T14:48:40.5162632Z [97/626] [chromium-branchadmin] › e2e/branch-context.spec.ts:49:9 › branch-context authorization helpers › Super Admin Semantics › auth_has_branch_membership() is true for branch in authorized org
Core Validation & E2E	Run Playwright Tests	2026-09-02T14:48:40.5376735Z [98/626] [chromium-branchadmin] › e2e/branch-context.spec.ts:53:9 › branch-context authorization helpers › Super Admin Semantics › auth_has_branch_membership() is false for branch in unauthorized org
Core Validation & E2E	Run Playwright Tests	2026-09-02T14:48:40.5592647Z [99/626] [chromium-branchadmin] › e2e/branch-context.spec.ts:57:9 › branch-context authorization helpers › Super Admin Semantics › auth_has_branch_role() is false unless an explicit real role assignment exists
Core Validation & E2E	Run Playwright Tests	2026-09-02T14:48:40.5754445Z [100/626] [chromium-branchadmin] › e2e/branch-context.spec.ts:68:9 › branch-context authorization helpers › Branch Admin Semantics › branchadmin role is true for own branch
Core Validation & E2E	Run Playwright Tests	2026-09-02T14:48:40.5992586Z [101/626] [chromium-branchadmin] › e2e/branch-context.spec.ts:72:9 › branch-context authorization helpers › Branch Admin Semantics › teacher role is false unless explicitly assigned
Core Validation & E2E	Run Playwright Tests	2026-09-02T14:48:40.6097988Z [102/626] [chromium-branchadmin] › e2e/branch-context.spec.ts:76:9 › branch-context authorization helpers › Branch Admin Semantics › other branch is false
Core Validation & E2E	Run Playwright Tests	2026-09-02T14:48:40.6226399Z [103/626] [chromium-branchadmin] › e2e/branch-context.spec.ts:80:9 › branch-context authorization helpers › Branch Admin Semantics › wrong org is false
Core Validation & E2E	Run Playwright Tests	2026-09-02T14:48:40.6370237Z [104/626] [chromium-branchadmin] › e2e/branch-context.spec.ts:86:9 › branch-context authorization helpers › Teacher Semantics › teacher role is true in own branch
Core Validation & E2E	Run Playwright Tests	2026-09-02T14:48:40.6502821Z [105/626] [chromium-branchadmin] › e2e/branch-context.spec.ts:90:9 › branch-context authorization helpers › Teacher Semantics › branchadmin role is false
Core Validation & E2E	Run Playwright Tests	2026-09-02T14:48:40.6630502Z [106/626] [chromium-branchadmin] › e2e/branch-context.spec.ts:94:9 › branch-context authorization helpers › Teacher Semantics › other branch is false
Core Validation & E2E	Run Playwright Tests	2026-09-02T14:48:40.6764844Z [107/626] [chromium-branchadmin] › e2e/branch-context.spec.ts:98:9 › branch-context authorization helpers › Teacher Semantics › wrong org is false
Core Validation & E2E	Run Playwright Tests	2026-09-02T14:48:40.7306683Z [108/626] [chromium-branchadmin] › e2e/calendar.spec.ts:24:7 › Calendar UI › Teacher cannot mutate calendar events or operating days
Core Validation & E2E	Run Playwright Tests	2026-09-02T14:48:40.8278148Z [109/626] [chromium-branchadmin] › e2e/calendar.spec.ts:79:9 › Calendar UI › Branch Admin Calendar Mutations › Branch Admin can manage operating days
Core Validation & E2E	Run Playwright Tests	2026-09-02T14:48:43.2928747Z [110/626] [chromium-branchadmin] › e2e/calendar.spec.ts:128:9 › Calendar UI › Branch Admin Calendar Mutations › Branch Admin can create, edit, and archive calendar events
Core Validation & E2E	Run Playwright Tests	2026-09-02T14:48:49.0351502Z [111/626] [chromium-branchadmin] › e2e/communication.spec.ts:5:7 › Communication End-to-End Workflows › Branch Admin can create an announcement and view it in Sent
Core Validation & E2E	Run Playwright Tests	2026-09-02T14:49:00.0105201Z [112/626] [chromium-branchadmin] › e2e/communication.spec.ts:26:7 › Communication End-to-End Workflows › Teacher can create class announcement and branch-wide targeting is denied
Core Validation & E2E	Run Playwright Tests	2026-09-02T14:49:00.0477850Z [113/626] [chromium-branchadmin] › e2e/communication.spec.ts:61:7 › Communication End-to-End Workflows › Recipient can view message in inbox
Core Validation & E2E	Run Playwright Tests	2026-09-02T14:49:00.0950851Z [114/626] [chromium-branchadmin] › e2e/communication.spec.ts:163:7 › Communication End-to-End Workflows › Teacher rate limit enforces exactly 5 messages per day
Core Validation & E2E	Run Playwright Tests	2026-09-02T14:48:50.9989921Z [115/626] [chromium-branchadmin] › e2e/homework.spec.ts:11:9 › Homework E2E - Phase 5 › Teacher Creation Flow › Teacher creates, saves draft, and publishes
Core Validation & E2E	Run Playwright Tests	2026-09-02T14:48:51.0310433Z [116/626] [chromium-branchadmin] › e2e/homework.spec.ts:63:9 › Homework E2E - Phase 5 › Guardian View Flow › Guardian views homework but cannot submit
Core Validation & E2E	Run Playwright Tests	2026-09-02T14:48:51.0595747Z [117/626] [chromium-branchadmin] › e2e/homework.spec.ts:86:9 › Homework E2E - Phase 5 › Unauthorized Access › Unauthorized access to creation page is blocked
Core Validation & E2E	Run Playwright Tests	2026-09-02T14:48:51.1205123Z [118/626] [chromium-branchadmin] › e2e/proxy-security.spec.ts:5:7 › Proxy / Middleware Runtime Security › Unauthenticated user is redirected to /login
Core Validation & E2E	Run Playwright Tests	2026-09-02T14:48:58.6118593Z [119/626] (retries) [chromium-branchadmin] › e2e/proxy-security.spec.ts:5:7 › Proxy / Middleware Runtime Security › Unauthenticated user is redirected to /login (retry #1)
Core Validation & E2E	Run Playwright Tests	2026-09-02T14:49:06.7263352Z [120/626] (retries) [chromium-branchadmin] › e2e/proxy-security.spec.ts:5:7 › Proxy / Middleware Runtime Security › Unauthenticated user is redirected to /login (retry #2)
Core Validation & E2E	Run Playwright Tests	2026-09-02T14:49:11.9483080Z   5) [chromium-branchadmin] › e2e/proxy-security.spec.ts:5:7 › Proxy / Middleware Runtime Security › Unauthenticated user is redirected to /login 
Core Validation & E2E	Run Playwright Tests	2026-09-02T14:49:11.9484454Z 
Core Validation & E2E	Run Playwright Tests	2026-09-02T14:49:11.9485624Z     Error: expect(locator).toBeVisible() failed
Core Validation & E2E	Run Playwright Tests	2026-09-02T14:49:11.9486083Z 
Core Validation & E2E	Run Playwright Tests	2026-09-02T14:49:11.9486694Z     Locator: getByRole('heading', { name: 'Sign in' })
Core Validation & E2E	Run Playwright Tests	2026-09-02T14:49:11.9487259Z     Expected: visible
Core Validation & E2E	Run Playwright Tests	2026-09-02T14:49:11.9487515Z     Timeout: 5000ms
Core Validation & E2E	Run Playwright Tests	2026-09-02T14:49:11.9487767Z     Error: element(s) not found
Core Validation & E2E	Run Playwright Tests	2026-09-02T14:49:11.9487960Z 
Core Validation & E2E	Run Playwright Tests	2026-09-02T14:49:11.9488315Z     Call log:
Core Validation & E2E	Run Playwright Tests	2026-09-02T14:49:11.9488670Z       - Expect "toBeVisible" with timeout 5000ms
Core Validation & E2E	Run Playwright Tests	2026-09-02T14:49:11.9489620Z       - waiting for getByRole('heading', { name: 'Sign in' })
Core Validation & E2E	Run Playwright Tests	2026-09-02T14:49:11.9490180Z 
Core Validation & E2E	Run Playwright Tests	2026-09-02T14:49:11.9490195Z 
Core Validation & E2E	Run Playwright Tests	2026-09-02T14:49:11.9490653Z       11 |     // Should be redirected by proxy.ts to login
Core Validation & E2E	Run Playwright Tests	2026-09-02T14:49:11.9491730Z       12 |     await expect(page).toHaveURL(/.*\/login/);
Core Validation & E2E	Run Playwright Tests	2026-09-02T14:49:11.9545744Z     > 13 |     await expect(page.getByRole('heading', { name: 'Sign in' })).toBeVisible();
Core Validation & E2E	Run Playwright Tests	2026-09-02T14:49:11.9546415Z          |                                                                  ^
Core Validation & E2E	Run Playwright Tests	2026-09-02T14:49:11.9546862Z       14 |     await context.close();
Core Validation & E2E	Run Playwright Tests	2026-09-02T14:49:11.9547635Z       15 |   });
Core Validation & E2E	Run Playwright Tests	2026-09-02T14:49:11.9547983Z       16 |
Core Validation & E2E	Run Playwright Tests	2026-09-02T14:49:11.9548595Z         at /mnt/c/Users/krish/actions-runner/_work/ERP-1/ERP-1/apps/web/e2e/proxy-security.spec.ts:13:66
Core Validation & E2E	Run Playwright Tests	2026-09-02T14:49:11.9549092Z 
Core Validation & E2E	Run Playwright Tests	2026-09-02T14:49:11.9555974Z     Error Context: test-results/proxy-security-Proxy-Middl-28b94-user-is-redirected-to-login-chromium-branchadmin/error-context.md
Core Validation & E2E	Run Playwright Tests	2026-09-02T14:49:11.9556867Z 
Core Validation & E2E	Run Playwright Tests	2026-09-02T14:49:11.9557512Z     Retry #1 ───────────────────────────────────────────────────────────────────────────────────────
Core Validation & E2E	Run Playwright Tests	2026-09-02T14:49:11.9557824Z 
Core Validation & E2E	Run Playwright Tests	2026-09-02T14:49:11.9557988Z     Error: expect(locator).toBeVisible() failed
Core Validation & E2E	Run Playwright Tests	2026-09-02T14:49:11.9558199Z 
Core Validation & E2E	Run Playwright Tests	2026-09-02T14:49:11.9558366Z     Locator: getByRole('heading', { name: 'Sign in' })
Core Validation & E2E	Run Playwright Tests	2026-09-02T14:49:11.9558689Z     Expected: visible
Core Validation & E2E	Run Playwright Tests	2026-09-02T14:49:11.9559745Z     Timeout: 5000ms
Core Validation & E2E	Run Playwright Tests	2026-09-02T14:49:11.9560329Z     Error: element(s) not found
Core Validation & E2E	Run Playwright Tests	2026-09-02T14:49:11.9560552Z 
Core Validation & E2E	Run Playwright Tests	2026-09-02T14:49:11.9560914Z     Call log:
Core Validation & E2E	Run Playwright Tests	2026-09-02T14:49:11.9561247Z       - Expect "toBeVisible" with timeout 5000ms
Core Validation & E2E	Run Playwright Tests	2026-09-02T14:49:11.9561965Z       - waiting for getByRole('heading', { name: 'Sign in' })
Core Validation & E2E	Run Playwright Tests	2026-09-02T14:49:11.9562235Z 
Core Validation & E2E	Run Playwright Tests	2026-09-02T14:49:11.9562242Z 
Core Validation & E2E	Run Playwright Tests	2026-09-02T14:49:11.9562424Z       11 |     // Should be redirected by proxy.ts to login
Core Validation & E2E	Run Playwright Tests	2026-09-02T14:49:11.9563091Z       12 |     await expect(page).toHaveURL(/.*\/login/);
Core Validation & E2E	Run Playwright Tests	2026-09-02T14:49:11.9563958Z     > 13 |     await expect(page.getByRole('heading', { name: 'Sign in' })).toBeVisible();
Core Validation & E2E	Run Playwright Tests	2026-09-02T14:49:11.9564483Z          |                                                                  ^
Core Validation & E2E	Run Playwright Tests	2026-09-02T14:49:11.9564841Z       14 |     await context.close();
Core Validation & E2E	Run Playwright Tests	2026-09-02T14:49:11.9565400Z       15 |   });
Core Validation & E2E	Run Playwright Tests	2026-09-02T14:49:11.9565642Z       16 |
Core Validation & E2E	Run Playwright Tests	2026-09-02T14:49:11.9566132Z         at /mnt/c/Users/krish/actions-runner/_work/ERP-1/ERP-1/apps/web/e2e/proxy-security.spec.ts:13:66
Core Validation & E2E	Run Playwright Tests	2026-09-02T14:49:11.9566802Z 
Core Validation & E2E	Run Playwright Tests	2026-09-02T14:49:11.9567418Z     Error Context: test-results/proxy-security-Proxy-Middl-28b94-user-is-redirected-to-login-chromium-branchadmin-retry1/error-context.md
Core Validation & E2E	Run Playwright Tests	2026-09-02T14:49:11.9568020Z 
Core Validation & E2E	Run Playwright Tests	2026-09-02T14:49:11.9568515Z     attachment #2: trace (application/zip) ─────────────────────────────────────────────────────────
Core Validation & E2E	Run Playwright Tests	2026-09-02T14:49:11.9569369Z     test-results/proxy-security-Proxy-Middl-28b94-user-is-redirected-to-login-chromium-branchadmin-retry1/trace.zip
Core Validation & E2E	Run Playwright Tests	2026-09-02T14:49:11.9570258Z     Usage:
Core Validation & E2E	Run Playwright Tests	2026-09-02T14:49:11.9570406Z 
Core Validation & E2E	Run Playwright Tests	2026-09-02T14:49:11.9571004Z         npx playwright show-trace test-results/proxy-security-Proxy-Middl-28b94-user-is-redirected-to-login-chromium-branchadmin-retry1/trace.zip
Core Validation & E2E	Run Playwright Tests	2026-09-02T14:49:11.9571893Z 
Core Validation & E2E	Run Playwright Tests	2026-09-02T14:49:11.9572583Z     ────────────────────────────────────────────────────────────────────────────────────────────────
Core Validation & E2E	Run Playwright Tests	2026-09-02T14:49:11.9573921Z 
Core Validation & E2E	Run Playwright Tests	2026-09-02T14:49:11.9575082Z     Retry #2 ───────────────────────────────────────────────────────────────────────────────────────
Core Validation & E2E	Run Playwright Tests	2026-09-02T14:49:11.9575460Z 
Core Validation & E2E	Run Playwright Tests	2026-09-02T14:49:11.9575643Z     Error: expect(locator).toBeVisible() failed
Core Validation & E2E	Run Playwright Tests	2026-09-02T14:49:11.9575869Z 
Core Validation & E2E	Run Playwright Tests	2026-09-02T14:49:11.9576035Z     Locator: getByRole('heading', { name: 'Sign in' })
Core Validation & E2E	Run Playwright Tests	2026-09-02T14:49:11.9576791Z     Expected: visible
Core Validation & E2E	Run Playwright Tests	2026-09-02T14:49:11.9577099Z     Timeout: 5000ms
Core Validation & E2E	Run Playwright Tests	2026-09-02T14:49:11.9581843Z     Error: element(s) not found
Core Validation & E2E	Run Playwright Tests	2026-09-02T14:49:11.9582062Z 
Core Validation & E2E	Run Playwright Tests	2026-09-02T14:49:11.9582176Z     Call log:
Core Validation & E2E	Run Playwright Tests	2026-09-02T14:49:11.9583347Z       - Expect "toBeVisible" with timeout 5000ms
Core Validation & E2E	Run Playwright Tests	2026-09-02T14:49:11.9584762Z       - waiting for getByRole('heading', { name: 'Sign in' })
Core Validation & E2E	Run Playwright Tests	2026-09-02T14:49:11.9585488Z 
Core Validation & E2E	Run Playwright Tests	2026-09-02T14:49:11.9585507Z 
Core Validation & E2E	Run Playwright Tests	2026-09-02T14:49:11.9586276Z       11 |     // Should be redirected by proxy.ts to login
Core Validation & E2E	Run Playwright Tests	2026-09-02T14:49:11.9586783Z       12 |     await expect(page).toHaveURL(/.*\/login/);
Core Validation & E2E	Run Playwright Tests	2026-09-02T14:49:11.9591745Z     > 13 |     await expect(page.getByRole('heading', { name: 'Sign in' })).toBeVisible();
Core Validation & E2E	Run Playwright Tests	2026-09-02T14:49:11.9592257Z          |                                                                  ^
Core Validation & E2E	Run Playwright Tests	2026-09-02T14:49:11.9592594Z       14 |     await context.close();
Core Validation & E2E	Run Playwright Tests	2026-09-02T14:49:11.9592845Z       15 |   });
Core Validation & E2E	Run Playwright Tests	2026-09-02T14:49:11.9593033Z       16 |
Core Validation & E2E	Run Playwright Tests	2026-09-02T14:49:11.9593486Z         at /mnt/c/Users/krish/actions-runner/_work/ERP-1/ERP-1/apps/web/e2e/proxy-security.spec.ts:13:66
Core Validation & E2E	Run Playwright Tests	2026-09-02T14:49:11.9594432Z 
Core Validation & E2E	Run Playwright Tests	2026-09-02T14:49:11.9595486Z     Error Context: test-results/proxy-security-Proxy-Middl-28b94-user-is-redirected-to-login-chromium-branchadmin-retry2/error-context.md
Core Validation & E2E	Run Playwright Tests	2026-09-02T14:49:11.9596135Z 
Core Validation & E2E	Run Playwright Tests	2026-09-02T14:49:11.9596142Z 
Core Validation & E2E	Run Playwright Tests	2026-09-02T14:49:14.6162373Z [121/626] [chromium-branchadmin] › e2e/proxy-security.spec.ts:17:7 › Proxy / Middleware Runtime Security › Normal authenticated user is not incorrectly redirected
Core Validation & E2E	Run Playwright Tests	2026-09-02T14:49:15.4715571Z [122/626] [chromium-branchadmin] › e2e/proxy-security.spec.ts:25:7 › Proxy / Middleware Runtime Security › Logout remains usable
Core Validation & E2E	Run Playwright Tests	2026-09-02T14:49:45.1919554Z [123/626] (retries) [chromium-branchadmin] › e2e/proxy-security.spec.ts:25:7 › Proxy / Middleware Runtime Security › Logout remains usable (retry #1)
Core Validation & E2E	Run Playwright Tests	2026-09-02T14:50:15.5163916Z [124/626] (retries) [chromium-branchadmin] › e2e/proxy-security.spec.ts:25:7 › Proxy / Middleware Runtime Security › Logout remains usable (retry #2)
Core Validation & E2E	Run Playwright Tests	2026-09-02T14:50:42.9518538Z   6) [chromium-branchadmin] › e2e/proxy-security.spec.ts:25:7 › Proxy / Middleware Runtime Security › Logout remains usable 
Core Validation & E2E	Run Playwright Tests	2026-09-02T14:50:42.9519594Z 
Core Validation & E2E	Run Playwright Tests	2026-09-02T14:50:42.9519867Z     Test timeout of 30000ms exceeded.
Core Validation & E2E	Run Playwright Tests	2026-09-02T14:50:42.9520203Z 
Core Validation & E2E	Run Playwright Tests	2026-09-02T14:50:42.9520554Z     Error: locator.click: Test timeout of 30000ms exceeded.
Core Validation & E2E	Run Playwright Tests	2026-09-02T14:50:42.9520965Z     Call log:
Core Validation & E2E	Run Playwright Tests	2026-09-02T14:50:42.9521277Z       - waiting for getByRole('button', { name: 'Logout' })
Core Validation & E2E	Run Playwright Tests	2026-09-02T14:50:42.9521544Z 
Core Validation & E2E	Run Playwright Tests	2026-09-02T14:50:42.9521551Z 
Core Validation & E2E	Run Playwright Tests	2026-09-02T14:50:42.9521639Z       29 |     
Core Validation & E2E	Run Playwright Tests	2026-09-02T14:50:42.9522398Z       30 |     // Perform logout
Core Validation & E2E	Run Playwright Tests	2026-09-02T14:50:42.9523322Z     > 31 |     await page.getByRole('button', { name: 'Logout' }).click();
Core Validation & E2E	Run Playwright Tests	2026-09-02T14:50:42.9524091Z          |                                                        ^
Core Validation & E2E	Run Playwright Tests	2026-09-02T14:50:42.9524452Z       32 |     
Core Validation & E2E	Run Playwright Tests	2026-09-02T14:50:42.9524726Z       33 |     // Verify redirect to login
Core Validation & E2E	Run Playwright Tests	2026-09-02T14:50:42.9525082Z       34 |     await expect(page).toHaveURL(/.*\/login/);
Core Validation & E2E	Run Playwright Tests	2026-09-02T14:50:42.9526129Z         at /mnt/c/Users/krish/actions-runner/_work/ERP-1/ERP-1/apps/web/e2e/proxy-security.spec.ts:31:56
Core Validation & E2E	Run Playwright Tests	2026-09-02T14:50:42.9527326Z 
Core Validation & E2E	Run Playwright Tests	2026-09-02T14:50:42.9527993Z     Error Context: test-results/proxy-security-Proxy-Middl-2a5ca-urity-Logout-remains-usable-chromium-branchadmin/error-context.md
Core Validation & E2E	Run Playwright Tests	2026-09-02T14:50:42.9528617Z 
Core Validation & E2E	Run Playwright Tests	2026-09-02T14:50:42.9529250Z     Retry #1 ───────────────────────────────────────────────────────────────────────────────────────
Core Validation & E2E	Run Playwright Tests	2026-09-02T14:50:42.9536130Z 
Core Validation & E2E	Run Playwright Tests	2026-09-02T14:50:42.9536445Z     Test timeout of 30000ms exceeded.
Core Validation & E2E	Run Playwright Tests	2026-09-02T14:50:42.9536667Z 
Core Validation & E2E	Run Playwright Tests	2026-09-02T14:50:42.9536888Z     Error: locator.click: Test timeout of 30000ms exceeded.
Core Validation & E2E	Run Playwright Tests	2026-09-02T14:50:42.9537242Z     Call log:
Core Validation & E2E	Run Playwright Tests	2026-09-02T14:50:42.9537766Z       - waiting for getByRole('button', { name: 'Logout' })
Core Validation & E2E	Run Playwright Tests	2026-09-02T14:50:42.9538079Z 
Core Validation & E2E	Run Playwright Tests	2026-09-02T14:50:42.9538088Z 
Core Validation & E2E	Run Playwright Tests	2026-09-02T14:50:42.9538188Z       29 |     
Core Validation & E2E	Run Playwright Tests	2026-09-02T14:50:42.9538445Z       30 |     // Perform logout
Core Validation & E2E	Run Playwright Tests	2026-09-02T14:50:42.9544406Z     > 31 |     await page.getByRole('button', { name: 'Logout' }).click();
Core Validation & E2E	Run Playwright Tests	2026-09-02T14:50:42.9545949Z          |                                                        ^
Core Validation & E2E	Run Playwright Tests	2026-09-02T14:50:42.9546547Z       32 |     
Core Validation & E2E	Run Playwright Tests	2026-09-02T14:50:42.9546837Z       33 |     // Verify redirect to login
Core Validation & E2E	Run Playwright Tests	2026-09-02T14:50:42.9547209Z       34 |     await expect(page).toHaveURL(/.*\/login/);
Core Validation & E2E	Run Playwright Tests	2026-09-02T14:50:42.9548461Z         at /mnt/c/Users/krish/actions-runner/_work/ERP-1/ERP-1/apps/web/e2e/proxy-security.spec.ts:31:56
Core Validation & E2E	Run Playwright Tests	2026-09-02T14:50:42.9549484Z 
Core Validation & E2E	Run Playwright Tests	2026-09-02T14:50:42.9550144Z     Error Context: test-results/proxy-security-Proxy-Middl-2a5ca-urity-Logout-remains-usable-chromium-branchadmin-retry1/error-context.md
Core Validation & E2E	Run Playwright Tests	2026-09-02T14:50:42.9550765Z 
Core Validation & E2E	Run Playwright Tests	2026-09-02T14:50:42.9551915Z     attachment #2: trace (application/zip) ─────────────────────────────────────────────────────────
Core Validation & E2E	Run Playwright Tests	2026-09-02T14:50:42.9553470Z     test-results/proxy-security-Proxy-Middl-2a5ca-urity-Logout-remains-usable-chromium-branchadmin-retry1/trace.zip
Core Validation & E2E	Run Playwright Tests	2026-09-02T14:50:42.9554126Z     Usage:
Core Validation & E2E	Run Playwright Tests	2026-09-02T14:50:42.9554247Z 
Core Validation & E2E	Run Playwright Tests	2026-09-02T14:50:42.9554929Z         npx playwright show-trace test-results/proxy-security-Proxy-Middl-2a5ca-urity-Logout-remains-usable-chromium-branchadmin-retry1/trace.zip
Core Validation & E2E	Run Playwright Tests	2026-09-02T14:50:42.9555547Z 
Core Validation & E2E	Run Playwright Tests	2026-09-02T14:50:42.9555953Z     ────────────────────────────────────────────────────────────────────────────────────────────────
Core Validation & E2E	Run Playwright Tests	2026-09-02T14:50:42.9556253Z 
Core Validation & E2E	Run Playwright Tests	2026-09-02T14:50:42.9556612Z     Retry #2 ───────────────────────────────────────────────────────────────────────────────────────
Core Validation & E2E	Run Playwright Tests	2026-09-02T14:50:42.9556937Z 
Core Validation & E2E	Run Playwright Tests	2026-09-02T14:50:42.9557063Z     Test timeout of 30000ms exceeded.
Core Validation & E2E	Run Playwright Tests	2026-09-02T14:50:42.9557254Z 
Core Validation & E2E	Run Playwright Tests	2026-09-02T14:50:42.9557487Z     Error: locator.click: Test timeout of 30000ms exceeded.
Core Validation & E2E	Run Playwright Tests	2026-09-02T14:50:42.9558103Z     Call log:
Core Validation & E2E	Run Playwright Tests	2026-09-02T14:50:42.9558531Z       - waiting for getByRole('button', { name: 'Logout' })
Core Validation & E2E	Run Playwright Tests	2026-09-02T14:50:42.9558779Z 
Core Validation & E2E	Run Playwright Tests	2026-09-02T14:50:42.9558787Z 
Core Validation & E2E	Run Playwright Tests	2026-09-02T14:50:42.9558867Z       29 |     
Core Validation & E2E	Run Playwright Tests	2026-09-02T14:50:42.9559133Z       30 |     // Perform logout
Core Validation & E2E	Run Playwright Tests	2026-09-02T14:50:42.9559531Z     > 31 |     await page.getByRole('button', { name: 'Logout' }).click();
Core Validation & E2E	Run Playwright Tests	2026-09-02T14:50:42.9559950Z          |                                                        ^
Core Validation & E2E	Run Playwright Tests	2026-09-02T14:50:42.9560537Z       32 |     
Core Validation & E2E	Run Playwright Tests	2026-09-02T14:50:42.9561912Z       33 |     // Verify redirect to login
Core Validation & E2E	Run Playwright Tests	2026-09-02T14:50:42.9563499Z       34 |     await expect(page).toHaveURL(/.*\/login/);
Core Validation & E2E	Run Playwright Tests	2026-09-02T14:50:42.9564228Z         at /mnt/c/Users/krish/actions-runner/_work/ERP-1/ERP-1/apps/web/e2e/proxy-security.spec.ts:31:56
Core Validation & E2E	Run Playwright Tests	2026-09-02T14:50:42.9564631Z 
Core Validation & E2E	Run Playwright Tests	2026-09-02T14:50:42.9565236Z     Error Context: test-results/proxy-security-Proxy-Middl-2a5ca-urity-Logout-remains-usable-chromium-branchadmin-retry2/error-context.md
Core Validation & E2E	Run Playwright Tests	2026-09-02T14:50:42.9565856Z 
Core Validation & E2E	Run Playwright Tests	2026-09-02T14:50:42.9565863Z 
Core Validation & E2E	Run Playwright Tests	2026-09-02T14:50:45.2606044Z [125/626] [chromium-branchadmin] › e2e/proxy-security.spec.ts:42:9 › Proxy / Middleware Runtime Security › Password Reset Flow › User requiring password reset is redirected to /auth/update-password
Core Validation & E2E	Run Playwright Tests	2026-09-02T14:50:52.8736169Z [126/626] (retries) [chromium-branchadmin] › e2e/proxy-security.spec.ts:42:9 › Proxy / Middleware Runtime Security › Password Reset Flow › User requiring password reset is redirected to /auth/update-password (retry #1)
Core Validation & E2E	Run Playwright Tests	2026-09-02T14:51:10.2926462Z [127/626] (retries) [chromium-branchadmin] › e2e/proxy-security.spec.ts:42:9 › Proxy / Middleware Runtime Security › Password Reset Flow › User requiring password reset is redirected to /auth/update-password (retry #2)
Core Validation & E2E	Run Playwright Tests	2026-09-02T14:51:06.4915839Z   7) [chromium-branchadmin] › e2e/proxy-security.spec.ts:42:9 › Proxy / Middleware Runtime Security › Password Reset Flow › User requiring password reset is redirected to /auth/update-password 
Core Validation & E2E	Run Playwright Tests	2026-09-02T14:51:06.4916700Z 
Core Validation & E2E	Run Playwright Tests	2026-09-02T14:51:06.4916902Z     Error: expect(page).toHaveURL(expected) failed
Core Validation & E2E	Run Playwright Tests	2026-09-02T14:51:06.4917144Z 
Core Validation & E2E	Run Playwright Tests	2026-09-02T14:51:06.4917323Z     Expected pattern: /.*\/auth\/update-password/
Core Validation & E2E	Run Playwright Tests	2026-09-02T14:51:06.4917730Z     Received string:  "http://localhost:3000/login"
Core Validation & E2E	Run Playwright Tests	2026-09-02T14:51:06.4923689Z     Timeout: 5000ms
Core Validation & E2E	Run Playwright Tests	2026-09-02T14:51:06.4924171Z 
Core Validation & E2E	Run Playwright Tests	2026-09-02T14:51:06.4924309Z     Call log:
Core Validation & E2E	Run Playwright Tests	2026-09-02T14:51:06.4924674Z       - Expect "toHaveURL" with timeout 5000ms
Core Validation & E2E	Run Playwright Tests	2026-09-02T14:51:06.4926348Z         14 × locator resolved to <html lang="en" class="h-full antialiased">…</html>
Core Validation & E2E	Run Playwright Tests	2026-09-02T14:51:06.4926987Z            - unexpected value "http://localhost:3000/login"
Core Validation & E2E	Run Playwright Tests	2026-09-02T14:51:06.4927254Z 
Core Validation & E2E	Run Playwright Tests	2026-09-02T14:51:06.4927289Z 
Core Validation & E2E	Run Playwright Tests	2026-09-02T14:51:06.4927379Z       51 |
Core Validation & E2E	Run Playwright Tests	2026-09-02T14:51:06.4928760Z       52 |       // Should be forced to update-password
Core Validation & E2E	Run Playwright Tests	2026-09-02T14:51:06.4929329Z     > 53 |       await expect(page).toHaveURL(/.*\/auth\/update-password/);
Core Validation & E2E	Run Playwright Tests	2026-09-02T14:51:06.4929760Z          |                          ^
Core Validation & E2E	Run Playwright Tests	2026-09-02T14:51:06.4930274Z       54 |       await expect(page.getByRole('heading', { name: 'Update Password' })).toBeVisible();
Core Validation & E2E	Run Playwright Tests	2026-09-02T14:51:06.4930725Z       55 |
Core Validation & E2E	Run Playwright Tests	2026-09-02T14:51:06.4931676Z       56 |       // Trying to navigate to a protected page directly should still redirect
Core Validation & E2E	Run Playwright Tests	2026-09-02T14:51:06.4932838Z         at /mnt/c/Users/krish/actions-runner/_work/ERP-1/ERP-1/apps/web/e2e/proxy-security.spec.ts:53:26
Core Validation & E2E	Run Playwright Tests	2026-09-02T14:51:06.4933268Z 
Core Validation & E2E	Run Playwright Tests	2026-09-02T14:51:06.4933841Z     Error Context: test-results/proxy-security-Proxy-Middl-e4437-ted-to-auth-update-password-chromium-branchadmin/error-context.md
Core Validation & E2E	Run Playwright Tests	2026-09-02T14:51:06.4934423Z 
Core Validation & E2E	Run Playwright Tests	2026-09-02T14:51:06.4934908Z     Retry #1 ───────────────────────────────────────────────────────────────────────────────────────
Core Validation & E2E	Run Playwright Tests	2026-09-02T14:51:06.4935263Z 
Core Validation & E2E	Run Playwright Tests	2026-09-02T14:51:06.4935443Z     Error: expect(page).toHaveURL(expected) failed
Core Validation & E2E	Run Playwright Tests	2026-09-02T14:51:06.4935669Z 
Core Validation & E2E	Run Playwright Tests	2026-09-02T14:51:06.4935840Z     Expected pattern: /.*\/auth\/update-password/
Core Validation & E2E	Run Playwright Tests	2026-09-02T14:51:06.4936234Z     Received string:  "http://localhost:3000/login"
Core Validation & E2E	Run Playwright Tests	2026-09-02T14:51:06.4936545Z     Timeout: 5000ms
Core Validation & E2E	Run Playwright Tests	2026-09-02T14:51:06.4937062Z 
Core Validation & E2E	Run Playwright Tests	2026-09-02T14:51:06.4937201Z     Call log:
Core Validation & E2E	Run Playwright Tests	2026-09-02T14:51:06.4937518Z       - Expect "toHaveURL" with timeout 5000ms
Core Validation & E2E	Run Playwright Tests	2026-09-02T14:51:06.4938183Z         13 × locator resolved to <html lang="en" class="h-full antialiased">…</html>
Core Validation & E2E	Run Playwright Tests	2026-09-02T14:51:06.4939101Z            - unexpected value "http://localhost:3000/login"
Core Validation & E2E	Run Playwright Tests	2026-09-02T14:51:06.4939392Z 
Core Validation & E2E	Run Playwright Tests	2026-09-02T14:51:06.4939400Z 
Core Validation & E2E	Run Playwright Tests	2026-09-02T14:51:06.4939494Z       51 |
Core Validation & E2E	Run Playwright Tests	2026-09-02T14:51:06.4939787Z       52 |       // Should be forced to update-password
Core Validation & E2E	Run Playwright Tests	2026-09-02T14:51:06.4940309Z     > 53 |       await expect(page).toHaveURL(/.*\/auth\/update-password/);
Core Validation & E2E	Run Playwright Tests	2026-09-02T14:51:06.4946724Z          |                          ^
Core Validation & E2E	Run Playwright Tests	2026-09-02T14:51:06.4947276Z       54 |       await expect(page.getByRole('heading', { name: 'Update Password' })).toBeVisible();
Core Validation & E2E	Run Playwright Tests	2026-09-02T14:51:06.4947750Z       55 |
Core Validation & E2E	Run Playwright Tests	2026-09-02T14:51:06.4948143Z       56 |       // Trying to navigate to a protected page directly should still redirect
Core Validation & E2E	Run Playwright Tests	2026-09-02T14:51:06.4949970Z         at /mnt/c/Users/krish/actions-runner/_work/ERP-1/ERP-1/apps/web/e2e/proxy-security.spec.ts:53:26
Core Validation & E2E	Run Playwright Tests	2026-09-02T14:51:06.4951077Z 
Core Validation & E2E	Run Playwright Tests	2026-09-02T14:51:06.4953061Z     Error Context: test-results/proxy-security-Proxy-Middl-e4437-ted-to-auth-update-password-chromium-branchadmin-retry1/error-context.md
Core Validation & E2E	Run Playwright Tests	2026-09-02T14:51:06.4954250Z 
Core Validation & E2E	Run Playwright Tests	2026-09-02T14:51:06.4954874Z     attachment #2: trace (application/zip) ─────────────────────────────────────────────────────────
Core Validation & E2E	Run Playwright Tests	2026-09-02T14:51:06.4955783Z     test-results/proxy-security-Proxy-Middl-e4437-ted-to-auth-update-password-chromium-branchadmin-retry1/trace.zip
Core Validation & E2E	Run Playwright Tests	2026-09-02T14:51:06.4956781Z     Usage:
Core Validation & E2E	Run Playwright Tests	2026-09-02T14:51:06.4956955Z 
Core Validation & E2E	Run Playwright Tests	2026-09-02T14:51:06.4957630Z         npx playwright show-trace test-results/proxy-security-Proxy-Middl-e4437-ted-to-auth-update-password-chromium-branchadmin-retry1/trace.zip
Core Validation & E2E	Run Playwright Tests	2026-09-02T14:51:06.4958291Z 
Core Validation & E2E	Run Playwright Tests	2026-09-02T14:51:06.4958717Z     ────────────────────────────────────────────────────────────────────────────────────────────────
Core Validation & E2E	Run Playwright Tests	2026-09-02T14:51:06.4959032Z 
Core Validation & E2E	Run Playwright Tests	2026-09-02T14:51:06.4959417Z     Retry #2 ───────────────────────────────────────────────────────────────────────────────────────
Core Validation & E2E	Run Playwright Tests	2026-09-02T14:51:06.4967855Z 
Core Validation & E2E	Run Playwright Tests	2026-09-02T14:51:06.4968137Z     Error: expect(page).toHaveURL(expected) failed
Core Validation & E2E	Run Playwright Tests	2026-09-02T14:51:06.4968386Z 
Core Validation & E2E	Run Playwright Tests	2026-09-02T14:51:06.4968571Z     Expected pattern: /.*\/auth\/update-password/
Core Validation & E2E	Run Playwright Tests	2026-09-02T14:51:06.4969006Z     Received string:  "http://localhost:3000/login"
Core Validation & E2E	Run Playwright Tests	2026-09-02T14:51:06.4969352Z     Timeout: 5000ms
Core Validation & E2E	Run Playwright Tests	2026-09-02T14:51:06.4969491Z 
Core Validation & E2E	Run Playwright Tests	2026-09-02T14:51:06.4969620Z     Call log:
Core Validation & E2E	Run Playwright Tests	2026-09-02T14:51:06.4969979Z       - Expect "toHaveURL" with timeout 5000ms
Core Validation & E2E	Run Playwright Tests	2026-09-02T14:51:06.4970684Z         13 × locator resolved to <html lang="en" class="h-full antialiased">…</html>
Core Validation & E2E	Run Playwright Tests	2026-09-02T14:51:06.4971207Z            - unexpected value "http://localhost:3000/login"
Core Validation & E2E	Run Playwright Tests	2026-09-02T14:51:06.4971457Z 
Core Validation & E2E	Run Playwright Tests	2026-09-02T14:51:06.4971464Z 
Core Validation & E2E	Run Playwright Tests	2026-09-02T14:51:06.4971550Z       51 |
Core Validation & E2E	Run Playwright Tests	2026-09-02T14:51:06.4971828Z       52 |       // Should be forced to update-password
Core Validation & E2E	Run Playwright Tests	2026-09-02T14:51:06.4972724Z     > 53 |       await expect(page).toHaveURL(/.*\/auth\/update-password/);
Core Validation & E2E	Run Playwright Tests	2026-09-02T14:51:06.4973264Z          |                          ^
Core Validation & E2E	Run Playwright Tests	2026-09-02T14:51:06.4973807Z       54 |       await expect(page.getByRole('heading', { name: 'Update Password' })).toBeVisible();
Core Validation & E2E	Run Playwright Tests	2026-09-02T14:51:06.4974265Z       55 |
Core Validation & E2E	Run Playwright Tests	2026-09-02T14:51:06.4974913Z       56 |       // Trying to navigate to a protected page directly should still redirect
Core Validation & E2E	Run Playwright Tests	2026-09-02T14:51:06.4975671Z         at /mnt/c/Users/krish/actions-runner/_work/ERP-1/ERP-1/apps/web/e2e/proxy-security.spec.ts:53:26
Core Validation & E2E	Run Playwright Tests	2026-09-02T14:51:06.4976120Z 
Core Validation & E2E	Run Playwright Tests	2026-09-02T14:51:06.4976729Z     Error Context: test-results/proxy-security-Proxy-Middl-e4437-ted-to-auth-update-password-chromium-branchadmin-retry2/error-context.md
Core Validation & E2E	Run Playwright Tests	2026-09-02T14:51:06.4977660Z 
Core Validation & E2E	Run Playwright Tests	2026-09-02T14:51:06.4977677Z 
Core Validation & E2E	Run Playwright Tests	2026-09-02T14:51:09.1341408Z [128/626] [chromium-branchadmin] › e2e/scheduling.spec.ts:13:7 › Scheduling Management › Branch Admin can manage rooms, bell schedules, and periods
Core Validation & E2E	Run Playwright Tests	2026-09-02T14:51:17.5532418Z [129/626] [chromium-branchadmin] › e2e/scheduling.spec.ts:99:7 › Scheduling Security - Teacher Role › Teacher cannot perform administrative mutations
Core Validation & E2E	Run Playwright Tests	2026-09-02T14:51:17.5920346Z [130/626] [chromium-branchadmin] › e2e/scheduling.spec.ts:119:7 › Scheduling Security - Cross Branch › Cross-branch manipulation is rejected
Core Validation & E2E	Run Playwright Tests	2026-09-02T14:51:19.8738809Z [131/626] [chromium-branchadmin] › e2e/storage.spec.ts:34:7 › Storage Runtime Authorization (Communication) › Teacher can upload attachment to their own draft and unauthorized users cannot read
Core Validation & E2E	Run Playwright Tests	2026-09-02T14:51:19.9488617Z [132/626] [chromium-branchadmin] › e2e/students-security.spec.ts:17:7 › Students Page Authorization › Branch Admin can access /students for their own branch
Core Validation & E2E	Run Playwright Tests	2026-09-02T14:51:20.4417933Z [133/626] [chromium-branchadmin] › e2e/students-security.spec.ts:35:7 › Students Page Authorization › Teacher can access /students in read-only mode
Core Validation & E2E	Run Playwright Tests	2026-09-02T14:51:20.5488919Z [134/626] [chromium-branchadmin] › e2e/students-security.spec.ts:52:7 › Students Page Authorization › Students page rejects access with invalid branch context
Core Validation & E2E	Run Playwright Tests	2026-09-02T14:51:21.0086437Z [135/626] [chromium-branchadmin] › e2e/students-security.spec.ts:67:7 › Students/New Page Authorization › Branch Admin can access /students/new for their branch
Core Validation & E2E	Run Playwright Tests	2026-09-02T14:51:30.1528523Z [136/626] [chromium-branchadmin] › e2e/students-security.spec.ts:80:7 › Students/New Page Authorization › Teacher cannot access /students/new (read-only role)
Core Validation & E2E	Run Playwright Tests	2026-09-02T14:51:30.2646171Z [137/626] [chromium-branchadmin] › e2e/students-security.spec.ts:91:7 › Students/New Page Authorization › Students/new page does not contain hardcoded branch/org IDs
Core Validation & E2E	Run Playwright Tests	2026-09-02T14:51:21.5206721Z [138/626] [chromium-branchadmin] › e2e/students-security.spec.ts:104:7 › Students/New Page Authorization › Students/new rejects cross-branch access
Core Validation & E2E	Run Playwright Tests	2026-09-02T14:51:22.0028902Z [139/626] [chromium-branchadmin] › e2e/students-security.spec.ts:119:7 › Students Detail Page Authorization › Student detail page enforces branch context
Core Validation & E2E	Run Playwright Tests	2026-09-02T14:51:22.4856550Z [140/626] [chromium-branchadmin] › e2e/students-security.spec.ts:131:7 › Students Detail Page Authorization › Student detail page rejects cross-branch access
Core Validation & E2E	Run Playwright Tests	2026-09-02T14:51:23.0295858Z [141/626] [chromium-branchadmin] › e2e/substitutions.spec.ts:33:7 › Substitutions Management › Branch Admin CRUD & Conflicts › should manage substitutions and handle conflicts
Core Validation & E2E	Run Playwright Tests	2026-09-02T14:51:32.9194762Z [WebServer] Action database error: {
Core Validation & E2E	Run Playwright Tests	2026-09-02T14:51:32.9195650Z [WebServer]   code: 'P0001',
Core Validation & E2E	Run Playwright Tests	2026-09-02T14:51:32.9196672Z [WebServer]   details: null,
Core Validation & E2E	Run Playwright Tests	2026-09-02T14:51:32.9197355Z [WebServer]   hint: null,
Core Validation & E2E	Run Playwright Tests	2026-09-02T14:51:32.9199225Z [WebServer]   message: 'Substitution date 2026-08-18 does not match timetable day of week 3'
Core Validation & E2E	Run Playwright Tests	2026-09-02T14:51:32.9202042Z [WebServer] }
Core Validation & E2E	Run Playwright Tests	2026-09-02T14:51:32.9202419Z 
Core Validation & E2E	Run Playwright Tests	2026-09-02T14:51:33.8138371Z [WebServer] Action database error: {
Core Validation & E2E	Run Playwright Tests	2026-09-02T14:51:33.8138833Z 
Core Validation & E2E	Run Playwright Tests	2026-09-02T14:51:33.8139727Z [WebServer]   code: 'P0001',
Core Validation & E2E	Run Playwright Tests	2026-09-02T14:51:33.8142240Z [WebServer]   details: null,
Core Validation & E2E	Run Playwright Tests	2026-09-02T14:51:33.8143499Z [WebServer]   hint: null,
Core Validation & E2E	Run Playwright Tests	2026-09-02T14:51:33.8144141Z [WebServer]   message: 'Substitution date 2099-01-01 does not match timetable day of week 3'
Core Validation & E2E	Run Playwright Tests	2026-09-02T14:51:33.8144876Z [WebServer] }
Core Validation & E2E	Run Playwright Tests	2026-09-02T14:51:35.4094097Z 
Core Validation & E2E	Run Playwright Tests	2026-09-02T14:51:35.4096695Z [WebServer] ⨯ Error: The destination stream closed early.
Core Validation & E2E	Run Playwright Tests	2026-09-02T14:51:35.4097574Z [WebServer]     at ignore-listed frames {
Core Validation & E2E	Run Playwright Tests	2026-09-02T14:51:35.4098176Z [WebServer]   digest: '3078329035'
Core Validation & E2E	Run Playwright Tests	2026-09-02T14:51:35.4098635Z [WebServer] }
Core Validation & E2E	Run Playwright Tests	2026-09-02T14:51:37.0531820Z [WebServer] ⨯ Error: The destination stream closed early.
Core Validation & E2E	Run Playwright Tests	2026-09-02T14:51:37.0533009Z [WebServer]     at ignore-listed frames {
Core Validation & E2E	Run Playwright Tests	2026-09-02T14:51:37.0534271Z [WebServer]   digest: '3078329035'
Core Validation & E2E	Run Playwright Tests	2026-09-02T14:51:37.0538012Z [WebServer] }
Core Validation & E2E	Run Playwright Tests	2026-09-02T14:51:37.0538869Z 
Core Validation & E2E	Run Playwright Tests	2026-09-02T14:51:40.3105828Z [142/626] [chromium-branchadmin] › e2e/substitutions.spec.ts:281:9 › Substitutions Management › Teacher Roles › should view substitutions but cannot create
Core Validation & E2E	Run Playwright Tests	2026-09-02T14:51:40.4551036Z [143/626] [chromium-branchadmin] › e2e/timetable.spec.ts:27:9 › Timetable Management › Branch Admin CRUD & Conflicts › should manage timetable entries and handle conflicts
Core Validation & E2E	Run Playwright Tests	2026-09-02T14:51:55.6369610Z [WebServer] Action database error: {
Core Validation & E2E	Run Playwright Tests	2026-09-02T14:51:55.6380655Z [WebServer]   code: '23P01',
Core Validation & E2E	Run Playwright Tests	2026-09-02T14:51:55.6384288Z [WebServer]   details: 'Key conflicts with existing key.',
Core Validation & E2E	Run Playwright Tests	2026-09-02T14:51:55.6385358Z 
Core Validation & E2E	Run Playwright Tests	2026-09-02T14:51:55.6386357Z [WebServer]   hint: null,
Core Validation & E2E	Run Playwright Tests	2026-09-02T14:51:55.6388719Z [WebServer]   message: 'conflicting key value violates exclusion constraint "ex_timetable_section"'
Core Validation & E2E	Run Playwright Tests	2026-09-02T14:51:55.6410187Z [WebServer] }
Core Validation & E2E	Run Playwright Tests	2026-09-02T14:51:56.0780626Z [WebServer] Action database error: {
Core Validation & E2E	Run Playwright Tests	2026-09-02T14:51:56.0781153Z 
Core Validation & E2E	Run Playwright Tests	2026-09-02T14:51:56.0781343Z [WebServer]   code: '23P01',
Core Validation & E2E	Run Playwright Tests	2026-09-02T14:51:56.0781770Z [WebServer]   details: 'Key conflicts with existing key.',
Core Validation & E2E	Run Playwright Tests	2026-09-02T14:51:56.0782744Z [WebServer]   hint: null,
Core Validation & E2E	Run Playwright Tests	2026-09-02T14:51:56.0783687Z [WebServer]   message: 'conflicting key value violates exclusion constraint "ex_timetable_teacher"'
Core Validation & E2E	Run Playwright Tests	2026-09-02T14:51:56.0785081Z [WebServer] }
Core Validation & E2E	Run Playwright Tests	2026-09-02T14:51:56.4601813Z [WebServer] Action database error: {
Core Validation & E2E	Run Playwright Tests	2026-09-02T14:51:56.4602288Z [WebServer]   code: '23P01',
Core Validation & E2E	Run Playwright Tests	2026-09-02T14:51:56.4602723Z [WebServer]   details: 'Key conflicts with existing key.',
Core Validation & E2E	Run Playwright Tests	2026-09-02T14:51:56.4603959Z [WebServer]   hint: null,
Core Validation & E2E	Run Playwright Tests	2026-09-02T14:51:56.4604811Z [WebServer]   message: 'conflicting key value violates exclusion constraint "ex_timetable_room"'
Core Validation & E2E	Run Playwright Tests	2026-09-02T14:51:56.4605382Z [WebServer] }
Core Validation & E2E	Run Playwright Tests	2026-09-02T14:51:56.4605540Z 
Core Validation & E2E	Run Playwright Tests	2026-09-02T14:51:58.8478729Z [144/626] [chromium-branchadmin] › e2e/timetable.spec.ts:168:9 › Timetable Management › Teacher Roles › should view timetable but cannot create entries
Core Validation & E2E	Run Playwright Tests	2026-09-02T14:52:01.5463438Z [145/626] [chromium-teacher] › e2e/academic-structure.spec.ts:6:7 › Academic Structure Role Tests › Teacher gets Access Denied when trying to create and sees branch identity without switching
Core Validation & E2E	Run Playwright Tests	2026-09-02T14:52:02.8789678Z [146/626] [chromium-teacher] › e2e/academic-structure.spec.ts:22:7 › Academic Structure Role Tests › Branch Admin can create, edit, and delete an Academic Year but cannot switch branch
Core Validation & E2E	Run Playwright Tests	2026-09-02T14:52:02.9939612Z [147/626] [chromium-teacher] › e2e/academic-structure.spec.ts:58:7 › Academic Structure Role Tests › Branch Admin attempting to access another branch resource is denied
Core Validation & E2E	Run Playwright Tests	2026-09-02T14:52:03.1198449Z [148/626] [chromium-teacher] › e2e/adversarial-security.spec.ts:38:9 › Adversarial Server-Boundary Security › Teacher Role Mutations › Teacher cannot mutate attendance for unauthorized branch
Core Validation & E2E	Run Playwright Tests	2026-09-02T14:52:03.2014061Z [149/626] [chromium-teacher] › e2e/adversarial-security.spec.ts:63:9 › Adversarial Server-Boundary Security › Teacher Role Mutations › Teacher cannot mutate homework for unauthorized branch
Core Validation & E2E	Run Playwright Tests	2026-09-02T14:52:03.3014639Z [150/626] [chromium-teacher] › e2e/adversarial-security.spec.ts:104:9 › Adversarial Server-Boundary Security › Teacher Role Mutations › Teacher cannot publish communication messages (admin-only)
Core Validation & E2E	Run Playwright Tests	2026-09-02T14:52:03.3496515Z [151/626] [chromium-teacher] › e2e/adversarial-security.spec.ts:131:9 › Adversarial Server-Boundary Security › Teacher Role Mutations › Teacher cannot mutate a locked attendance session directly via RPC
Core Validation & E2E	Run Playwright Tests	2026-09-02T14:52:03.4277273Z [152/626] [chromium-teacher] › e2e/adversarial-security.spec.ts:176:9 › Adversarial Server-Boundary Security › Guardian Role Mutations › Guardian cannot mutate attendance for their own child
Core Validation & E2E	Run Playwright Tests	2026-09-02T14:52:03.4837643Z [153/626] [chromium-teacher] › e2e/app-config.spec.ts:5:7 › App Config Admin Tests › Teacher gets Access Denied when trying to access app config
Core Validation & E2E	Run Playwright Tests	2026-09-02T14:52:03.9121358Z [154/626] [chromium-teacher] › e2e/app-config.spec.ts:15:7 › App Config Admin Tests › Branch Admin can view and edit their branch app config
Core Validation & E2E	Run Playwright Tests	2026-09-02T14:52:04.0137380Z [155/626] [chromium-teacher] › e2e/app-config.spec.ts:40:7 › App Config Admin Tests › Super Admin can view and edit app configs across branches
Core Validation & E2E	Run Playwright Tests	2026-09-02T14:52:04.1200755Z [156/626] [chromium-teacher] › e2e/attendance.spec.ts:11:9 › Attendance Management › Teacher Flow (chromium-teacher) › Teacher can mark, save, and lock attendance
Core Validation & E2E	Run Playwright Tests	2026-09-02T14:51:56.9760813Z [157/626] [chromium-teacher] › e2e/attendance.spec.ts:64:9 › Attendance Management › Teacher Flow (chromium-teacher) › Teacher cannot bypass authorization for another branch
Core Validation & E2E	Run Playwright Tests	2026-09-02T14:51:57.4070028Z [158/626] [chromium-teacher] › e2e/attendance.spec.ts:76:9 › Attendance Management › Branch Admin Flow (chromium-branchadmin) › Admin can mark, save, lock, publish, and correct attendance
Core Validation & E2E	Run Playwright Tests	2026-09-02T14:51:57.4764343Z [159/626] [chromium-teacher] › e2e/attendance.spec.ts:145:9 › Attendance Management › Guardian History Flow (chromium-guardian) › Guardian can view published absences
Core Validation & E2E	Run Playwright Tests	2026-09-02T14:51:57.5060553Z [160/626] [chromium-teacher] › e2e/attendance.spec.ts:155:9 › Attendance Management › Guardian History Flow (chromium-guardian) › Guardian cannot access attendance entry page
Core Validation & E2E	Run Playwright Tests	2026-09-02T14:51:57.5662271Z [161/626] [chromium-teacher] › e2e/auth-password-reset.spec.ts:7:7 › Temporary Credentials Enforcement › User with force_password_reset=true is redirected and can reset
Core Validation & E2E	Run Playwright Tests	2026-09-02T14:51:57.6313949Z [162/626] [chromium-teacher] › e2e/auth-password-reset.spec.ts:62:7 › Temporary Credentials Enforcement › Normal user without force_password_reset can login normally
Core Validation & E2E	Run Playwright Tests	2026-09-02T14:52:01.9894628Z [163/626] [chromium-teacher] › e2e/branch-context.spec.ts:39:9 › branch-context authorization helpers › Super Admin Semantics › auth_is_super_admin() is true
Core Validation & E2E	Run Playwright Tests	2026-09-02T14:52:02.0015703Z [164/626] [chromium-teacher] › e2e/branch-context.spec.ts:44:9 › branch-context authorization helpers › Super Admin Semantics › auth_has_org_access() is true for authorized org
Core Validation & E2E	Run Playwright Tests	2026-09-02T14:52:02.0172284Z [165/626] [chromium-teacher] › e2e/branch-context.spec.ts:49:9 › branch-context authorization helpers › Super Admin Semantics › auth_has_branch_membership() is true for branch in authorized org
Core Validation & E2E	Run Playwright Tests	2026-09-02T14:52:02.0303505Z [166/626] [chromium-teacher] › e2e/branch-context.spec.ts:53:9 › branch-context authorization helpers › Super Admin Semantics › auth_has_branch_membership() is false for branch in unauthorized org
Core Validation & E2E	Run Playwright Tests	2026-09-02T14:52:02.0435532Z [167/626] [chromium-teacher] › e2e/branch-context.spec.ts:57:9 › branch-context authorization helpers › Super Admin Semantics › auth_has_branch_role() is false unless an explicit real role assignment exists
Core Validation & E2E	Run Playwright Tests	2026-09-02T14:52:02.0579026Z [168/626] [chromium-teacher] › e2e/branch-context.spec.ts:68:9 › branch-context authorization helpers › Branch Admin Semantics › branchadmin role is true for own branch
Core Validation & E2E	Run Playwright Tests	2026-09-02T14:52:02.0706932Z [169/626] [chromium-teacher] › e2e/branch-context.spec.ts:72:9 › branch-context authorization helpers › Branch Admin Semantics › teacher role is false unless explicitly assigned
Core Validation & E2E	Run Playwright Tests	2026-09-02T14:52:02.0848311Z [170/626] [chromium-teacher] › e2e/branch-context.spec.ts:76:9 › branch-context authorization helpers › Branch Admin Semantics › other branch is false
Core Validation & E2E	Run Playwright Tests	2026-09-02T14:52:02.0964600Z [171/626] [chromium-teacher] › e2e/branch-context.spec.ts:80:9 › branch-context authorization helpers › Branch Admin Semantics › wrong org is false
Core Validation & E2E	Run Playwright Tests	2026-09-02T14:52:02.1086889Z [172/626] [chromium-teacher] › e2e/branch-context.spec.ts:86:9 › branch-context authorization helpers › Teacher Semantics › teacher role is true in own branch
Core Validation & E2E	Run Playwright Tests	2026-09-02T14:52:02.1199403Z [173/626] [chromium-teacher] › e2e/branch-context.spec.ts:90:9 › branch-context authorization helpers › Teacher Semantics › branchadmin role is false
Core Validation & E2E	Run Playwright Tests	2026-09-02T14:52:02.1319237Z [174/626] [chromium-teacher] › e2e/branch-context.spec.ts:94:9 › branch-context authorization helpers › Teacher Semantics › other branch is false
Core Validation & E2E	Run Playwright Tests	2026-09-02T14:52:02.1443202Z [175/626] [chromium-teacher] › e2e/branch-context.spec.ts:98:9 › branch-context authorization helpers › Teacher Semantics › wrong org is false
Core Validation & E2E	Run Playwright Tests	2026-09-02T14:52:02.1922341Z [176/626] [chromium-teacher] › e2e/calendar.spec.ts:24:7 › Calendar UI › Teacher cannot mutate calendar events or operating days
Core Validation & E2E	Run Playwright Tests	2026-09-02T14:52:02.6777331Z [177/626] [chromium-teacher] › e2e/calendar.spec.ts:79:9 › Calendar UI › Branch Admin Calendar Mutations › Branch Admin can manage operating days
Core Validation & E2E	Run Playwright Tests	2026-09-02T14:52:02.7826459Z [178/626] [chromium-teacher] › e2e/calendar.spec.ts:128:9 › Calendar UI › Branch Admin Calendar Mutations › Branch Admin can create, edit, and archive calendar events
Core Validation & E2E	Run Playwright Tests	2026-09-02T14:52:02.9046650Z [179/626] [chromium-teacher] › e2e/communication.spec.ts:5:7 › Communication End-to-End Workflows › Branch Admin can create an announcement and view it in Sent
Core Validation & E2E	Run Playwright Tests	2026-09-02T14:52:02.9744149Z [180/626] [chromium-teacher] › e2e/communication.spec.ts:26:7 › Communication End-to-End Workflows › Teacher can create class announcement and branch-wide targeting is denied
Core Validation & E2E	Run Playwright Tests	2026-09-02T14:52:04.8357998Z [181/626] [chromium-teacher] › e2e/communication.spec.ts:61:7 › Communication End-to-End Workflows › Recipient can view message in inbox
Core Validation & E2E	Run Playwright Tests	2026-09-02T14:52:04.8767017Z [182/626] [chromium-teacher] › e2e/communication.spec.ts:163:7 › Communication End-to-End Workflows › Teacher rate limit enforces exactly 5 messages per day
Core Validation & E2E	Run Playwright Tests	2026-09-02T14:52:12.5436761Z [WebServer] rpc_create_message error: {
Core Validation & E2E	Run Playwright Tests	2026-09-02T14:52:12.5461325Z [WebServer]   code: 'P0001',
Core Validation & E2E	Run Playwright Tests	2026-09-02T14:52:12.5463159Z [WebServer]   details: null,
Core Validation & E2E	Run Playwright Tests	2026-09-02T14:52:12.5466725Z [WebServer]   hint: null,
Core Validation & E2E	Run Playwright Tests	2026-09-02T14:52:12.5467773Z [WebServer]   message: 'Rate limit exceeded: You have sent 5 messages today. Limit is 5.'
Core Validation & E2E	Run Playwright Tests	2026-09-02T14:52:12.5470396Z [WebServer] }
Core Validation & E2E	Run Playwright Tests	2026-09-02T14:52:12.5471206Z 
Core Validation & E2E	Run Playwright Tests	2026-09-02T14:52:12.9652973Z [183/626] [chromium-teacher] › e2e/homework.spec.ts:11:9 › Homework E2E - Phase 5 › Teacher Creation Flow › Teacher creates, saves draft, and publishes
Core Validation & E2E	Run Playwright Tests	2026-09-02T14:52:16.1669803Z [184/626] [chromium-teacher] › e2e/homework.spec.ts:63:9 › Homework E2E - Phase 5 › Guardian View Flow › Guardian views homework but cannot submit
Core Validation & E2E	Run Playwright Tests	2026-09-02T14:52:16.2231120Z [185/626] [chromium-teacher] › e2e/homework.spec.ts:86:9 › Homework E2E - Phase 5 › Unauthorized Access › Unauthorized access to creation page is blocked
Core Validation & E2E	Run Playwright Tests	2026-09-02T14:52:16.2907052Z [186/626] [chromium-teacher] › e2e/proxy-security.spec.ts:5:7 › Proxy / Middleware Runtime Security › Unauthenticated user is redirected to /login
Core Validation & E2E	Run Playwright Tests	2026-09-02T14:52:23.1317200Z [187/626] (retries) [chromium-teacher] › e2e/proxy-security.spec.ts:5:7 › Proxy / Middleware Runtime Security › Unauthenticated user is redirected to /login (retry #1)
Core Validation & E2E	Run Playwright Tests	2026-09-02T14:52:31.0997664Z [188/626] (retries) [chromium-teacher] › e2e/proxy-security.spec.ts:5:7 › Proxy / Middleware Runtime Security › Unauthenticated user is redirected to /login (retry #2)
Core Validation & E2E	Run Playwright Tests	2026-09-02T14:52:36.0123320Z   8) [chromium-teacher] › e2e/proxy-security.spec.ts:5:7 › Proxy / Middleware Runtime Security › Unauthenticated user is redirected to /login 
Core Validation & E2E	Run Playwright Tests	2026-09-02T14:52:36.0124566Z 
Core Validation & E2E	Run Playwright Tests	2026-09-02T14:52:36.0125376Z     Error: expect(locator).toBeVisible() failed
Core Validation & E2E	Run Playwright Tests	2026-09-02T14:52:36.0125842Z 
Core Validation & E2E	Run Playwright Tests	2026-09-02T14:52:36.0126246Z     Locator: getByRole('heading', { name: 'Sign in' })
Core Validation & E2E	Run Playwright Tests	2026-09-02T14:52:36.0172936Z     Expected: visible
Core Validation & E2E	Run Playwright Tests	2026-09-02T14:52:36.0174183Z     Timeout: 5000ms
Core Validation & E2E	Run Playwright Tests	2026-09-02T14:52:36.0174757Z     Error: element(s) not found
Core Validation & E2E	Run Playwright Tests	2026-09-02T14:52:36.0175148Z 
Core Validation & E2E	Run Playwright Tests	2026-09-02T14:52:36.0175312Z     Call log:
Core Validation & E2E	Run Playwright Tests	2026-09-02T14:52:36.0175840Z       - Expect "toBeVisible" with timeout 5000ms
Core Validation & E2E	Run Playwright Tests	2026-09-02T14:52:36.0177352Z       - waiting for getByRole('heading', { name: 'Sign in' })
Core Validation & E2E	Run Playwright Tests	2026-09-02T14:52:36.0177904Z 
Core Validation & E2E	Run Playwright Tests	2026-09-02T14:52:36.0177919Z 
Core Validation & E2E	Run Playwright Tests	2026-09-02T14:52:36.0178281Z       11 |     // Should be redirected by proxy.ts to login
Core Validation & E2E	Run Playwright Tests	2026-09-02T14:52:36.0179030Z       12 |     await expect(page).toHaveURL(/.*\/login/);
Core Validation & E2E	Run Playwright Tests	2026-09-02T14:52:36.0180014Z     > 13 |     await expect(page.getByRole('heading', { name: 'Sign in' })).toBeVisible();
Core Validation & E2E	Run Playwright Tests	2026-09-02T14:52:36.0180981Z          |                                                                  ^
Core Validation & E2E	Run Playwright Tests	2026-09-02T14:52:36.0181643Z       14 |     await context.close();
Core Validation & E2E	Run Playwright Tests	2026-09-02T14:52:36.0182494Z       15 |   });
Core Validation & E2E	Run Playwright Tests	2026-09-02T14:52:36.0182889Z       16 |
Core Validation & E2E	Run Playwright Tests	2026-09-02T14:52:36.0183779Z         at /mnt/c/Users/krish/actions-runner/_work/ERP-1/ERP-1/apps/web/e2e/proxy-security.spec.ts:13:66
Core Validation & E2E	Run Playwright Tests	2026-09-02T14:52:36.0184578Z 
Core Validation & E2E	Run Playwright Tests	2026-09-02T14:52:36.0185613Z     Error Context: test-results/proxy-security-Proxy-Middl-28b94-user-is-redirected-to-login-chromium-teacher/error-context.md
Core Validation & E2E	Run Playwright Tests	2026-09-02T14:52:36.0186703Z 
Core Validation & E2E	Run Playwright Tests	2026-09-02T14:52:36.0187764Z     Retry #1 ───────────────────────────────────────────────────────────────────────────────────────
Core Validation & E2E	Run Playwright Tests	2026-09-02T14:52:36.0189324Z 
Core Validation & E2E	Run Playwright Tests	2026-09-02T14:52:36.0191716Z     Error: expect(locator).toBeVisible() failed
Core Validation & E2E	Run Playwright Tests	2026-09-02T14:52:36.0193511Z 
Core Validation & E2E	Run Playwright Tests	2026-09-02T14:52:36.0235542Z     Locator: getByRole('heading', { name: 'Sign in' })
Core Validation & E2E	Run Playwright Tests	2026-09-02T14:52:36.0236097Z     Expected: visible
Core Validation & E2E	Run Playwright Tests	2026-09-02T14:52:36.0236375Z     Timeout: 5000ms
Core Validation & E2E	Run Playwright Tests	2026-09-02T14:52:36.0236656Z     Error: element(s) not found
Core Validation & E2E	Run Playwright Tests	2026-09-02T14:52:36.0237155Z 
Core Validation & E2E	Run Playwright Tests	2026-09-02T14:52:36.0237293Z     Call log:
Core Validation & E2E	Run Playwright Tests	2026-09-02T14:52:36.0237637Z       - Expect "toBeVisible" with timeout 5000ms
Core Validation & E2E	Run Playwright Tests	2026-09-02T14:52:36.0238110Z       - waiting for getByRole('heading', { name: 'Sign in' })
Core Validation & E2E	Run Playwright Tests	2026-09-02T14:52:36.0238392Z 
Core Validation & E2E	Run Playwright Tests	2026-09-02T14:52:36.0238400Z 
Core Validation & E2E	Run Playwright Tests	2026-09-02T14:52:36.0246640Z       11 |     // Should be redirected by proxy.ts to login
Core Validation & E2E	Run Playwright Tests	2026-09-02T14:52:36.0247128Z       12 |     await expect(page).toHaveURL(/.*\/login/);
Core Validation & E2E	Run Playwright Tests	2026-09-02T14:52:36.0247704Z     > 13 |     await expect(page.getByRole('heading', { name: 'Sign in' })).toBeVisible();
Core Validation & E2E	Run Playwright Tests	2026-09-02T14:52:36.0248267Z          |                                                                  ^
Core Validation & E2E	Run Playwright Tests	2026-09-02T14:52:36.0248672Z       14 |     await context.close();
Core Validation & E2E	Run Playwright Tests	2026-09-02T14:52:36.0249658Z       15 |   });
Core Validation & E2E	Run Playwright Tests	2026-09-02T14:52:36.0249922Z       16 |
Core Validation & E2E	Run Playwright Tests	2026-09-02T14:52:36.0250832Z         at /mnt/c/Users/krish/actions-runner/_work/ERP-1/ERP-1/apps/web/e2e/proxy-security.spec.ts:13:66
Core Validation & E2E	Run Playwright Tests	2026-09-02T14:52:36.0251631Z 
Core Validation & E2E	Run Playwright Tests	2026-09-02T14:52:36.0252746Z     Error Context: test-results/proxy-security-Proxy-Middl-28b94-user-is-redirected-to-login-chromium-teacher-retry1/error-context.md
Core Validation & E2E	Run Playwright Tests	2026-09-02T14:52:36.0253903Z 
Core Validation & E2E	Run Playwright Tests	2026-09-02T14:52:36.0254994Z     attachment #2: trace (application/zip) ─────────────────────────────────────────────────────────
Core Validation & E2E	Run Playwright Tests	2026-09-02T14:52:36.0257090Z     test-results/proxy-security-Proxy-Middl-28b94-user-is-redirected-to-login-chromium-teacher-retry1/trace.zip
Core Validation & E2E	Run Playwright Tests	2026-09-02T14:52:36.0258133Z     Usage:
Core Validation & E2E	Run Playwright Tests	2026-09-02T14:52:36.0258327Z 
Core Validation & E2E	Run Playwright Tests	2026-09-02T14:52:36.0259805Z         npx playwright show-trace test-results/proxy-security-Proxy-Middl-28b94-user-is-redirected-to-login-chromium-teacher-retry1/trace.zip
Core Validation & E2E	Run Playwright Tests	2026-09-02T14:52:36.0260925Z 
Core Validation & E2E	Run Playwright Tests	2026-09-02T14:52:36.0261710Z     ────────────────────────────────────────────────────────────────────────────────────────────────
Core Validation & E2E	Run Playwright Tests	2026-09-02T14:52:36.0262252Z 
Core Validation & E2E	Run Playwright Tests	2026-09-02T14:52:36.0262921Z     Retry #2 ───────────────────────────────────────────────────────────────────────────────────────
Core Validation & E2E	Run Playwright Tests	2026-09-02T14:52:36.0263439Z 
Core Validation & E2E	Run Playwright Tests	2026-09-02T14:52:36.0263695Z     Error: expect(locator).toBeVisible() failed
Core Validation & E2E	Run Playwright Tests	2026-09-02T14:52:36.0264060Z 
Core Validation & E2E	Run Playwright Tests	2026-09-02T14:52:36.0264372Z     Locator: getByRole('heading', { name: 'Sign in' })
Core Validation & E2E	Run Playwright Tests	2026-09-02T14:52:36.0265299Z     Expected: visible
Core Validation & E2E	Run Playwright Tests	2026-09-02T14:52:36.0265711Z     Timeout: 5000ms
Core Validation & E2E	Run Playwright Tests	2026-09-02T14:52:36.0266974Z     Error: element(s) not found
Core Validation & E2E	Run Playwright Tests	2026-09-02T14:52:36.0268120Z 
Core Validation & E2E	Run Playwright Tests	2026-09-02T14:52:36.0268313Z     Call log:
Core Validation & E2E	Run Playwright Tests	2026-09-02T14:52:36.0269139Z       - Expect "toBeVisible" with timeout 5000ms
Core Validation & E2E	Run Playwright Tests	2026-09-02T14:52:36.0269858Z       - waiting for getByRole('heading', { name: 'Sign in' })
Core Validation & E2E	Run Playwright Tests	2026-09-02T14:52:36.0270270Z 
Core Validation & E2E	Run Playwright Tests	2026-09-02T14:52:36.0270280Z 
Core Validation & E2E	Run Playwright Tests	2026-09-02T14:52:36.0272369Z       11 |     // Should be redirected by proxy.ts to login
Core Validation & E2E	Run Playwright Tests	2026-09-02T14:52:36.0281090Z       12 |     await expect(page).toHaveURL(/.*\/login/);
Core Validation & E2E	Run Playwright Tests	2026-09-02T14:52:36.0281700Z     > 13 |     await expect(page.getByRole('heading', { name: 'Sign in' })).toBeVisible();
Core Validation & E2E	Run Playwright Tests	2026-09-02T14:52:36.0282657Z          |                                                                  ^
Core Validation & E2E	Run Playwright Tests	2026-09-02T14:52:36.0285072Z       14 |     await context.close();
Core Validation & E2E	Run Playwright Tests	2026-09-02T14:52:36.0285937Z       15 |   });
Core Validation & E2E	Run Playwright Tests	2026-09-02T14:52:36.0286793Z       16 |
Core Validation & E2E	Run Playwright Tests	2026-09-02T14:52:36.0288105Z         at /mnt/c/Users/krish/actions-runner/_work/ERP-1/ERP-1/apps/web/e2e/proxy-security.spec.ts:13:66
Core Validation & E2E	Run Playwright Tests	2026-09-02T14:52:36.0294723Z 
Core Validation & E2E	Run Playwright Tests	2026-09-02T14:52:36.0295929Z     Error Context: test-results/proxy-security-Proxy-Middl-28b94-user-is-redirected-to-login-chromium-teacher-retry2/error-context.md
Core Validation & E2E	Run Playwright Tests	2026-09-02T14:52:36.0297141Z 
Core Validation & E2E	Run Playwright Tests	2026-09-02T14:52:36.0297745Z 
Core Validation & E2E	Run Playwright Tests	2026-09-02T14:52:38.4595261Z [189/626] [chromium-teacher] › e2e/proxy-security.spec.ts:17:7 › Proxy / Middleware Runtime Security › Normal authenticated user is not incorrectly redirected
Core Validation & E2E	Run Playwright Tests	2026-09-02T14:52:39.3482929Z [190/626] [chromium-teacher] › e2e/proxy-security.spec.ts:25:7 › Proxy / Middleware Runtime Security › Logout remains usable
Core Validation & E2E	Run Playwright Tests	2026-09-02T14:53:09.0904323Z [191/626] (retries) [chromium-teacher] › e2e/proxy-security.spec.ts:25:7 › Proxy / Middleware Runtime Security › Logout remains usable (retry #1)
Core Validation & E2E	Run Playwright Tests	2026-09-02T14:53:39.3988522Z [192/626] (retries) [chromium-teacher] › e2e/proxy-security.spec.ts:25:7 › Proxy / Middleware Runtime Security › Logout remains usable (retry #2)
Core Validation & E2E	Run Playwright Tests	2026-09-02T14:54:06.7613407Z   9) [chromium-teacher] › e2e/proxy-security.spec.ts:25:7 › Proxy / Middleware Runtime Security › Logout remains usable 
Core Validation & E2E	Run Playwright Tests	2026-09-02T14:54:06.7614287Z 
Core Validation & E2E	Run Playwright Tests	2026-09-02T14:54:06.7614533Z     Test timeout of 30000ms exceeded.
Core Validation & E2E	Run Playwright Tests	2026-09-02T14:54:06.7614847Z 
Core Validation & E2E	Run Playwright Tests	2026-09-02T14:54:06.7615189Z     Error: locator.click: Test timeout of 30000ms exceeded.
Core Validation & E2E	Run Playwright Tests	2026-09-02T14:54:06.7615783Z     Call log:
Core Validation & E2E	Run Playwright Tests	2026-09-02T14:54:06.7616649Z       - waiting for getByRole('button', { name: 'Logout' })
Core Validation & E2E	Run Playwright Tests	2026-09-02T14:54:06.7617042Z 
Core Validation & E2E	Run Playwright Tests	2026-09-02T14:54:06.7617081Z 
Core Validation & E2E	Run Playwright Tests	2026-09-02T14:54:06.7617267Z       29 |     
Core Validation & E2E	Run Playwright Tests	2026-09-02T14:54:06.7617733Z       30 |     // Perform logout
Core Validation & E2E	Run Playwright Tests	2026-09-02T14:54:06.7618734Z     > 31 |     await page.getByRole('button', { name: 'Logout' }).click();
Core Validation & E2E	Run Playwright Tests	2026-09-02T14:54:06.7619680Z          |                                                        ^
Core Validation & E2E	Run Playwright Tests	2026-09-02T14:54:06.7620290Z       32 |     
Core Validation & E2E	Run Playwright Tests	2026-09-02T14:54:06.7620613Z       33 |     // Verify redirect to login
Core Validation & E2E	Run Playwright Tests	2026-09-02T14:54:06.7621000Z       34 |     await expect(page).toHaveURL(/.*\/login/);
Core Validation & E2E	Run Playwright Tests	2026-09-02T14:54:06.7621612Z         at /mnt/c/Users/krish/actions-runner/_work/ERP-1/ERP-1/apps/web/e2e/proxy-security.spec.ts:31:56
Core Validation & E2E	Run Playwright Tests	2026-09-02T14:54:06.7622008Z 
Core Validation & E2E	Run Playwright Tests	2026-09-02T14:54:06.7622804Z     Error Context: test-results/proxy-security-Proxy-Middl-2a5ca-urity-Logout-remains-usable-chromium-teacher/error-context.md
Core Validation & E2E	Run Playwright Tests	2026-09-02T14:54:06.7623508Z 
Core Validation & E2E	Run Playwright Tests	2026-09-02T14:54:06.7624631Z     Retry #1 ───────────────────────────────────────────────────────────────────────────────────────
Core Validation & E2E	Run Playwright Tests	2026-09-02T14:54:06.7624978Z 
Core Validation & E2E	Run Playwright Tests	2026-09-02T14:54:06.7625118Z     Test timeout of 30000ms exceeded.
Core Validation & E2E	Run Playwright Tests	2026-09-02T14:54:06.7625311Z 
Core Validation & E2E	Run Playwright Tests	2026-09-02T14:54:06.7625500Z     Error: locator.click: Test timeout of 30000ms exceeded.
Core Validation & E2E	Run Playwright Tests	2026-09-02T14:54:06.7625819Z     Call log:
Core Validation & E2E	Run Playwright Tests	2026-09-02T14:54:06.7626155Z       - waiting for getByRole('button', { name: 'Logout' })
Core Validation & E2E	Run Playwright Tests	2026-09-02T14:54:06.7626573Z 
Core Validation & E2E	Run Playwright Tests	2026-09-02T14:54:06.7626586Z 
Core Validation & E2E	Run Playwright Tests	2026-09-02T14:54:06.7626733Z       29 |     
Core Validation & E2E	Run Playwright Tests	2026-09-02T14:54:06.7627110Z       30 |     // Perform logout
Core Validation & E2E	Run Playwright Tests	2026-09-02T14:54:06.7627761Z     > 31 |     await page.getByRole('button', { name: 'Logout' }).click();
Core Validation & E2E	Run Playwright Tests	2026-09-02T14:54:06.7628422Z          |                                                        ^
Core Validation & E2E	Run Playwright Tests	2026-09-02T14:54:06.7628737Z       32 |     
Core Validation & E2E	Run Playwright Tests	2026-09-02T14:54:06.7628990Z       33 |     // Verify redirect to login
Core Validation & E2E	Run Playwright Tests	2026-09-02T14:54:06.7629384Z       34 |     await expect(page).toHaveURL(/.*\/login/);
Core Validation & E2E	Run Playwright Tests	2026-09-02T14:54:06.7629967Z         at /mnt/c/Users/krish/actions-runner/_work/ERP-1/ERP-1/apps/web/e2e/proxy-security.spec.ts:31:56
Core Validation & E2E	Run Playwright Tests	2026-09-02T14:54:06.7637307Z 
Core Validation & E2E	Run Playwright Tests	2026-09-02T14:54:06.7638256Z     Error Context: test-results/proxy-security-Proxy-Middl-2a5ca-urity-Logout-remains-usable-chromium-teacher-retry1/error-context.md
Core Validation & E2E	Run Playwright Tests	2026-09-02T14:54:06.7639407Z 
Core Validation & E2E	Run Playwright Tests	2026-09-02T14:54:06.7640368Z     attachment #2: trace (application/zip) ─────────────────────────────────────────────────────────
Core Validation & E2E	Run Playwright Tests	2026-09-02T14:54:06.7641552Z     test-results/proxy-security-Proxy-Middl-2a5ca-urity-Logout-remains-usable-chromium-teacher-retry1/trace.zip
Core Validation & E2E	Run Playwright Tests	2026-09-02T14:54:06.7647163Z     Usage:
Core Validation & E2E	Run Playwright Tests	2026-09-02T14:54:06.7647294Z 
Core Validation & E2E	Run Playwright Tests	2026-09-02T14:54:06.7648005Z         npx playwright show-trace test-results/proxy-security-Proxy-Middl-2a5ca-urity-Logout-remains-usable-chromium-teacher-retry1/trace.zip
Core Validation & E2E	Run Playwright Tests	2026-09-02T14:54:06.7648613Z 
Core Validation & E2E	Run Playwright Tests	2026-09-02T14:54:06.7649085Z     ────────────────────────────────────────────────────────────────────────────────────────────────
Core Validation & E2E	Run Playwright Tests	2026-09-02T14:54:06.7649390Z 
Core Validation & E2E	Run Playwright Tests	2026-09-02T14:54:06.7649762Z     Retry #2 ───────────────────────────────────────────────────────────────────────────────────────
Core Validation & E2E	Run Playwright Tests	2026-09-02T14:54:06.7650149Z 
Core Validation & E2E	Run Playwright Tests	2026-09-02T14:54:06.7650281Z     Test timeout of 30000ms exceeded.
Core Validation & E2E	Run Playwright Tests	2026-09-02T14:54:06.7650467Z 
Core Validation & E2E	Run Playwright Tests	2026-09-02T14:54:06.7650654Z     Error: locator.click: Test timeout of 30000ms exceeded.
Core Validation & E2E	Run Playwright Tests	2026-09-02T14:54:06.7650975Z     Call log:
Core Validation & E2E	Run Playwright Tests	2026-09-02T14:54:06.7651268Z       - waiting for getByRole('button', { name: 'Logout' })
Core Validation & E2E	Run Playwright Tests	2026-09-02T14:54:06.7651499Z 
Core Validation & E2E	Run Playwright Tests	2026-09-02T14:54:06.7651505Z 
Core Validation & E2E	Run Playwright Tests	2026-09-02T14:54:06.7651582Z       29 |     
Core Validation & E2E	Run Playwright Tests	2026-09-02T14:54:06.7652566Z       30 |     // Perform logout
Core Validation & E2E	Run Playwright Tests	2026-09-02T14:54:06.7653067Z     > 31 |     await page.getByRole('button', { name: 'Logout' }).click();
Core Validation & E2E	Run Playwright Tests	2026-09-02T14:54:06.7653509Z          |                                                        ^
Core Validation & E2E	Run Playwright Tests	2026-09-02T14:54:06.7654183Z       32 |     
Core Validation & E2E	Run Playwright Tests	2026-09-02T14:54:06.7654484Z       33 |     // Verify redirect to login
Core Validation & E2E	Run Playwright Tests	2026-09-02T14:54:06.7655257Z       34 |     await expect(page).toHaveURL(/.*\/login/);
Core Validation & E2E	Run Playwright Tests	2026-09-02T14:54:06.7655911Z         at /mnt/c/Users/krish/actions-runner/_work/ERP-1/ERP-1/apps/web/e2e/proxy-security.spec.ts:31:56
Core Validation & E2E	Run Playwright Tests	2026-09-02T14:54:06.7656325Z 
Core Validation & E2E	Run Playwright Tests	2026-09-02T14:54:06.7657222Z     Error Context: test-results/proxy-security-Proxy-Middl-2a5ca-urity-Logout-remains-usable-chromium-teacher-retry2/error-context.md
Core Validation & E2E	Run Playwright Tests	2026-09-02T14:54:06.7658406Z 
Core Validation & E2E	Run Playwright Tests	2026-09-02T14:54:06.7658436Z 
Core Validation & E2E	Run Playwright Tests	2026-09-02T14:54:09.4148962Z [193/626] [chromium-teacher] › e2e/proxy-security.spec.ts:42:9 › Proxy / Middleware Runtime Security › Password Reset Flow › User requiring password reset is redirected to /auth/update-password
Core Validation & E2E	Run Playwright Tests	2026-09-02T14:54:16.9046858Z [194/626] (retries) [chromium-teacher] › e2e/proxy-security.spec.ts:42:9 › Proxy / Middleware Runtime Security › Password Reset Flow › User requiring password reset is redirected to /auth/update-password (retry #1)
Core Validation & E2E	Run Playwright Tests	2026-09-02T14:54:25.1274216Z [195/626] (retries) [chromium-teacher] › e2e/proxy-security.spec.ts:42:9 › Proxy / Middleware Runtime Security › Password Reset Flow › User requiring password reset is redirected to /auth/update-password (retry #2)
Core Validation & E2E	Run Playwright Tests	2026-09-02T14:54:30.5914145Z   10) [chromium-teacher] › e2e/proxy-security.spec.ts:42:9 › Proxy / Middleware Runtime Security › Password Reset Flow › User requiring password reset is redirected to /auth/update-password 
Core Validation & E2E	Run Playwright Tests	2026-09-02T14:54:30.5915167Z 
Core Validation & E2E	Run Playwright Tests	2026-09-02T14:54:30.5915384Z     Error: expect(page).toHaveURL(expected) failed
Core Validation & E2E	Run Playwright Tests	2026-09-02T14:54:30.5915631Z 
Core Validation & E2E	Run Playwright Tests	2026-09-02T14:54:30.5915809Z     Expected pattern: /.*\/auth\/update-password/
Core Validation & E2E	Run Playwright Tests	2026-09-02T14:54:30.5916204Z     Received string:  "http://localhost:3000/login"
Core Validation & E2E	Run Playwright Tests	2026-09-02T14:54:30.5921895Z     Timeout: 5000ms
Core Validation & E2E	Run Playwright Tests	2026-09-02T14:54:30.5922127Z 
Core Validation & E2E	Run Playwright Tests	2026-09-02T14:54:30.5922223Z     Call log:
Core Validation & E2E	Run Playwright Tests	2026-09-02T14:54:30.5922509Z       - Expect "toHaveURL" with timeout 5000ms
Core Validation & E2E	Run Playwright Tests	2026-09-02T14:54:30.5924265Z         14 × locator resolved to <html lang="en" class="h-full antialiased">…</html>
Core Validation & E2E	Run Playwright Tests	2026-09-02T14:54:30.5925062Z            - unexpected value "http://localhost:3000/login"
Core Validation & E2E	Run Playwright Tests	2026-09-02T14:54:30.5925343Z 
Core Validation & E2E	Run Playwright Tests	2026-09-02T14:54:30.5925351Z 
Core Validation & E2E	Run Playwright Tests	2026-09-02T14:54:30.5925516Z       51 |
Core Validation & E2E	Run Playwright Tests	2026-09-02T14:54:30.5926445Z       52 |       // Should be forced to update-password
Core Validation & E2E	Run Playwright Tests	2026-09-02T14:54:30.5927247Z     > 53 |       await expect(page).toHaveURL(/.*\/auth\/update-password/);
Core Validation & E2E	Run Playwright Tests	2026-09-02T14:54:30.5928189Z          |                          ^
Core Validation & E2E	Run Playwright Tests	2026-09-02T14:54:30.5929466Z       54 |       await expect(page.getByRole('heading', { name: 'Update Password' })).toBeVisible();
Core Validation & E2E	Run Playwright Tests	2026-09-02T14:54:30.5930570Z       55 |
Core Validation & E2E	Run Playwright Tests	2026-09-02T14:54:30.5931266Z       56 |       // Trying to navigate to a protected page directly should still redirect
Core Validation & E2E	Run Playwright Tests	2026-09-02T14:54:30.5932430Z         at /mnt/c/Users/krish/actions-runner/_work/ERP-1/ERP-1/apps/web/e2e/proxy-security.spec.ts:53:26
Core Validation & E2E	Run Playwright Tests	2026-09-02T14:54:30.5933111Z 
Core Validation & E2E	Run Playwright Tests	2026-09-02T14:54:30.5934043Z     Error Context: test-results/proxy-security-Proxy-Middl-e4437-ted-to-auth-update-password-chromium-teacher/error-context.md
Core Validation & E2E	Run Playwright Tests	2026-09-02T14:54:30.5935035Z 
Core Validation & E2E	Run Playwright Tests	2026-09-02T14:54:30.5936134Z     Retry #1 ───────────────────────────────────────────────────────────────────────────────────────
Core Validation & E2E	Run Playwright Tests	2026-09-02T14:54:30.5936691Z 
Core Validation & E2E	Run Playwright Tests	2026-09-02T14:54:30.5937018Z     Error: expect(page).toHaveURL(expected) failed
Core Validation & E2E	Run Playwright Tests	2026-09-02T14:54:30.5937443Z 
Core Validation & E2E	Run Playwright Tests	2026-09-02T14:54:30.5937725Z     Expected pattern: /.*\/auth\/update-password/
Core Validation & E2E	Run Playwright Tests	2026-09-02T14:54:30.5938383Z     Received string:  "http://localhost:3000/login"
Core Validation & E2E	Run Playwright Tests	2026-09-02T14:54:30.5938901Z     Timeout: 5000ms
Core Validation & E2E	Run Playwright Tests	2026-09-02T14:54:30.5939566Z 
Core Validation & E2E	Run Playwright Tests	2026-09-02T14:54:30.5941335Z     Call log:
Core Validation & E2E	Run Playwright Tests	2026-09-02T14:54:30.5942053Z       - Expect "toHaveURL" with timeout 5000ms
Core Validation & E2E	Run Playwright Tests	2026-09-02T14:54:30.5945158Z         13 × locator resolved to <html lang="en" class="h-full antialiased">…</html>
Core Validation & E2E	Run Playwright Tests	2026-09-02T14:54:30.5946421Z            - unexpected value "http://localhost:3000/login"
Core Validation & E2E	Run Playwright Tests	2026-09-02T14:54:30.5946745Z 
Core Validation & E2E	Run Playwright Tests	2026-09-02T14:54:30.5946753Z 
Core Validation & E2E	Run Playwright Tests	2026-09-02T14:54:30.5946858Z       51 |
Core Validation & E2E	Run Playwright Tests	2026-09-02T14:54:30.5947154Z       52 |       // Should be forced to update-password
Core Validation & E2E	Run Playwright Tests	2026-09-02T14:54:30.5947883Z     > 53 |       await expect(page).toHaveURL(/.*\/auth\/update-password/);
Core Validation & E2E	Run Playwright Tests	2026-09-02T14:54:30.5948486Z          |                          ^
Core Validation & E2E	Run Playwright Tests	2026-09-02T14:54:30.5949324Z       54 |       await expect(page.getByRole('heading', { name: 'Update Password' })).toBeVisible();
Core Validation & E2E	Run Playwright Tests	2026-09-02T14:54:30.5950068Z       55 |
Core Validation & E2E	Run Playwright Tests	2026-09-02T14:54:30.5950729Z       56 |       // Trying to navigate to a protected page directly should still redirect
Core Validation & E2E	Run Playwright Tests	2026-09-02T14:54:30.5952699Z         at /mnt/c/Users/krish/actions-runner/_work/ERP-1/ERP-1/apps/web/e2e/proxy-security.spec.ts:53:26
Core Validation & E2E	Run Playwright Tests	2026-09-02T14:54:30.5953637Z 
Core Validation & E2E	Run Playwright Tests	2026-09-02T14:54:30.5954512Z     Error Context: test-results/proxy-security-Proxy-Middl-e4437-ted-to-auth-update-password-chromium-teacher-retry1/error-context.md
Core Validation & E2E	Run Playwright Tests	2026-09-02T14:54:30.5955407Z 
Core Validation & E2E	Run Playwright Tests	2026-09-02T14:54:30.5956489Z     attachment #2: trace (application/zip) ─────────────────────────────────────────────────────────
Core Validation & E2E	Run Playwright Tests	2026-09-02T14:54:30.5958035Z     test-results/proxy-security-Proxy-Middl-e4437-ted-to-auth-update-password-chromium-teacher-retry1/trace.zip
Core Validation & E2E	Run Playwright Tests	2026-09-02T14:54:30.5958987Z     Usage:
Core Validation & E2E	Run Playwright Tests	2026-09-02T14:54:30.5967371Z 
Core Validation & E2E	Run Playwright Tests	2026-09-02T14:54:30.5968017Z         npx playwright show-trace test-results/proxy-security-Proxy-Middl-e4437-ted-to-auth-update-password-chromium-teacher-retry1/trace.zip
Core Validation & E2E	Run Playwright Tests	2026-09-02T14:54:30.5968623Z 
Core Validation & E2E	Run Playwright Tests	2026-09-02T14:54:30.5969785Z     ────────────────────────────────────────────────────────────────────────────────────────────────
Core Validation & E2E	Run Playwright Tests	2026-09-02T14:54:30.5970164Z 
Core Validation & E2E	Run Playwright Tests	2026-09-02T14:54:30.5970864Z     Retry #2 ───────────────────────────────────────────────────────────────────────────────────────
Core Validation & E2E	Run Playwright Tests	2026-09-02T14:54:30.5971511Z 
Core Validation & E2E	Run Playwright Tests	2026-09-02T14:54:30.5976851Z     Error: expect(page).toHaveURL(expected) failed
Core Validation & E2E	Run Playwright Tests	2026-09-02T14:54:30.5977107Z 
Core Validation & E2E	Run Playwright Tests	2026-09-02T14:54:30.5977365Z     Expected pattern: /.*\/auth\/update-password/
Core Validation & E2E	Run Playwright Tests	2026-09-02T14:54:30.5978398Z     Received string:  "http://localhost:3000/login"
Core Validation & E2E	Run Playwright Tests	2026-09-02T14:54:30.5978772Z     Timeout: 5000ms
Core Validation & E2E	Run Playwright Tests	2026-09-02T14:54:30.5979183Z 
Core Validation & E2E	Run Playwright Tests	2026-09-02T14:54:30.5979310Z     Call log:
Core Validation & E2E	Run Playwright Tests	2026-09-02T14:54:30.5979622Z       - Expect "toHaveURL" with timeout 5000ms
Core Validation & E2E	Run Playwright Tests	2026-09-02T14:54:30.5982307Z         14 × locator resolved to <html lang="en" class="h-full antialiased">…</html>
Core Validation & E2E	Run Playwright Tests	2026-09-02T14:54:30.5983451Z            - unexpected value "http://localhost:3000/login"
Core Validation & E2E	Run Playwright Tests	2026-09-02T14:54:30.5984002Z 
Core Validation & E2E	Run Playwright Tests	2026-09-02T14:54:30.5984019Z 
Core Validation & E2E	Run Playwright Tests	2026-09-02T14:54:30.5984127Z       51 |
Core Validation & E2E	Run Playwright Tests	2026-09-02T14:54:30.5984443Z       52 |       // Should be forced to update-password
Core Validation & E2E	Run Playwright Tests	2026-09-02T14:54:30.5985174Z     > 53 |       await expect(page).toHaveURL(/.*\/auth\/update-password/);
Core Validation & E2E	Run Playwright Tests	2026-09-02T14:54:30.5985916Z          |                          ^
Core Validation & E2E	Run Playwright Tests	2026-09-02T14:54:30.5987001Z       54 |       await expect(page.getByRole('heading', { name: 'Update Password' })).toBeVisible();
Core Validation & E2E	Run Playwright Tests	2026-09-02T14:54:30.5987762Z       55 |
Core Validation & E2E	Run Playwright Tests	2026-09-02T14:54:30.5988188Z       56 |       // Trying to navigate to a protected page directly should still redirect
Core Validation & E2E	Run Playwright Tests	2026-09-02T14:54:30.5989695Z         at /mnt/c/Users/krish/actions-runner/_work/ERP-1/ERP-1/apps/web/e2e/proxy-security.spec.ts:53:26
Core Validation & E2E	Run Playwright Tests	2026-09-02T14:54:30.5990197Z 
Core Validation & E2E	Run Playwright Tests	2026-09-02T14:54:30.5990817Z     Error Context: test-results/proxy-security-Proxy-Middl-e4437-ted-to-auth-update-password-chromium-teacher-retry2/error-context.md
Core Validation & E2E	Run Playwright Tests	2026-09-02T14:54:30.5991414Z 
Core Validation & E2E	Run Playwright Tests	2026-09-02T14:54:30.5991422Z 
Core Validation & E2E	Run Playwright Tests	2026-09-02T14:54:32.6743356Z [196/626] [chromium-teacher] › e2e/scheduling.spec.ts:13:7 › Scheduling Management › Branch Admin can manage rooms, bell schedules, and periods
Core Validation & E2E	Run Playwright Tests	2026-09-02T14:54:32.8453203Z [197/626] [chromium-teacher] › e2e/scheduling.spec.ts:99:7 › Scheduling Security - Teacher Role › Teacher cannot perform administrative mutations
Core Validation & E2E	Run Playwright Tests	2026-09-02T14:54:34.6573945Z [198/626] [chromium-teacher] › e2e/scheduling.spec.ts:119:7 › Scheduling Security - Cross Branch › Cross-branch manipulation is rejected
Core Validation & E2E	Run Playwright Tests	2026-09-02T14:54:36.5410821Z [199/626] [chromium-teacher] › e2e/storage.spec.ts:34:7 › Storage Runtime Authorization (Communication) › Teacher can upload attachment to their own draft and unauthorized users cannot read
Core Validation & E2E	Run Playwright Tests	2026-09-02T14:54:37.0066226Z [200/626] [chromium-teacher] › e2e/students-security.spec.ts:17:7 › Students Page Authorization › Branch Admin can access /students for their own branch
Core Validation & E2E	Run Playwright Tests	2026-09-02T14:54:37.0877726Z [201/626] [chromium-teacher] › e2e/students-security.spec.ts:35:7 › Students Page Authorization › Teacher can access /students in read-only mode
Core Validation & E2E	Run Playwright Tests	2026-09-02T14:54:37.5744634Z [202/626] [chromium-teacher] › e2e/students-security.spec.ts:52:7 › Students Page Authorization › Students page rejects access with invalid branch context
Core Validation & E2E	Run Playwright Tests	2026-09-02T14:54:37.7467151Z [203/626] [chromium-teacher] › e2e/students-security.spec.ts:67:7 › Students/New Page Authorization › Branch Admin can access /students/new for their branch
Core Validation & E2E	Run Playwright Tests	2026-09-02T14:54:37.8638185Z [204/626] [chromium-teacher] › e2e/students-security.spec.ts:80:7 › Students/New Page Authorization › Teacher cannot access /students/new (read-only role)
Core Validation & E2E	Run Playwright Tests	2026-09-02T14:54:38.3313203Z [205/626] [chromium-teacher] › e2e/students-security.spec.ts:91:7 › Students/New Page Authorization › Students/new page does not contain hardcoded branch/org IDs
Core Validation & E2E	Run Playwright Tests	2026-09-02T14:54:38.4636351Z [206/626] [chromium-teacher] › e2e/students-security.spec.ts:104:7 › Students/New Page Authorization › Students/new rejects cross-branch access
Core Validation & E2E	Run Playwright Tests	2026-09-02T14:54:38.5477690Z [207/626] [chromium-teacher] › e2e/students-security.spec.ts:119:7 › Students Detail Page Authorization › Student detail page enforces branch context
Core Validation & E2E	Run Playwright Tests	2026-09-02T14:54:38.6295152Z [208/626] [chromium-teacher] › e2e/students-security.spec.ts:131:7 › Students Detail Page Authorization › Student detail page rejects cross-branch access
Core Validation & E2E	Run Playwright Tests	2026-09-02T14:54:38.7430497Z [209/626] [chromium-teacher] › e2e/substitutions.spec.ts:33:7 › Substitutions Management › Branch Admin CRUD & Conflicts › should manage substitutions and handle conflicts
Core Validation & E2E	Run Playwright Tests	2026-09-02T14:54:38.7770889Z [210/626] [chromium-teacher] › e2e/substitutions.spec.ts:281:9 › Substitutions Management › Teacher Roles › should view substitutions but cannot create
Core Validation & E2E	Run Playwright Tests	2026-09-02T14:54:39.4312570Z [211/626] [chromium-teacher] › e2e/timetable.spec.ts:27:9 › Timetable Management › Branch Admin CRUD & Conflicts › should manage timetable entries and handle conflicts
Core Validation & E2E	Run Playwright Tests	2026-09-02T14:54:39.4651959Z [212/626] [chromium-teacher] › e2e/timetable.spec.ts:168:9 › Timetable Management › Teacher Roles › should view timetable but cannot create entries
Core Validation & E2E	Run Playwright Tests	2026-09-02T14:54:42.2926188Z [213/626] [chromium-guardian] › e2e/academic-structure.spec.ts:6:7 › Academic Structure Role Tests › Teacher gets Access Denied when trying to create and sees branch identity without switching
Core Validation & E2E	Run Playwright Tests	2026-09-02T14:54:42.6774214Z [214/626] [chromium-guardian] › e2e/academic-structure.spec.ts:22:7 › Academic Structure Role Tests › Branch Admin can create, edit, and delete an Academic Year but cannot switch branch
Core Validation & E2E	Run Playwright Tests	2026-09-02T14:54:42.7656158Z [215/626] [chromium-guardian] › e2e/academic-structure.spec.ts:58:7 › Academic Structure Role Tests › Branch Admin attempting to access another branch resource is denied
Core Validation & E2E	Run Playwright Tests	2026-09-02T14:54:42.9041996Z [216/626] [chromium-guardian] › e2e/adversarial-security.spec.ts:38:9 › Adversarial Server-Boundary Security › Teacher Role Mutations › Teacher cannot mutate attendance for unauthorized branch
Core Validation & E2E	Run Playwright Tests	2026-09-02T14:54:42.9384027Z [217/626] [chromium-guardian] › e2e/adversarial-security.spec.ts:63:9 › Adversarial Server-Boundary Security › Teacher Role Mutations › Teacher cannot mutate homework for unauthorized branch
Core Validation & E2E	Run Playwright Tests	2026-09-02T14:54:42.9748618Z [218/626] [chromium-guardian] › e2e/adversarial-security.spec.ts:104:9 › Adversarial Server-Boundary Security › Teacher Role Mutations › Teacher cannot publish communication messages (admin-only)
Core Validation & E2E	Run Playwright Tests	2026-09-02T14:54:43.0137426Z [219/626] [chromium-guardian] › e2e/adversarial-security.spec.ts:131:9 › Adversarial Server-Boundary Security › Teacher Role Mutations › Teacher cannot mutate a locked attendance session directly via RPC
Core Validation & E2E	Run Playwright Tests	2026-09-02T14:54:43.0552160Z [220/626] [chromium-guardian] › e2e/adversarial-security.spec.ts:176:9 › Adversarial Server-Boundary Security › Guardian Role Mutations › Guardian cannot mutate attendance for their own child
Core Validation & E2E	Run Playwright Tests	2026-09-02T14:54:43.2179051Z [221/626] [chromium-guardian] › e2e/app-config.spec.ts:5:7 › App Config Admin Tests › Teacher gets Access Denied when trying to access app config
Core Validation & E2E	Run Playwright Tests	2026-09-02T14:54:43.2957909Z [222/626] [chromium-guardian] › e2e/app-config.spec.ts:15:7 › App Config Admin Tests › Branch Admin can view and edit their branch app config
Core Validation & E2E	Run Playwright Tests	2026-09-02T14:54:43.3718185Z [223/626] [chromium-guardian] › e2e/app-config.spec.ts:40:7 › App Config Admin Tests › Super Admin can view and edit app configs across branches
Core Validation & E2E	Run Playwright Tests	2026-09-02T14:54:43.4806482Z [224/626] [chromium-guardian] › e2e/attendance.spec.ts:11:9 › Attendance Management › Teacher Flow (chromium-teacher) › Teacher can mark, save, and lock attendance
Core Validation & E2E	Run Playwright Tests	2026-09-02T14:54:43.5103397Z [225/626] [chromium-guardian] › e2e/attendance.spec.ts:64:9 › Attendance Management › Teacher Flow (chromium-teacher) › Teacher cannot bypass authorization for another branch
Core Validation & E2E	Run Playwright Tests	2026-09-02T14:54:43.5410629Z [226/626] [chromium-guardian] › e2e/attendance.spec.ts:76:9 › Attendance Management › Branch Admin Flow (chromium-branchadmin) › Admin can mark, save, lock, publish, and correct attendance
Core Validation & E2E	Run Playwright Tests	2026-09-02T14:54:43.5692628Z [227/626] [chromium-guardian] › e2e/attendance.spec.ts:145:9 › Attendance Management › Guardian History Flow (chromium-guardian) › Guardian can view published absences
Core Validation & E2E	Run Playwright Tests	2026-09-02T14:54:44.2976553Z [228/626] [chromium-guardian] › e2e/attendance.spec.ts:155:9 › Attendance Management › Guardian History Flow (chromium-guardian) › Guardian cannot access attendance entry page
Core Validation & E2E	Run Playwright Tests	2026-09-02T14:54:44.9055844Z [229/626] [chromium-guardian] › e2e/auth-password-reset.spec.ts:7:7 › Temporary Credentials Enforcement › User with force_password_reset=true is redirected and can reset
Core Validation & E2E	Run Playwright Tests	2026-09-02T14:54:45.0053864Z [230/626] [chromium-guardian] › e2e/auth-password-reset.spec.ts:62:7 › Temporary Credentials Enforcement › Normal user without force_password_reset can login normally
Core Validation & E2E	Run Playwright Tests	2026-09-02T14:54:49.9080994Z [231/626] [chromium-guardian] › e2e/branch-context.spec.ts:39:9 › branch-context authorization helpers › Super Admin Semantics › auth_is_super_admin() is true
Core Validation & E2E	Run Playwright Tests	2026-09-02T14:54:49.9256270Z [232/626] [chromium-guardian] › e2e/branch-context.spec.ts:44:9 › branch-context authorization helpers › Super Admin Semantics › auth_has_org_access() is true for authorized org
Core Validation & E2E	Run Playwright Tests	2026-09-02T14:54:49.9418042Z [233/626] [chromium-guardian] › e2e/branch-context.spec.ts:49:9 › branch-context authorization helpers › Super Admin Semantics › auth_has_branch_membership() is true for branch in authorized org
Core Validation & E2E	Run Playwright Tests	2026-09-02T14:54:49.9549095Z [234/626] [chromium-guardian] › e2e/branch-context.spec.ts:53:9 › branch-context authorization helpers › Super Admin Semantics › auth_has_branch_membership() is false for branch in unauthorized org
Core Validation & E2E	Run Playwright Tests	2026-09-02T14:54:49.9674208Z [235/626] [chromium-guardian] › e2e/branch-context.spec.ts:57:9 › branch-context authorization helpers › Super Admin Semantics › auth_has_branch_role() is false unless an explicit real role assignment exists
Core Validation & E2E	Run Playwright Tests	2026-09-02T14:54:49.9844544Z [236/626] [chromium-guardian] › e2e/branch-context.spec.ts:68:9 › branch-context authorization helpers › Branch Admin Semantics › branchadmin role is true for own branch
Core Validation & E2E	Run Playwright Tests	2026-09-02T14:54:50.0007105Z [237/626] [chromium-guardian] › e2e/branch-context.spec.ts:72:9 › branch-context authorization helpers › Branch Admin Semantics › teacher role is false unless explicitly assigned
Core Validation & E2E	Run Playwright Tests	2026-09-02T14:54:50.0151421Z [238/626] [chromium-guardian] › e2e/branch-context.spec.ts:76:9 › branch-context authorization helpers › Branch Admin Semantics › other branch is false
Core Validation & E2E	Run Playwright Tests	2026-09-02T14:54:50.0277309Z [239/626] [chromium-guardian] › e2e/branch-context.spec.ts:80:9 › branch-context authorization helpers › Branch Admin Semantics › wrong org is false
Core Validation & E2E	Run Playwright Tests	2026-09-02T14:54:50.0389333Z [240/626] [chromium-guardian] › e2e/branch-context.spec.ts:86:9 › branch-context authorization helpers › Teacher Semantics › teacher role is true in own branch
Core Validation & E2E	Run Playwright Tests	2026-09-02T14:54:50.0521930Z [241/626] [chromium-guardian] › e2e/branch-context.spec.ts:90:9 › branch-context authorization helpers › Teacher Semantics › branchadmin role is false
Core Validation & E2E	Run Playwright Tests	2026-09-02T14:54:50.0643623Z [242/626] [chromium-guardian] › e2e/branch-context.spec.ts:94:9 › branch-context authorization helpers › Teacher Semantics › other branch is false
Core Validation & E2E	Run Playwright Tests	2026-09-02T14:54:50.0758821Z [243/626] [chromium-guardian] › e2e/branch-context.spec.ts:98:9 › branch-context authorization helpers › Teacher Semantics › wrong org is false
Core Validation & E2E	Run Playwright Tests	2026-09-02T14:54:50.1227250Z [244/626] [chromium-guardian] › e2e/calendar.spec.ts:24:7 › Calendar UI › Teacher cannot mutate calendar events or operating days
Core Validation & E2E	Run Playwright Tests	2026-09-02T14:54:59.0003958Z [245/626] [chromium-guardian] › e2e/calendar.spec.ts:79:9 › Calendar UI › Branch Admin Calendar Mutations › Branch Admin can manage operating days
Core Validation & E2E	Run Playwright Tests	2026-09-02T14:54:59.0731395Z [246/626] [chromium-guardian] › e2e/calendar.spec.ts:128:9 › Calendar UI › Branch Admin Calendar Mutations › Branch Admin can create, edit, and archive calendar events
Core Validation & E2E	Run Playwright Tests	2026-09-02T14:54:59.1935098Z [247/626] [chromium-guardian] › e2e/communication.spec.ts:5:7 › Communication End-to-End Workflows › Branch Admin can create an announcement and view it in Sent
Core Validation & E2E	Run Playwright Tests	2026-09-02T14:54:50.0873021Z [248/626] [chromium-guardian] › e2e/communication.spec.ts:26:7 › Communication End-to-End Workflows › Teacher can create class announcement and branch-wide targeting is denied
Core Validation & E2E	Run Playwright Tests	2026-09-02T14:54:50.1002921Z [249/626] [chromium-guardian] › e2e/communication.spec.ts:61:7 › Communication End-to-End Workflows › Recipient can view message in inbox
Core Validation & E2E	Run Playwright Tests	2026-09-02T14:54:53.8055631Z [250/626] [chromium-guardian] › e2e/communication.spec.ts:163:7 › Communication End-to-End Workflows › Teacher rate limit enforces exactly 5 messages per day
Core Validation & E2E	Run Playwright Tests	2026-09-02T14:54:53.8880973Z [251/626] [chromium-guardian] › e2e/homework.spec.ts:11:9 › Homework E2E - Phase 5 › Teacher Creation Flow › Teacher creates, saves draft, and publishes
Core Validation & E2E	Run Playwright Tests	2026-09-02T14:54:53.9156233Z [252/626] [chromium-guardian] › e2e/homework.spec.ts:63:9 › Homework E2E - Phase 5 › Guardian View Flow › Guardian views homework but cannot submit
Core Validation & E2E	Run Playwright Tests	2026-09-02T14:54:55.1176107Z [253/626] [chromium-guardian] › e2e/homework.spec.ts:86:9 › Homework E2E - Phase 5 › Unauthorized Access › Unauthorized access to creation page is blocked
Core Validation & E2E	Run Playwright Tests	2026-09-02T14:54:55.6588237Z [254/626] [chromium-guardian] › e2e/proxy-security.spec.ts:5:7 › Proxy / Middleware Runtime Security › Unauthenticated user is redirected to /login
Core Validation & E2E	Run Playwright Tests	2026-09-02T14:55:02.7333354Z [255/626] (retries) [chromium-guardian] › e2e/proxy-security.spec.ts:5:7 › Proxy / Middleware Runtime Security › Unauthenticated user is redirected to /login (retry #1)
Core Validation & E2E	Run Playwright Tests	2026-09-02T14:55:11.0266486Z [256/626] (retries) [chromium-guardian] › e2e/proxy-security.spec.ts:5:7 › Proxy / Middleware Runtime Security › Unauthenticated user is redirected to /login (retry #2)
Core Validation & E2E	Run Playwright Tests	2026-09-02T14:55:16.1703430Z   11) [chromium-guardian] › e2e/proxy-security.spec.ts:5:7 › Proxy / Middleware Runtime Security › Unauthenticated user is redirected to /login 
Core Validation & E2E	Run Playwright Tests	2026-09-02T14:55:16.1705281Z 
Core Validation & E2E	Run Playwright Tests	2026-09-02T14:55:16.1706461Z     Error: expect(locator).toBeVisible() failed
Core Validation & E2E	Run Playwright Tests	2026-09-02T14:55:16.1707456Z 
Core Validation & E2E	Run Playwright Tests	2026-09-02T14:55:16.1707728Z     Locator: getByRole('heading', { name: 'Sign in' })
Core Validation & E2E	Run Playwright Tests	2026-09-02T14:55:16.1708226Z     Expected: visible
Core Validation & E2E	Run Playwright Tests	2026-09-02T14:55:16.1708711Z     Timeout: 5000ms
Core Validation & E2E	Run Playwright Tests	2026-09-02T14:55:16.1709155Z     Error: element(s) not found
Core Validation & E2E	Run Playwright Tests	2026-09-02T14:55:16.1709494Z 
Core Validation & E2E	Run Playwright Tests	2026-09-02T14:55:16.1709684Z     Call log:
Core Validation & E2E	Run Playwright Tests	2026-09-02T14:55:16.1710243Z       - Expect "toBeVisible" with timeout 5000ms
Core Validation & E2E	Run Playwright Tests	2026-09-02T14:55:16.1730774Z       - waiting for getByRole('heading', { name: 'Sign in' })
Core Validation & E2E	Run Playwright Tests	2026-09-02T14:55:16.1731259Z 
Core Validation & E2E	Run Playwright Tests	2026-09-02T14:55:16.1731307Z 
Core Validation & E2E	Run Playwright Tests	2026-09-02T14:55:16.1731622Z       11 |     // Should be redirected by proxy.ts to login
Core Validation & E2E	Run Playwright Tests	2026-09-02T14:55:16.1732604Z       12 |     await expect(page).toHaveURL(/.*\/login/);
Core Validation & E2E	Run Playwright Tests	2026-09-02T14:55:16.1733156Z     > 13 |     await expect(page.getByRole('heading', { name: 'Sign in' })).toBeVisible();
Core Validation & E2E	Run Playwright Tests	2026-09-02T14:55:16.1733669Z          |                                                                  ^
Core Validation & E2E	Run Playwright Tests	2026-09-02T14:55:16.1734027Z       14 |     await context.close();
Core Validation & E2E	Run Playwright Tests	2026-09-02T14:55:16.1739973Z       15 |   });
Core Validation & E2E	Run Playwright Tests	2026-09-02T14:55:16.1740234Z       16 |
Core Validation & E2E	Run Playwright Tests	2026-09-02T14:55:16.1740743Z         at /mnt/c/Users/krish/actions-runner/_work/ERP-1/ERP-1/apps/web/e2e/proxy-security.spec.ts:13:66
Core Validation & E2E	Run Playwright Tests	2026-09-02T14:55:16.1741187Z 
Core Validation & E2E	Run Playwright Tests	2026-09-02T14:55:16.1741731Z     Error Context: test-results/proxy-security-Proxy-Middl-28b94-user-is-redirected-to-login-chromium-guardian/error-context.md
Core Validation & E2E	Run Playwright Tests	2026-09-02T14:55:16.1742280Z 
Core Validation & E2E	Run Playwright Tests	2026-09-02T14:55:16.1742905Z     Retry #1 ───────────────────────────────────────────────────────────────────────────────────────
Core Validation & E2E	Run Playwright Tests	2026-09-02T14:55:16.1747643Z 
Core Validation & E2E	Run Playwright Tests	2026-09-02T14:55:16.1747857Z     Error: expect(locator).toBeVisible() failed
Core Validation & E2E	Run Playwright Tests	2026-09-02T14:55:16.1748096Z 
Core Validation & E2E	Run Playwright Tests	2026-09-02T14:55:16.1748274Z     Locator: getByRole('heading', { name: 'Sign in' })
Core Validation & E2E	Run Playwright Tests	2026-09-02T14:55:16.1748610Z     Expected: visible
Core Validation & E2E	Run Playwright Tests	2026-09-02T14:55:16.1748836Z     Timeout: 5000ms
Core Validation & E2E	Run Playwright Tests	2026-09-02T14:55:16.1749089Z     Error: element(s) not found
Core Validation & E2E	Run Playwright Tests	2026-09-02T14:55:16.1749252Z 
Core Validation & E2E	Run Playwright Tests	2026-09-02T14:55:16.1749342Z     Call log:
Core Validation & E2E	Run Playwright Tests	2026-09-02T14:55:16.1749637Z       - Expect "toBeVisible" with timeout 5000ms
Core Validation & E2E	Run Playwright Tests	2026-09-02T14:55:16.1750051Z       - waiting for getByRole('heading', { name: 'Sign in' })
Core Validation & E2E	Run Playwright Tests	2026-09-02T14:55:16.1750300Z 
Core Validation & E2E	Run Playwright Tests	2026-09-02T14:55:16.1750307Z 
Core Validation & E2E	Run Playwright Tests	2026-09-02T14:55:16.1750474Z       11 |     // Should be redirected by proxy.ts to login
Core Validation & E2E	Run Playwright Tests	2026-09-02T14:55:16.1750870Z       12 |     await expect(page).toHaveURL(/.*\/login/);
Core Validation & E2E	Run Playwright Tests	2026-09-02T14:55:16.1751359Z     > 13 |     await expect(page.getByRole('heading', { name: 'Sign in' })).toBeVisible();
Core Validation & E2E	Run Playwright Tests	2026-09-02T14:55:16.1751863Z          |                                                                  ^
Core Validation & E2E	Run Playwright Tests	2026-09-02T14:55:16.1752208Z       14 |     await context.close();
Core Validation & E2E	Run Playwright Tests	2026-09-02T14:55:16.1752469Z       15 |   });
Core Validation & E2E	Run Playwright Tests	2026-09-02T14:55:16.1752681Z       16 |
Core Validation & E2E	Run Playwright Tests	2026-09-02T14:55:16.1753148Z         at /mnt/c/Users/krish/actions-runner/_work/ERP-1/ERP-1/apps/web/e2e/proxy-security.spec.ts:13:66
Core Validation & E2E	Run Playwright Tests	2026-09-02T14:55:16.1753541Z 
Core Validation & E2E	Run Playwright Tests	2026-09-02T14:55:16.1754107Z     Error Context: test-results/proxy-security-Proxy-Middl-28b94-user-is-redirected-to-login-chromium-guardian-retry1/error-context.md
Core Validation & E2E	Run Playwright Tests	2026-09-02T14:55:16.1755183Z 
Core Validation & E2E	Run Playwright Tests	2026-09-02T14:55:16.1755779Z     attachment #2: trace (application/zip) ─────────────────────────────────────────────────────────
Core Validation & E2E	Run Playwright Tests	2026-09-02T14:55:16.1757073Z     test-results/proxy-security-Proxy-Middl-28b94-user-is-redirected-to-login-chromium-guardian-retry1/trace.zip
Core Validation & E2E	Run Playwright Tests	2026-09-02T14:55:16.1757786Z     Usage:
Core Validation & E2E	Run Playwright Tests	2026-09-02T14:55:16.1757912Z 
Core Validation & E2E	Run Playwright Tests	2026-09-02T14:55:16.1758520Z         npx playwright show-trace test-results/proxy-security-Proxy-Middl-28b94-user-is-redirected-to-login-chromium-guardian-retry1/trace.zip
Core Validation & E2E	Run Playwright Tests	2026-09-02T14:55:16.1759148Z 
Core Validation & E2E	Run Playwright Tests	2026-09-02T14:55:16.1759596Z     ────────────────────────────────────────────────────────────────────────────────────────────────
Core Validation & E2E	Run Playwright Tests	2026-09-02T14:55:16.1759908Z 
Core Validation & E2E	Run Playwright Tests	2026-09-02T14:55:16.1760283Z     Retry #2 ───────────────────────────────────────────────────────────────────────────────────────
Core Validation & E2E	Run Playwright Tests	2026-09-02T14:55:16.1760580Z 
Core Validation & E2E	Run Playwright Tests	2026-09-02T14:55:16.1760746Z     Error: expect(locator).toBeVisible() failed
Core Validation & E2E	Run Playwright Tests	2026-09-02T14:55:16.1760985Z 
Core Validation & E2E	Run Playwright Tests	2026-09-02T14:55:16.1761152Z     Locator: getByRole('heading', { name: 'Sign in' })
Core Validation & E2E	Run Playwright Tests	2026-09-02T14:55:16.1761464Z     Expected: visible
Core Validation & E2E	Run Playwright Tests	2026-09-02T14:55:16.1761775Z     Timeout: 5000ms
Core Validation & E2E	Run Playwright Tests	2026-09-02T14:55:16.1762025Z     Error: element(s) not found
Core Validation & E2E	Run Playwright Tests	2026-09-02T14:55:16.1762185Z 
Core Validation & E2E	Run Playwright Tests	2026-09-02T14:55:16.1762278Z     Call log:
Core Validation & E2E	Run Playwright Tests	2026-09-02T14:55:16.1762578Z       - Expect "toBeVisible" with timeout 5000ms
Core Validation & E2E	Run Playwright Tests	2026-09-02T14:55:16.1762984Z       - waiting for getByRole('heading', { name: 'Sign in' })
Core Validation & E2E	Run Playwright Tests	2026-09-02T14:55:16.1763242Z 
Core Validation & E2E	Run Playwright Tests	2026-09-02T14:55:16.1763248Z 
Core Validation & E2E	Run Playwright Tests	2026-09-02T14:55:16.1763427Z       11 |     // Should be redirected by proxy.ts to login
Core Validation & E2E	Run Playwright Tests	2026-09-02T14:55:16.1763832Z       12 |     await expect(page).toHaveURL(/.*\/login/);
Core Validation & E2E	Run Playwright Tests	2026-09-02T14:55:16.1764351Z     > 13 |     await expect(page.getByRole('heading', { name: 'Sign in' })).toBeVisible();
Core Validation & E2E	Run Playwright Tests	2026-09-02T14:55:16.1764874Z          |                                                                  ^
Core Validation & E2E	Run Playwright Tests	2026-09-02T14:55:16.1770977Z       14 |     await context.close();
Core Validation & E2E	Run Playwright Tests	2026-09-02T14:55:16.1771341Z       15 |   });
Core Validation & E2E	Run Playwright Tests	2026-09-02T14:55:16.1771601Z       16 |
Core Validation & E2E	Run Playwright Tests	2026-09-02T14:55:16.1772206Z         at /mnt/c/Users/krish/actions-runner/_work/ERP-1/ERP-1/apps/web/e2e/proxy-security.spec.ts:13:66
Core Validation & E2E	Run Playwright Tests	2026-09-02T14:55:16.1772709Z 
Core Validation & E2E	Run Playwright Tests	2026-09-02T14:55:16.1773415Z     Error Context: test-results/proxy-security-Proxy-Middl-28b94-user-is-redirected-to-login-chromium-guardian-retry2/error-context.md
Core Validation & E2E	Run Playwright Tests	2026-09-02T14:55:16.1774137Z 
Core Validation & E2E	Run Playwright Tests	2026-09-02T14:55:16.1774145Z 
Core Validation & E2E	Run Playwright Tests	2026-09-02T14:55:18.4448359Z [257/626] [chromium-guardian] › e2e/proxy-security.spec.ts:17:7 › Proxy / Middleware Runtime Security › Normal authenticated user is not incorrectly redirected
Core Validation & E2E	Run Playwright Tests	2026-09-02T14:55:19.4019573Z [258/626] [chromium-guardian] › e2e/proxy-security.spec.ts:25:7 › Proxy / Middleware Runtime Security › Logout remains usable
Core Validation & E2E	Run Playwright Tests	2026-09-02T14:55:49.3104358Z [259/626] (retries) [chromium-guardian] › e2e/proxy-security.spec.ts:25:7 › Proxy / Middleware Runtime Security › Logout remains usable (retry #1)
Core Validation & E2E	Run Playwright Tests	2026-09-02T14:56:19.6867205Z [260/626] (retries) [chromium-guardian] › e2e/proxy-security.spec.ts:25:7 › Proxy / Middleware Runtime Security › Logout remains usable (retry #2)
Core Validation & E2E	Run Playwright Tests	2026-09-02T14:56:47.0492145Z   12) [chromium-guardian] › e2e/proxy-security.spec.ts:25:7 › Proxy / Middleware Runtime Security › Logout remains usable 
Core Validation & E2E	Run Playwright Tests	2026-09-02T14:56:47.0492729Z 
Core Validation & E2E	Run Playwright Tests	2026-09-02T14:56:47.0493065Z     Test timeout of 30000ms exceeded.
Core Validation & E2E	Run Playwright Tests	2026-09-02T14:56:47.0493296Z 
Core Validation & E2E	Run Playwright Tests	2026-09-02T14:56:47.0493516Z     Error: locator.click: Test timeout of 30000ms exceeded.
Core Validation & E2E	Run Playwright Tests	2026-09-02T14:56:47.0493895Z     Call log:
Core Validation & E2E	Run Playwright Tests	2026-09-02T14:56:47.0494196Z       - waiting for getByRole('button', { name: 'Logout' })
Core Validation & E2E	Run Playwright Tests	2026-09-02T14:56:47.0494472Z 
Core Validation & E2E	Run Playwright Tests	2026-09-02T14:56:47.0494483Z 
Core Validation & E2E	Run Playwright Tests	2026-09-02T14:56:47.0494566Z       29 |     
Core Validation & E2E	Run Playwright Tests	2026-09-02T14:56:47.0494804Z       30 |     // Perform logout
Core Validation & E2E	Run Playwright Tests	2026-09-02T14:56:47.0495181Z     > 31 |     await page.getByRole('button', { name: 'Logout' }).click();
Core Validation & E2E	Run Playwright Tests	2026-09-02T14:56:47.0495601Z          |                                                        ^
Core Validation & E2E	Run Playwright Tests	2026-09-02T14:56:47.0495910Z       32 |     
Core Validation & E2E	Run Playwright Tests	2026-09-02T14:56:47.0496152Z       33 |     // Verify redirect to login
Core Validation & E2E	Run Playwright Tests	2026-09-02T14:56:47.0496488Z       34 |     await expect(page).toHaveURL(/.*\/login/);
Core Validation & E2E	Run Playwright Tests	2026-09-02T14:56:47.0497059Z         at /mnt/c/Users/krish/actions-runner/_work/ERP-1/ERP-1/apps/web/e2e/proxy-security.spec.ts:31:56
Core Validation & E2E	Run Playwright Tests	2026-09-02T14:56:47.0498005Z 
Core Validation & E2E	Run Playwright Tests	2026-09-02T14:56:47.0498956Z     Error Context: test-results/proxy-security-Proxy-Middl-2a5ca-urity-Logout-remains-usable-chromium-guardian/error-context.md
Core Validation & E2E	Run Playwright Tests	2026-09-02T14:56:47.0499602Z 
Core Validation & E2E	Run Playwright Tests	2026-09-02T14:56:47.0500266Z     Retry #1 ───────────────────────────────────────────────────────────────────────────────────────
Core Validation & E2E	Run Playwright Tests	2026-09-02T14:56:47.0500578Z 
Core Validation & E2E	Run Playwright Tests	2026-09-02T14:56:47.0500708Z     Test timeout of 30000ms exceeded.
Core Validation & E2E	Run Playwright Tests	2026-09-02T14:56:47.0500886Z 
Core Validation & E2E	Run Playwright Tests	2026-09-02T14:56:47.0501068Z     Error: locator.click: Test timeout of 30000ms exceeded.
Core Validation & E2E	Run Playwright Tests	2026-09-02T14:56:47.0501378Z     Call log:
Core Validation & E2E	Run Playwright Tests	2026-09-02T14:56:47.0501657Z       - waiting for getByRole('button', { name: 'Logout' })
Core Validation & E2E	Run Playwright Tests	2026-09-02T14:56:47.0506637Z 
Core Validation & E2E	Run Playwright Tests	2026-09-02T14:56:47.0506651Z 
Core Validation & E2E	Run Playwright Tests	2026-09-02T14:56:47.0506753Z       29 |     
Core Validation & E2E	Run Playwright Tests	2026-09-02T14:56:47.0506996Z       30 |     // Perform logout
Core Validation & E2E	Run Playwright Tests	2026-09-02T14:56:47.0507378Z     > 31 |     await page.getByRole('button', { name: 'Logout' }).click();
Core Validation & E2E	Run Playwright Tests	2026-09-02T14:56:47.0507790Z          |                                                        ^
Core Validation & E2E	Run Playwright Tests	2026-09-02T14:56:47.0508075Z       32 |     
Core Validation & E2E	Run Playwright Tests	2026-09-02T14:56:47.0508304Z       33 |     // Verify redirect to login
Core Validation & E2E	Run Playwright Tests	2026-09-02T14:56:47.0513154Z       34 |     await expect(page).toHaveURL(/.*\/login/);
Core Validation & E2E	Run Playwright Tests	2026-09-02T14:56:47.0514041Z         at /mnt/c/Users/krish/actions-runner/_work/ERP-1/ERP-1/apps/web/e2e/proxy-security.spec.ts:31:56
Core Validation & E2E	Run Playwright Tests	2026-09-02T14:56:47.0514450Z 
Core Validation & E2E	Run Playwright Tests	2026-09-02T14:56:47.0515353Z     Error Context: test-results/proxy-security-Proxy-Middl-2a5ca-urity-Logout-remains-usable-chromium-guardian-retry1/error-context.md
Core Validation & E2E	Run Playwright Tests	2026-09-02T14:56:47.0516401Z 
Core Validation & E2E	Run Playwright Tests	2026-09-02T14:56:47.0517051Z     attachment #2: trace (application/zip) ─────────────────────────────────────────────────────────
Core Validation & E2E	Run Playwright Tests	2026-09-02T14:56:47.0517893Z     test-results/proxy-security-Proxy-Middl-2a5ca-urity-Logout-remains-usable-chromium-guardian-retry1/trace.zip
Core Validation & E2E	Run Playwright Tests	2026-09-02T14:56:47.0518471Z     Usage:
Core Validation & E2E	Run Playwright Tests	2026-09-02T14:56:47.0518578Z 
Core Validation & E2E	Run Playwright Tests	2026-09-02T14:56:47.0519147Z         npx playwright show-trace test-results/proxy-security-Proxy-Middl-2a5ca-urity-Logout-remains-usable-chromium-guardian-retry1/trace.zip
Core Validation & E2E	Run Playwright Tests	2026-09-02T14:56:47.0519722Z 
Core Validation & E2E	Run Playwright Tests	2026-09-02T14:56:47.0520067Z     ────────────────────────────────────────────────────────────────────────────────────────────────
Core Validation & E2E	Run Playwright Tests	2026-09-02T14:56:47.0520360Z 
Core Validation & E2E	Run Playwright Tests	2026-09-02T14:56:47.0520979Z     Retry #2 ───────────────────────────────────────────────────────────────────────────────────────
Core Validation & E2E	Run Playwright Tests	2026-09-02T14:56:47.0521301Z 
Core Validation & E2E	Run Playwright Tests	2026-09-02T14:56:47.0521442Z     Test timeout of 30000ms exceeded.
Core Validation & E2E	Run Playwright Tests	2026-09-02T14:56:47.0521623Z 
Core Validation & E2E	Run Playwright Tests	2026-09-02T14:56:47.0521815Z     Error: locator.click: Test timeout of 30000ms exceeded.
Core Validation & E2E	Run Playwright Tests	2026-09-02T14:56:47.0522155Z     Call log:
Core Validation & E2E	Run Playwright Tests	2026-09-02T14:56:47.0522447Z       - waiting for getByRole('button', { name: 'Logout' })
Core Validation & E2E	Run Playwright Tests	2026-09-02T14:56:47.0522673Z 
Core Validation & E2E	Run Playwright Tests	2026-09-02T14:56:47.0522679Z 
Core Validation & E2E	Run Playwright Tests	2026-09-02T14:56:47.0522761Z       29 |     
Core Validation & E2E	Run Playwright Tests	2026-09-02T14:56:47.0522987Z       30 |     // Perform logout
Core Validation & E2E	Run Playwright Tests	2026-09-02T14:56:47.0523347Z     > 31 |     await page.getByRole('button', { name: 'Logout' }).click();
Core Validation & E2E	Run Playwright Tests	2026-09-02T14:56:47.0523751Z          |                                                        ^
Core Validation & E2E	Run Playwright Tests	2026-09-02T14:56:47.0524035Z       32 |     
Core Validation & E2E	Run Playwright Tests	2026-09-02T14:56:47.0524281Z       33 |     // Verify redirect to login
Core Validation & E2E	Run Playwright Tests	2026-09-02T14:56:47.0524623Z       34 |     await expect(page).toHaveURL(/.*\/login/);
Core Validation & E2E	Run Playwright Tests	2026-09-02T14:56:47.0525176Z         at /mnt/c/Users/krish/actions-runner/_work/ERP-1/ERP-1/apps/web/e2e/proxy-security.spec.ts:31:56
Core Validation & E2E	Run Playwright Tests	2026-09-02T14:56:47.0525551Z 
Core Validation & E2E	Run Playwright Tests	2026-09-02T14:56:47.0526395Z     Error Context: test-results/proxy-security-Proxy-Middl-2a5ca-urity-Logout-remains-usable-chromium-guardian-retry2/error-context.md
Core Validation & E2E	Run Playwright Tests	2026-09-02T14:56:47.0527236Z 
Core Validation & E2E	Run Playwright Tests	2026-09-02T14:56:47.0527251Z 
Core Validation & E2E	Run Playwright Tests	2026-09-02T14:56:49.7409453Z [261/626] [chromium-guardian] › e2e/proxy-security.spec.ts:42:9 › Proxy / Middleware Runtime Security › Password Reset Flow › User requiring password reset is redirected to /auth/update-password
Core Validation & E2E	Run Playwright Tests	2026-09-02T14:56:57.1985506Z [262/626] (retries) [chromium-guardian] › e2e/proxy-security.spec.ts:42:9 › Proxy / Middleware Runtime Security › Password Reset Flow › User requiring password reset is redirected to /auth/update-password (retry #1)
Core Validation & E2E	Run Playwright Tests	2026-09-02T14:57:05.6954009Z [263/626] (retries) [chromium-guardian] › e2e/proxy-security.spec.ts:42:9 › Proxy / Middleware Runtime Security › Password Reset Flow › User requiring password reset is redirected to /auth/update-password (retry #2)
Core Validation & E2E	Run Playwright Tests	2026-09-02T14:57:10.9389019Z   13) [chromium-guardian] › e2e/proxy-security.spec.ts:42:9 › Proxy / Middleware Runtime Security › Password Reset Flow › User requiring password reset is redirected to /auth/update-password 
Core Validation & E2E	Run Playwright Tests	2026-09-02T14:57:10.9390391Z 
Core Validation & E2E	Run Playwright Tests	2026-09-02T14:57:10.9396618Z     Error: expect(page).toHaveURL(expected) failed
Core Validation & E2E	Run Playwright Tests	2026-09-02T14:57:10.9397102Z 
Core Validation & E2E	Run Playwright Tests	2026-09-02T14:57:10.9397480Z     Expected pattern: /.*\/auth\/update-password/
Core Validation & E2E	Run Playwright Tests	2026-09-02T14:57:10.9397973Z     Received string:  "http://localhost:3000/login"
Core Validation & E2E	Run Playwright Tests	2026-09-02T14:57:10.9398300Z     Timeout: 5000ms
Core Validation & E2E	Run Playwright Tests	2026-09-02T14:57:10.9398439Z 
Core Validation & E2E	Run Playwright Tests	2026-09-02T14:57:10.9398522Z     Call log:
Core Validation & E2E	Run Playwright Tests	2026-09-02T14:57:10.9398799Z       - Expect "toHaveURL" with timeout 5000ms
Core Validation & E2E	Run Playwright Tests	2026-09-02T14:57:10.9399509Z         14 × locator resolved to <html lang="en" class="h-full antialiased">…</html>
Core Validation & E2E	Run Playwright Tests	2026-09-02T14:57:10.9406512Z            - unexpected value "http://localhost:3000/login"
Core Validation & E2E	Run Playwright Tests	2026-09-02T14:57:10.9406782Z 
Core Validation & E2E	Run Playwright Tests	2026-09-02T14:57:10.9406789Z 
Core Validation & E2E	Run Playwright Tests	2026-09-02T14:57:10.9406877Z       51 |
Core Validation & E2E	Run Playwright Tests	2026-09-02T14:57:10.9407198Z       52 |       // Should be forced to update-password
Core Validation & E2E	Run Playwright Tests	2026-09-02T14:57:10.9407829Z     > 53 |       await expect(page).toHaveURL(/.*\/auth\/update-password/);
Core Validation & E2E	Run Playwright Tests	2026-09-02T14:57:10.9408528Z          |                          ^
Core Validation & E2E	Run Playwright Tests	2026-09-02T14:57:10.9409360Z       54 |       await expect(page.getByRole('heading', { name: 'Update Password' })).toBeVisible();
Core Validation & E2E	Run Playwright Tests	2026-09-02T14:57:10.9409869Z       55 |
Core Validation & E2E	Run Playwright Tests	2026-09-02T14:57:10.9410275Z       56 |       // Trying to navigate to a protected page directly should still redirect
Core Validation & E2E	Run Playwright Tests	2026-09-02T14:57:10.9410964Z         at /mnt/c/Users/krish/actions-runner/_work/ERP-1/ERP-1/apps/web/e2e/proxy-security.spec.ts:53:26
Core Validation & E2E	Run Playwright Tests	2026-09-02T14:57:10.9411360Z 
Core Validation & E2E	Run Playwright Tests	2026-09-02T14:57:10.9411878Z     Error Context: test-results/proxy-security-Proxy-Middl-e4437-ted-to-auth-update-password-chromium-guardian/error-context.md
Core Validation & E2E	Run Playwright Tests	2026-09-02T14:57:10.9412445Z 
Core Validation & E2E	Run Playwright Tests	2026-09-02T14:57:10.9412947Z     Retry #1 ───────────────────────────────────────────────────────────────────────────────────────
Core Validation & E2E	Run Playwright Tests	2026-09-02T14:57:10.9413256Z 
Core Validation & E2E	Run Playwright Tests	2026-09-02T14:57:10.9413426Z     Error: expect(page).toHaveURL(expected) failed
Core Validation & E2E	Run Playwright Tests	2026-09-02T14:57:10.9413639Z 
Core Validation & E2E	Run Playwright Tests	2026-09-02T14:57:10.9413797Z     Expected pattern: /.*\/auth\/update-password/
Core Validation & E2E	Run Playwright Tests	2026-09-02T14:57:10.9414172Z     Received string:  "http://localhost:3000/login"
Core Validation & E2E	Run Playwright Tests	2026-09-02T14:57:10.9414747Z     Timeout: 5000ms
Core Validation & E2E	Run Playwright Tests	2026-09-02T14:57:10.9414912Z 
Core Validation & E2E	Run Playwright Tests	2026-09-02T14:57:10.9415003Z     Call log:
Core Validation & E2E	Run Playwright Tests	2026-09-02T14:57:10.9415280Z       - Expect "toHaveURL" with timeout 5000ms
Core Validation & E2E	Run Playwright Tests	2026-09-02T14:57:10.9415874Z         14 × locator resolved to <html lang="en" class="h-full antialiased">…</html>
Core Validation & E2E	Run Playwright Tests	2026-09-02T14:57:10.9416391Z            - unexpected value "http://localhost:3000/login"
Core Validation & E2E	Run Playwright Tests	2026-09-02T14:57:10.9416644Z 
Core Validation & E2E	Run Playwright Tests	2026-09-02T14:57:10.9416650Z 
Core Validation & E2E	Run Playwright Tests	2026-09-02T14:57:10.9416730Z       51 |
Core Validation & E2E	Run Playwright Tests	2026-09-02T14:57:10.9417030Z       52 |       // Should be forced to update-password
Core Validation & E2E	Run Playwright Tests	2026-09-02T14:57:10.9417473Z     > 53 |       await expect(page).toHaveURL(/.*\/auth\/update-password/);
Core Validation & E2E	Run Playwright Tests	2026-09-02T14:57:10.9417868Z          |                          ^
Core Validation & E2E	Run Playwright Tests	2026-09-02T14:57:10.9418354Z       54 |       await expect(page.getByRole('heading', { name: 'Update Password' })).toBeVisible();
Core Validation & E2E	Run Playwright Tests	2026-09-02T14:57:10.9418787Z       55 |
Core Validation & E2E	Run Playwright Tests	2026-09-02T14:57:10.9419170Z       56 |       // Trying to navigate to a protected page directly should still redirect
Core Validation & E2E	Run Playwright Tests	2026-09-02T14:57:10.9420010Z         at /mnt/c/Users/krish/actions-runner/_work/ERP-1/ERP-1/apps/web/e2e/proxy-security.spec.ts:53:26
Core Validation & E2E	Run Playwright Tests	2026-09-02T14:57:10.9420405Z 
Core Validation & E2E	Run Playwright Tests	2026-09-02T14:57:10.9420969Z     Error Context: test-results/proxy-security-Proxy-Middl-e4437-ted-to-auth-update-password-chromium-guardian-retry1/error-context.md
Core Validation & E2E	Run Playwright Tests	2026-09-02T14:57:10.9421580Z 
Core Validation & E2E	Run Playwright Tests	2026-09-02T14:57:10.9422000Z     attachment #2: trace (application/zip) ─────────────────────────────────────────────────────────
Core Validation & E2E	Run Playwright Tests	2026-09-02T14:57:10.9422834Z     test-results/proxy-security-Proxy-Middl-e4437-ted-to-auth-update-password-chromium-guardian-retry1/trace.zip
Core Validation & E2E	Run Playwright Tests	2026-09-02T14:57:10.9423411Z     Usage:
Core Validation & E2E	Run Playwright Tests	2026-09-02T14:57:10.9423520Z 
Core Validation & E2E	Run Playwright Tests	2026-09-02T14:57:10.9424101Z         npx playwright show-trace test-results/proxy-security-Proxy-Middl-e4437-ted-to-auth-update-password-chromium-guardian-retry1/trace.zip
Core Validation & E2E	Run Playwright Tests	2026-09-02T14:57:10.9424700Z 
Core Validation & E2E	Run Playwright Tests	2026-09-02T14:57:10.9425052Z     ────────────────────────────────────────────────────────────────────────────────────────────────
Core Validation & E2E	Run Playwright Tests	2026-09-02T14:57:10.9431133Z 
Core Validation & E2E	Run Playwright Tests	2026-09-02T14:57:10.9431682Z     Retry #2 ───────────────────────────────────────────────────────────────────────────────────────
Core Validation & E2E	Run Playwright Tests	2026-09-02T14:57:10.9432018Z 
Core Validation & E2E	Run Playwright Tests	2026-09-02T14:57:10.9432197Z     Error: expect(page).toHaveURL(expected) failed
Core Validation & E2E	Run Playwright Tests	2026-09-02T14:57:10.9432430Z 
Core Validation & E2E	Run Playwright Tests	2026-09-02T14:57:10.9432596Z     Expected pattern: /.*\/auth\/update-password/
Core Validation & E2E	Run Playwright Tests	2026-09-02T14:57:10.9433002Z     Received string:  "http://localhost:3000/login"
Core Validation & E2E	Run Playwright Tests	2026-09-02T14:57:10.9439631Z     Timeout: 5000ms
Core Validation & E2E	Run Playwright Tests	2026-09-02T14:57:10.9439785Z 
Core Validation & E2E	Run Playwright Tests	2026-09-02T14:57:10.9439883Z     Call log:
Core Validation & E2E	Run Playwright Tests	2026-09-02T14:57:10.9440165Z       - Expect "toHaveURL" with timeout 5000ms
Core Validation & E2E	Run Playwright Tests	2026-09-02T14:57:10.9440806Z         14 × locator resolved to <html lang="en" class="h-full antialiased">…</html>
Core Validation & E2E	Run Playwright Tests	2026-09-02T14:57:10.9441330Z            - unexpected value "http://localhost:3000/login"
Core Validation & E2E	Run Playwright Tests	2026-09-02T14:57:10.9441758Z 
Core Validation & E2E	Run Playwright Tests	2026-09-02T14:57:10.9441767Z 
Core Validation & E2E	Run Playwright Tests	2026-09-02T14:57:10.9441860Z       51 |
Core Validation & E2E	Run Playwright Tests	2026-09-02T14:57:10.9442171Z       52 |       // Should be forced to update-password
Core Validation & E2E	Run Playwright Tests	2026-09-02T14:57:10.9442619Z     > 53 |       await expect(page).toHaveURL(/.*\/auth\/update-password/);
Core Validation & E2E	Run Playwright Tests	2026-09-02T14:57:10.9443011Z          |                          ^
Core Validation & E2E	Run Playwright Tests	2026-09-02T14:57:10.9443495Z       54 |       await expect(page.getByRole('heading', { name: 'Update Password' })).toBeVisible();
Core Validation & E2E	Run Playwright Tests	2026-09-02T14:57:10.9443940Z       55 |
Core Validation & E2E	Run Playwright Tests	2026-09-02T14:57:10.9444303Z       56 |       // Trying to navigate to a protected page directly should still redirect
Core Validation & E2E	Run Playwright Tests	2026-09-02T14:57:10.9444983Z         at /mnt/c/Users/krish/actions-runner/_work/ERP-1/ERP-1/apps/web/e2e/proxy-security.spec.ts:53:26
Core Validation & E2E	Run Playwright Tests	2026-09-02T14:57:10.9445387Z 
Core Validation & E2E	Run Playwright Tests	2026-09-02T14:57:10.9445950Z     Error Context: test-results/proxy-security-Proxy-Middl-e4437-ted-to-auth-update-password-chromium-guardian-retry2/error-context.md
Core Validation & E2E	Run Playwright Tests	2026-09-02T14:57:10.9446545Z 
Core Validation & E2E	Run Playwright Tests	2026-09-02T14:57:10.9446552Z 
Core Validation & E2E	Run Playwright Tests	2026-09-02T14:57:12.9909767Z [264/626] [chromium-guardian] › e2e/scheduling.spec.ts:13:7 › Scheduling Management › Branch Admin can manage rooms, bell schedules, and periods
Core Validation & E2E	Run Playwright Tests	2026-09-02T14:57:13.1538525Z [265/626] [chromium-guardian] › e2e/scheduling.spec.ts:99:7 › Scheduling Security - Teacher Role › Teacher cannot perform administrative mutations
Core Validation & E2E	Run Playwright Tests	2026-09-02T14:57:13.1914735Z [266/626] [chromium-guardian] › e2e/scheduling.spec.ts:119:7 › Scheduling Security - Cross Branch › Cross-branch manipulation is rejected
Core Validation & E2E	Run Playwright Tests	2026-09-02T14:57:15.0365821Z [267/626] [chromium-guardian] › e2e/storage.spec.ts:34:7 › Storage Runtime Authorization (Communication) › Teacher can upload attachment to their own draft and unauthorized users cannot read
Core Validation & E2E	Run Playwright Tests	2026-09-02T14:57:15.1207959Z [268/626] [chromium-guardian] › e2e/students-security.spec.ts:17:7 › Students Page Authorization › Branch Admin can access /students for their own branch
Core Validation & E2E	Run Playwright Tests	2026-09-02T14:57:15.3621119Z [269/626] [chromium-guardian] › e2e/students-security.spec.ts:35:7 › Students Page Authorization › Teacher can access /students in read-only mode
Core Validation & E2E	Run Playwright Tests	2026-09-02T14:57:15.4481945Z [270/626] [chromium-guardian] › e2e/students-security.spec.ts:52:7 › Students Page Authorization › Students page rejects access with invalid branch context
Core Validation & E2E	Run Playwright Tests	2026-09-02T14:57:15.5334579Z [271/626] [chromium-guardian] › e2e/students-security.spec.ts:67:7 › Students/New Page Authorization › Branch Admin can access /students/new for their branch
Core Validation & E2E	Run Playwright Tests	2026-09-02T14:57:15.6138825Z [272/626] [chromium-guardian] › e2e/students-security.spec.ts:80:7 › Students/New Page Authorization › Teacher cannot access /students/new (read-only role)
Core Validation & E2E	Run Playwright Tests	2026-09-02T14:57:15.6933473Z [273/626] [chromium-guardian] › e2e/students-security.spec.ts:91:7 › Students/New Page Authorization › Students/new page does not contain hardcoded branch/org IDs
Core Validation & E2E	Run Playwright Tests	2026-09-02T14:57:15.7677761Z [274/626] [chromium-guardian] › e2e/students-security.spec.ts:104:7 › Students/New Page Authorization › Students/new rejects cross-branch access
Core Validation & E2E	Run Playwright Tests	2026-09-02T14:57:15.8406517Z [275/626] [chromium-guardian] › e2e/students-security.spec.ts:119:7 › Students Detail Page Authorization › Student detail page enforces branch context
Core Validation & E2E	Run Playwright Tests	2026-09-02T14:57:15.9141951Z [276/626] [chromium-guardian] › e2e/students-security.spec.ts:131:7 › Students Detail Page Authorization › Student detail page rejects cross-branch access
Core Validation & E2E	Run Playwright Tests	2026-09-02T14:57:16.0297185Z [277/626] [chromium-guardian] › e2e/substitutions.spec.ts:33:7 › Substitutions Management › Branch Admin CRUD & Conflicts › should manage substitutions and handle conflicts
Core Validation & E2E	Run Playwright Tests	2026-09-02T14:57:16.0661970Z [278/626] [chromium-guardian] › e2e/substitutions.spec.ts:281:9 › Substitutions Management › Teacher Roles › should view substitutions but cannot create
Core Validation & E2E	Run Playwright Tests	2026-09-02T14:57:16.1299351Z [279/626] [chromium-guardian] › e2e/timetable.spec.ts:27:9 › Timetable Management › Branch Admin CRUD & Conflicts › should manage timetable entries and handle conflicts
Core Validation & E2E	Run Playwright Tests	2026-09-02T14:57:16.1589327Z [280/626] [chromium-guardian] › e2e/timetable.spec.ts:168:9 › Timetable Management › Teacher Roles › should view timetable but cannot create entries
Core Validation & E2E	Run Playwright Tests	2026-09-02T14:57:18.3922334Z [281/626] [mobile-chrome-superadmin] › e2e/academic-structure.spec.ts:6:7 › Academic Structure Role Tests › Teacher gets Access Denied when trying to create and sees branch identity without switching
Core Validation & E2E	Run Playwright Tests	2026-09-02T14:57:18.7789432Z [282/626] [mobile-chrome-superadmin] › e2e/academic-structure.spec.ts:22:7 › Academic Structure Role Tests › Branch Admin can create, edit, and delete an Academic Year but cannot switch branch
Core Validation & E2E	Run Playwright Tests	2026-09-02T14:57:18.8745189Z [283/626] [mobile-chrome-superadmin] › e2e/academic-structure.spec.ts:58:7 › Academic Structure Role Tests › Branch Admin attempting to access another branch resource is denied
Core Validation & E2E	Run Playwright Tests	2026-09-02T14:57:19.0123188Z [284/626] [mobile-chrome-superadmin] › e2e/adversarial-security.spec.ts:38:9 › Adversarial Server-Boundary Security › Teacher Role Mutations › Teacher cannot mutate attendance for unauthorized branch
Core Validation & E2E	Run Playwright Tests	2026-09-02T14:57:19.0499595Z [285/626] [mobile-chrome-superadmin] › e2e/adversarial-security.spec.ts:63:9 › Adversarial Server-Boundary Security › Teacher Role Mutations › Teacher cannot mutate homework for unauthorized branch
Core Validation & E2E	Run Playwright Tests	2026-09-02T14:57:19.0804827Z [286/626] [mobile-chrome-superadmin] › e2e/adversarial-security.spec.ts:104:9 › Adversarial Server-Boundary Security › Teacher Role Mutations › Teacher cannot publish communication messages (admin-only)
Core Validation & E2E	Run Playwright Tests	2026-09-02T14:57:19.1152624Z [287/626] [mobile-chrome-superadmin] › e2e/adversarial-security.spec.ts:131:9 › Adversarial Server-Boundary Security › Teacher Role Mutations › Teacher cannot mutate a locked attendance session directly via RPC
Core Validation & E2E	Run Playwright Tests	2026-09-02T14:57:19.1469897Z [288/626] [mobile-chrome-superadmin] › e2e/adversarial-security.spec.ts:176:9 › Adversarial Server-Boundary Security › Guardian Role Mutations › Guardian cannot mutate attendance for their own child
Core Validation & E2E	Run Playwright Tests	2026-09-02T14:57:19.2111075Z [289/626] [mobile-chrome-superadmin] › e2e/app-config.spec.ts:5:7 › App Config Admin Tests › Teacher gets Access Denied when trying to access app config
Core Validation & E2E	Run Playwright Tests	2026-09-02T14:57:19.2851702Z [290/626] [mobile-chrome-superadmin] › e2e/app-config.spec.ts:15:7 › App Config Admin Tests › Branch Admin can view and edit their branch app config
Core Validation & E2E	Run Playwright Tests	2026-09-02T14:57:19.3602196Z [291/626] [mobile-chrome-superadmin] › e2e/app-config.spec.ts:40:7 › App Config Admin Tests › Super Admin can view and edit app configs across branches
Core Validation & E2E	Run Playwright Tests	2026-09-02T14:57:20.3011052Z [292/626] [mobile-chrome-superadmin] › e2e/attendance.spec.ts:11:9 › Attendance Management › Teacher Flow (chromium-teacher) › Teacher can mark, save, and lock attendance
Core Validation & E2E	Run Playwright Tests	2026-09-02T14:57:20.3368798Z [293/626] [mobile-chrome-superadmin] › e2e/attendance.spec.ts:64:9 › Attendance Management › Teacher Flow (chromium-teacher) › Teacher cannot bypass authorization for another branch
Core Validation & E2E	Run Playwright Tests	2026-09-02T14:57:20.3673733Z [294/626] [mobile-chrome-superadmin] › e2e/attendance.spec.ts:76:9 › Attendance Management › Branch Admin Flow (chromium-branchadmin) › Admin can mark, save, lock, publish, and correct attendance
Core Validation & E2E	Run Playwright Tests	2026-09-02T14:57:20.3955788Z [295/626] [mobile-chrome-superadmin] › e2e/attendance.spec.ts:145:9 › Attendance Management › Guardian History Flow (chromium-guardian) › Guardian can view published absences
Core Validation & E2E	Run Playwright Tests	2026-09-02T14:57:20.4242898Z [296/626] [mobile-chrome-superadmin] › e2e/attendance.spec.ts:155:9 › Attendance Management › Guardian History Flow (chromium-guardian) › Guardian cannot access attendance entry page
Core Validation & E2E	Run Playwright Tests	2026-09-02T14:57:20.4842865Z [297/626] [mobile-chrome-superadmin] › e2e/auth-password-reset.spec.ts:7:7 › Temporary Credentials Enforcement › User with force_password_reset=true is redirected and can reset
Core Validation & E2E	Run Playwright Tests	2026-09-02T14:57:20.5493704Z [298/626] [mobile-chrome-superadmin] › e2e/auth-password-reset.spec.ts:62:7 › Temporary Credentials Enforcement › Normal user without force_password_reset can login normally
Core Validation & E2E	Run Playwright Tests	2026-09-02T14:57:24.7696172Z [299/626] [mobile-chrome-superadmin] › e2e/branch-context.spec.ts:39:9 › branch-context authorization helpers › Super Admin Semantics › auth_is_super_admin() is true
Core Validation & E2E	Run Playwright Tests	2026-09-02T14:57:24.7830538Z [300/626] [mobile-chrome-superadmin] › e2e/branch-context.spec.ts:44:9 › branch-context authorization helpers › Super Admin Semantics › auth_has_org_access() is true for authorized org
Core Validation & E2E	Run Playwright Tests	2026-09-02T14:57:24.8018896Z [301/626] [mobile-chrome-superadmin] › e2e/branch-context.spec.ts:49:9 › branch-context authorization helpers › Super Admin Semantics › auth_has_branch_membership() is true for branch in authorized org
Core Validation & E2E	Run Playwright Tests	2026-09-02T14:57:24.8159738Z [302/626] [mobile-chrome-superadmin] › e2e/branch-context.spec.ts:53:9 › branch-context authorization helpers › Super Admin Semantics › auth_has_branch_membership() is false for branch in unauthorized org
Core Validation & E2E	Run Playwright Tests	2026-09-02T14:57:24.8319374Z [303/626] [mobile-chrome-superadmin] › e2e/branch-context.spec.ts:57:9 › branch-context authorization helpers › Super Admin Semantics › auth_has_branch_role() is false unless an explicit real role assignment exists
Core Validation & E2E	Run Playwright Tests	2026-09-02T14:57:24.8474815Z [304/626] [mobile-chrome-superadmin] › e2e/branch-context.spec.ts:68:9 › branch-context authorization helpers › Branch Admin Semantics › branchadmin role is true for own branch
Core Validation & E2E	Run Playwright Tests	2026-09-02T14:57:24.8617293Z [305/626] [mobile-chrome-superadmin] › e2e/branch-context.spec.ts:72:9 › branch-context authorization helpers › Branch Admin Semantics › teacher role is false unless explicitly assigned
Core Validation & E2E	Run Playwright Tests	2026-09-02T14:57:24.8739492Z [306/626] [mobile-chrome-superadmin] › e2e/branch-context.spec.ts:76:9 › branch-context authorization helpers › Branch Admin Semantics › other branch is false
Core Validation & E2E	Run Playwright Tests	2026-09-02T14:57:24.8949127Z [307/626] [mobile-chrome-superadmin] › e2e/branch-context.spec.ts:80:9 › branch-context authorization helpers › Branch Admin Semantics › wrong org is false
Core Validation & E2E	Run Playwright Tests	2026-09-02T14:57:24.9393466Z [308/626] [mobile-chrome-superadmin] › e2e/branch-context.spec.ts:86:9 › branch-context authorization helpers › Teacher Semantics › teacher role is true in own branch
Core Validation & E2E	Run Playwright Tests	2026-09-02T14:57:24.9619054Z [309/626] [mobile-chrome-superadmin] › e2e/branch-context.spec.ts:90:9 › branch-context authorization helpers › Teacher Semantics › branchadmin role is false
Core Validation & E2E	Run Playwright Tests	2026-09-02T14:57:24.9757961Z [310/626] [mobile-chrome-superadmin] › e2e/branch-context.spec.ts:94:9 › branch-context authorization helpers › Teacher Semantics › other branch is false
Core Validation & E2E	Run Playwright Tests	2026-09-02T14:57:24.9908271Z [311/626] [mobile-chrome-superadmin] › e2e/branch-context.spec.ts:98:9 › branch-context authorization helpers › Teacher Semantics › wrong org is false
Core Validation & E2E	Run Playwright Tests	2026-09-02T14:57:25.0363587Z [312/626] [mobile-chrome-superadmin] › e2e/calendar.spec.ts:24:7 › Calendar UI › Teacher cannot mutate calendar events or operating days
Core Validation & E2E	Run Playwright Tests	2026-09-02T14:57:25.1108787Z [313/626] [mobile-chrome-superadmin] › e2e/calendar.spec.ts:79:9 › Calendar UI › Branch Admin Calendar Mutations › Branch Admin can manage operating days
Core Validation & E2E	Run Playwright Tests	2026-09-02T14:57:25.1913722Z [314/626] [mobile-chrome-superadmin] › e2e/calendar.spec.ts:128:9 › Calendar UI › Branch Admin Calendar Mutations › Branch Admin can create, edit, and archive calendar events
Core Validation & E2E	Run Playwright Tests	2026-09-02T14:57:25.3507356Z [315/626] [mobile-chrome-superadmin] › e2e/communication.spec.ts:5:7 › Communication End-to-End Workflows › Branch Admin can create an announcement and view it in Sent
Core Validation & E2E	Run Playwright Tests	2026-09-02T14:57:25.4450118Z [316/626] [mobile-chrome-superadmin] › e2e/communication.spec.ts:26:7 › Communication End-to-End Workflows › Teacher can create class announcement and branch-wide targeting is denied
Core Validation & E2E	Run Playwright Tests	2026-09-02T14:57:25.4587828Z [317/626] [mobile-chrome-superadmin] › e2e/communication.spec.ts:61:7 › Communication End-to-End Workflows › Recipient can view message in inbox
Core Validation & E2E	Run Playwright Tests	2026-09-02T14:57:25.4817630Z [318/626] [mobile-chrome-superadmin] › e2e/communication.spec.ts:163:7 › Communication End-to-End Workflows › Teacher rate limit enforces exactly 5 messages per day
Core Validation & E2E	Run Playwright Tests	2026-09-02T14:57:25.5343470Z [319/626] [mobile-chrome-superadmin] › e2e/homework.spec.ts:11:9 › Homework E2E - Phase 5 › Teacher Creation Flow › Teacher creates, saves draft, and publishes
Core Validation & E2E	Run Playwright Tests	2026-09-02T14:57:25.5607745Z [320/626] [mobile-chrome-superadmin] › e2e/homework.spec.ts:63:9 › Homework E2E - Phase 5 › Guardian View Flow › Guardian views homework but cannot submit
Core Validation & E2E	Run Playwright Tests	2026-09-02T14:57:25.5891929Z [321/626] [mobile-chrome-superadmin] › e2e/homework.spec.ts:86:9 › Homework E2E - Phase 5 › Unauthorized Access › Unauthorized access to creation page is blocked
Core Validation & E2E	Run Playwright Tests	2026-09-02T14:57:25.6508934Z [322/626] [mobile-chrome-superadmin] › e2e/proxy-security.spec.ts:5:7 › Proxy / Middleware Runtime Security › Unauthenticated user is redirected to /login
Core Validation & E2E	Run Playwright Tests	2026-09-02T14:57:32.7644582Z [323/626] (retries) [mobile-chrome-superadmin] › e2e/proxy-security.spec.ts:5:7 › Proxy / Middleware Runtime Security › Unauthenticated user is redirected to /login (retry #1)
Core Validation & E2E	Run Playwright Tests	2026-09-02T14:57:40.9406161Z [324/626] (retries) [mobile-chrome-superadmin] › e2e/proxy-security.spec.ts:5:7 › Proxy / Middleware Runtime Security › Unauthenticated user is redirected to /login (retry #2)
Core Validation & E2E	Run Playwright Tests	2026-09-02T14:57:46.1829354Z   14) [mobile-chrome-superadmin] › e2e/proxy-security.spec.ts:5:7 › Proxy / Middleware Runtime Security › Unauthenticated user is redirected to /login 
Core Validation & E2E	Run Playwright Tests	2026-09-02T14:57:46.1830140Z 
Core Validation & E2E	Run Playwright Tests	2026-09-02T14:57:46.1830469Z     Error: expect(locator).toBeVisible() failed
Core Validation & E2E	Run Playwright Tests	2026-09-02T14:57:46.1830890Z 
Core Validation & E2E	Run Playwright Tests	2026-09-02T14:57:46.1831195Z     Locator: getByRole('heading', { name: 'Sign in' })
Core Validation & E2E	Run Playwright Tests	2026-09-02T14:57:46.1831913Z     Expected: visible
Core Validation & E2E	Run Playwright Tests	2026-09-02T14:57:46.1832207Z     Timeout: 5000ms
Core Validation & E2E	Run Playwright Tests	2026-09-02T14:57:46.1832638Z     Error: element(s) not found
Core Validation & E2E	Run Playwright Tests	2026-09-02T14:57:46.1832926Z 
Core Validation & E2E	Run Playwright Tests	2026-09-02T14:57:46.1833081Z     Call log:
Core Validation & E2E	Run Playwright Tests	2026-09-02T14:57:46.1833649Z       - Expect "toBeVisible" with timeout 5000ms
Core Validation & E2E	Run Playwright Tests	2026-09-02T14:57:46.1834368Z       - waiting for getByRole('heading', { name: 'Sign in' })
Core Validation & E2E	Run Playwright Tests	2026-09-02T14:57:46.1834869Z 
Core Validation & E2E	Run Playwright Tests	2026-09-02T14:57:46.1834885Z 
Core Validation & E2E	Run Playwright Tests	2026-09-02T14:57:46.1835188Z       11 |     // Should be redirected by proxy.ts to login
Core Validation & E2E	Run Playwright Tests	2026-09-02T14:57:46.1835950Z       12 |     await expect(page).toHaveURL(/.*\/login/);
Core Validation & E2E	Run Playwright Tests	2026-09-02T14:57:46.1836966Z     > 13 |     await expect(page.getByRole('heading', { name: 'Sign in' })).toBeVisible();
Core Validation & E2E	Run Playwright Tests	2026-09-02T14:57:46.1837857Z          |                                                                  ^
Core Validation & E2E	Run Playwright Tests	2026-09-02T14:57:46.1845524Z       14 |     await context.close();
Core Validation & E2E	Run Playwright Tests	2026-09-02T14:57:46.1845952Z       15 |   });
Core Validation & E2E	Run Playwright Tests	2026-09-02T14:57:46.1846272Z       16 |
Core Validation & E2E	Run Playwright Tests	2026-09-02T14:57:46.1847000Z         at /mnt/c/Users/krish/actions-runner/_work/ERP-1/ERP-1/apps/web/e2e/proxy-security.spec.ts:13:66
Core Validation & E2E	Run Playwright Tests	2026-09-02T14:57:46.1876686Z 
Core Validation & E2E	Run Playwright Tests	2026-09-02T14:57:46.1877679Z     Error Context: test-results/proxy-security-Proxy-Middl-28b94-user-is-redirected-to-login-mobile-chrome-superadmin/error-context.md
Core Validation & E2E	Run Playwright Tests	2026-09-02T14:57:46.1878461Z 
Core Validation & E2E	Run Playwright Tests	2026-09-02T14:57:46.1879190Z     Retry #1 ───────────────────────────────────────────────────────────────────────────────────────
Core Validation & E2E	Run Playwright Tests	2026-09-02T14:57:46.1885896Z 
Core Validation & E2E	Run Playwright Tests	2026-09-02T14:57:46.1886142Z     Error: expect(locator).toBeVisible() failed
Core Validation & E2E	Run Playwright Tests	2026-09-02T14:57:46.1886429Z 
Core Validation & E2E	Run Playwright Tests	2026-09-02T14:57:46.1886666Z     Locator: getByRole('heading', { name: 'Sign in' })
Core Validation & E2E	Run Playwright Tests	2026-09-02T14:57:46.1887053Z     Expected: visible
Core Validation & E2E	Run Playwright Tests	2026-09-02T14:57:46.1887335Z     Timeout: 5000ms
Core Validation & E2E	Run Playwright Tests	2026-09-02T14:57:46.1887584Z     Error: element(s) not found
Core Validation & E2E	Run Playwright Tests	2026-09-02T14:57:46.1887777Z 
Core Validation & E2E	Run Playwright Tests	2026-09-02T14:57:46.1887858Z     Call log:
Core Validation & E2E	Run Playwright Tests	2026-09-02T14:57:46.1888136Z       - Expect "toBeVisible" with timeout 5000ms
Core Validation & E2E	Run Playwright Tests	2026-09-02T14:57:46.1888535Z       - waiting for getByRole('heading', { name: 'Sign in' })
Core Validation & E2E	Run Playwright Tests	2026-09-02T14:57:46.1888774Z 
Core Validation & E2E	Run Playwright Tests	2026-09-02T14:57:46.1888780Z 
Core Validation & E2E	Run Playwright Tests	2026-09-02T14:57:46.1888958Z       11 |     // Should be redirected by proxy.ts to login
Core Validation & E2E	Run Playwright Tests	2026-09-02T14:57:46.1889340Z       12 |     await expect(page).toHaveURL(/.*\/login/);
Core Validation & E2E	Run Playwright Tests	2026-09-02T14:57:46.1889831Z     > 13 |     await expect(page.getByRole('heading', { name: 'Sign in' })).toBeVisible();
Core Validation & E2E	Run Playwright Tests	2026-09-02T14:57:46.1890341Z          |                                                                  ^
Core Validation & E2E	Run Playwright Tests	2026-09-02T14:57:46.1891081Z       14 |     await context.close();
Core Validation & E2E	Run Playwright Tests	2026-09-02T14:57:46.1891430Z       15 |   });
Core Validation & E2E	Run Playwright Tests	2026-09-02T14:57:46.1891642Z       16 |
Core Validation & E2E	Run Playwright Tests	2026-09-02T14:57:46.1892166Z         at /mnt/c/Users/krish/actions-runner/_work/ERP-1/ERP-1/apps/web/e2e/proxy-security.spec.ts:13:66
Core Validation & E2E	Run Playwright Tests	2026-09-02T14:57:46.1892600Z 
Core Validation & E2E	Run Playwright Tests	2026-09-02T14:57:46.1893879Z     Error Context: test-results/proxy-security-Proxy-Middl-28b94-user-is-redirected-to-login-mobile-chrome-superadmin-retry1/error-context.md
Core Validation & E2E	Run Playwright Tests	2026-09-02T14:57:46.1894788Z 
Core Validation & E2E	Run Playwright Tests	2026-09-02T14:57:46.1895367Z     attachment #2: trace (application/zip) ─────────────────────────────────────────────────────────
Core Validation & E2E	Run Playwright Tests	2026-09-02T14:57:46.1897248Z     test-results/proxy-security-Proxy-Middl-28b94-user-is-redirected-to-login-mobile-chrome-superadmin-retry1/trace.zip
Core Validation & E2E	Run Playwright Tests	2026-09-02T14:57:46.1898384Z     Usage:
Core Validation & E2E	Run Playwright Tests	2026-09-02T14:57:46.1898575Z 
Core Validation & E2E	Run Playwright Tests	2026-09-02T14:57:46.1899726Z         npx playwright show-trace test-results/proxy-security-Proxy-Middl-28b94-user-is-redirected-to-login-mobile-chrome-superadmin-retry1/trace.zip
Core Validation & E2E	Run Playwright Tests	2026-09-02T14:57:46.1900852Z 
Core Validation & E2E	Run Playwright Tests	2026-09-02T14:57:46.1901593Z     ────────────────────────────────────────────────────────────────────────────────────────────────
Core Validation & E2E	Run Playwright Tests	2026-09-02T14:57:46.1902110Z 
Core Validation & E2E	Run Playwright Tests	2026-09-02T14:57:46.1902757Z     Retry #2 ───────────────────────────────────────────────────────────────────────────────────────
Core Validation & E2E	Run Playwright Tests	2026-09-02T14:57:46.1908629Z 
Core Validation & E2E	Run Playwright Tests	2026-09-02T14:57:46.1908854Z     Error: expect(locator).toBeVisible() failed
Core Validation & E2E	Run Playwright Tests	2026-09-02T14:57:46.1909089Z 
Core Validation & E2E	Run Playwright Tests	2026-09-02T14:57:46.1909277Z     Locator: getByRole('heading', { name: 'Sign in' })
Core Validation & E2E	Run Playwright Tests	2026-09-02T14:57:46.1909608Z     Expected: visible
Core Validation & E2E	Run Playwright Tests	2026-09-02T14:57:46.1909836Z     Timeout: 5000ms
Core Validation & E2E	Run Playwright Tests	2026-09-02T14:57:46.1910082Z     Error: element(s) not found
Core Validation & E2E	Run Playwright Tests	2026-09-02T14:57:46.1910250Z 
Core Validation & E2E	Run Playwright Tests	2026-09-02T14:57:46.1910333Z     Call log:
Core Validation & E2E	Run Playwright Tests	2026-09-02T14:57:46.1910609Z       - Expect "toBeVisible" with timeout 5000ms
Core Validation & E2E	Run Playwright Tests	2026-09-02T14:57:46.1915817Z       - waiting for getByRole('heading', { name: 'Sign in' })
Core Validation & E2E	Run Playwright Tests	2026-09-02T14:57:46.1916073Z 
Core Validation & E2E	Run Playwright Tests	2026-09-02T14:57:46.1916088Z 
Core Validation & E2E	Run Playwright Tests	2026-09-02T14:57:46.1916269Z       11 |     // Should be redirected by proxy.ts to login
Core Validation & E2E	Run Playwright Tests	2026-09-02T14:57:46.1916673Z       12 |     await expect(page).toHaveURL(/.*\/login/);
Core Validation & E2E	Run Playwright Tests	2026-09-02T14:57:46.1917191Z     > 13 |     await expect(page.getByRole('heading', { name: 'Sign in' })).toBeVisible();
Core Validation & E2E	Run Playwright Tests	2026-09-02T14:57:46.1917696Z          |                                                                  ^
Core Validation & E2E	Run Playwright Tests	2026-09-02T14:57:46.1918073Z       14 |     await context.close();
Core Validation & E2E	Run Playwright Tests	2026-09-02T14:57:46.1918345Z       15 |   });
Core Validation & E2E	Run Playwright Tests	2026-09-02T14:57:46.1918549Z       16 |
Core Validation & E2E	Run Playwright Tests	2026-09-02T14:57:46.1919030Z         at /mnt/c/Users/krish/actions-runner/_work/ERP-1/ERP-1/apps/web/e2e/proxy-security.spec.ts:13:66
Core Validation & E2E	Run Playwright Tests	2026-09-02T14:57:46.1920097Z 
Core Validation & E2E	Run Playwright Tests	2026-09-02T14:57:46.1920778Z     Error Context: test-results/proxy-security-Proxy-Middl-28b94-user-is-redirected-to-login-mobile-chrome-superadmin-retry2/error-context.md
Core Validation & E2E	Run Playwright Tests	2026-09-02T14:57:46.1921442Z 
Core Validation & E2E	Run Playwright Tests	2026-09-02T14:57:46.1921456Z 
Core Validation & E2E	Run Playwright Tests	2026-09-02T14:57:48.4622670Z [325/626] [mobile-chrome-superadmin] › e2e/proxy-security.spec.ts:17:7 › Proxy / Middleware Runtime Security › Normal authenticated user is not incorrectly redirected
Core Validation & E2E	Run Playwright Tests	2026-09-02T14:57:56.5676468Z [326/626] (retries) [mobile-chrome-superadmin] › e2e/proxy-security.spec.ts:17:7 › Proxy / Middleware Runtime Security › Normal authenticated user is not incorrectly redirected (retry #1)
Core Validation & E2E	Run Playwright Tests	2026-09-02T14:58:04.5559454Z [327/626] (retries) [mobile-chrome-superadmin] › e2e/proxy-security.spec.ts:17:7 › Proxy / Middleware Runtime Security › Normal authenticated user is not incorrectly redirected (retry #2)
Core Validation & E2E	Run Playwright Tests	2026-09-02T14:58:09.9175148Z   15) [mobile-chrome-superadmin] › e2e/proxy-security.spec.ts:17:7 › Proxy / Middleware Runtime Security › Normal authenticated user is not incorrectly redirected 
Core Validation & E2E	Run Playwright Tests	2026-09-02T14:58:09.9176742Z 
Core Validation & E2E	Run Playwright Tests	2026-09-02T14:58:09.9177189Z     Error: expect(locator).toBeVisible() failed
Core Validation & E2E	Run Playwright Tests	2026-09-02T14:58:09.9177620Z 
Core Validation & E2E	Run Playwright Tests	2026-09-02T14:58:09.9177835Z     Locator: locator('h1:has-text("Students")')
Core Validation & E2E	Run Playwright Tests	2026-09-02T14:58:09.9178305Z     Expected: visible
Core Validation & E2E	Run Playwright Tests	2026-09-02T14:58:09.9178792Z     Timeout: 5000ms
Core Validation & E2E	Run Playwright Tests	2026-09-02T14:58:09.9179280Z     Error: element(s) not found
Core Validation & E2E	Run Playwright Tests	2026-09-02T14:58:09.9179615Z 
Core Validation & E2E	Run Playwright Tests	2026-09-02T14:58:09.9179804Z     Call log:
Core Validation & E2E	Run Playwright Tests	2026-09-02T14:58:09.9180252Z       - Expect "toBeVisible" with timeout 5000ms
Core Validation & E2E	Run Playwright Tests	2026-09-02T14:58:09.9180752Z       - waiting for locator('h1:has-text("Students")')
Core Validation & E2E	Run Playwright Tests	2026-09-02T14:58:09.9181064Z 
Core Validation & E2E	Run Playwright Tests	2026-09-02T14:58:09.9181072Z 
Core Validation & E2E	Run Playwright Tests	2026-09-02T14:58:09.9181228Z       20 |     // Should NOT redirect
Core Validation & E2E	Run Playwright Tests	2026-09-02T14:58:09.9181878Z       21 |     await expect(page).toHaveURL(/.*\/students/);
Core Validation & E2E	Run Playwright Tests	2026-09-02T14:58:09.9182553Z     > 22 |     await expect(page.locator('h1:has-text("Students")')).toBeVisible();
Core Validation & E2E	Run Playwright Tests	2026-09-02T14:58:09.9183255Z          |                                                           ^
Core Validation & E2E	Run Playwright Tests	2026-09-02T14:58:09.9183695Z       23 |   });
Core Validation & E2E	Run Playwright Tests	2026-09-02T14:58:09.9183918Z       24 |
Core Validation & E2E	Run Playwright Tests	2026-09-02T14:58:09.9184224Z       25 |   test('Logout remains usable', async ({ page }) => {
Core Validation & E2E	Run Playwright Tests	2026-09-02T14:58:09.9184881Z         at /mnt/c/Users/krish/actions-runner/_work/ERP-1/ERP-1/apps/web/e2e/proxy-security.spec.ts:22:59
Core Validation & E2E	Run Playwright Tests	2026-09-02T14:58:09.9185297Z 
Core Validation & E2E	Run Playwright Tests	2026-09-02T14:58:09.9185883Z     Error Context: test-results/proxy-security-Proxy-Middl-2a6bf--not-incorrectly-redirected-mobile-chrome-superadmin/error-context.md
Core Validation & E2E	Run Playwright Tests	2026-09-02T14:58:09.9186497Z 
Core Validation & E2E	Run Playwright Tests	2026-09-02T14:58:09.9187105Z     Retry #1 ───────────────────────────────────────────────────────────────────────────────────────
Core Validation & E2E	Run Playwright Tests	2026-09-02T14:58:09.9196064Z 
Core Validation & E2E	Run Playwright Tests	2026-09-02T14:58:09.9196384Z     Error: expect(locator).toBeVisible() failed
Core Validation & E2E	Run Playwright Tests	2026-09-02T14:58:09.9196706Z 
Core Validation & E2E	Run Playwright Tests	2026-09-02T14:58:09.9196935Z     Locator: locator('h1:has-text("Students")')
Core Validation & E2E	Run Playwright Tests	2026-09-02T14:58:09.9197366Z     Expected: visible
Core Validation & E2E	Run Playwright Tests	2026-09-02T14:58:09.9197697Z     Timeout: 5000ms
Core Validation & E2E	Run Playwright Tests	2026-09-02T14:58:09.9198067Z     Error: element(s) not found
Core Validation & E2E	Run Playwright Tests	2026-09-02T14:58:09.9198307Z 
Core Validation & E2E	Run Playwright Tests	2026-09-02T14:58:09.9198435Z     Call log:
Core Validation & E2E	Run Playwright Tests	2026-09-02T14:58:09.9205395Z       - Expect "toBeVisible" with timeout 5000ms
Core Validation & E2E	Run Playwright Tests	2026-09-02T14:58:09.9205829Z       - waiting for locator('h1:has-text("Students")')
Core Validation & E2E	Run Playwright Tests	2026-09-02T14:58:09.9206063Z 
Core Validation & E2E	Run Playwright Tests	2026-09-02T14:58:09.9206070Z 
Core Validation & E2E	Run Playwright Tests	2026-09-02T14:58:09.9206232Z       20 |     // Should NOT redirect
Core Validation & E2E	Run Playwright Tests	2026-09-02T14:58:09.9206870Z       21 |     await expect(page).toHaveURL(/.*\/students/);
Core Validation & E2E	Run Playwright Tests	2026-09-02T14:58:09.9207712Z     > 22 |     await expect(page.locator('h1:has-text("Students")')).toBeVisible();
Core Validation & E2E	Run Playwright Tests	2026-09-02T14:58:09.9208523Z          |                                                           ^
Core Validation & E2E	Run Playwright Tests	2026-09-02T14:58:09.9209007Z       23 |   });
Core Validation & E2E	Run Playwright Tests	2026-09-02T14:58:09.9209332Z       24 |
Core Validation & E2E	Run Playwright Tests	2026-09-02T14:58:09.9209860Z       25 |   test('Logout remains usable', async ({ page }) => {
Core Validation & E2E	Run Playwright Tests	2026-09-02T14:58:09.9210516Z         at /mnt/c/Users/krish/actions-runner/_work/ERP-1/ERP-1/apps/web/e2e/proxy-security.spec.ts:22:59
Core Validation & E2E	Run Playwright Tests	2026-09-02T14:58:09.9210983Z 
Core Validation & E2E	Run Playwright Tests	2026-09-02T14:58:09.9211938Z     Error Context: test-results/proxy-security-Proxy-Middl-2a6bf--not-incorrectly-redirected-mobile-chrome-superadmin-retry1/error-context.md
Core Validation & E2E	Run Playwright Tests	2026-09-02T14:58:09.9212845Z 
Core Validation & E2E	Run Playwright Tests	2026-09-02T14:58:09.9213529Z     attachment #2: trace (application/zip) ─────────────────────────────────────────────────────────
Core Validation & E2E	Run Playwright Tests	2026-09-02T14:58:09.9214562Z     test-results/proxy-security-Proxy-Middl-2a6bf--not-incorrectly-redirected-mobile-chrome-superadmin-retry1/trace.zip
Core Validation & E2E	Run Playwright Tests	2026-09-02T14:58:09.9215252Z     Usage:
Core Validation & E2E	Run Playwright Tests	2026-09-02T14:58:09.9215374Z 
Core Validation & E2E	Run Playwright Tests	2026-09-02T14:58:09.9216029Z         npx playwright show-trace test-results/proxy-security-Proxy-Middl-2a6bf--not-incorrectly-redirected-mobile-chrome-superadmin-retry1/trace.zip
Core Validation & E2E	Run Playwright Tests	2026-09-02T14:58:09.9216705Z 
Core Validation & E2E	Run Playwright Tests	2026-09-02T14:58:09.9217102Z     ────────────────────────────────────────────────────────────────────────────────────────────────
Core Validation & E2E	Run Playwright Tests	2026-09-02T14:58:09.9217412Z 
Core Validation & E2E	Run Playwright Tests	2026-09-02T14:58:09.9217789Z     Retry #2 ───────────────────────────────────────────────────────────────────────────────────────
Core Validation & E2E	Run Playwright Tests	2026-09-02T14:58:09.9218084Z 
Core Validation & E2E	Run Playwright Tests	2026-09-02T14:58:09.9218251Z     Error: expect(locator).toBeVisible() failed
Core Validation & E2E	Run Playwright Tests	2026-09-02T14:58:09.9218487Z 
Core Validation & E2E	Run Playwright Tests	2026-09-02T14:58:09.9218632Z     Locator: locator('h1:has-text("Students")')
Core Validation & E2E	Run Playwright Tests	2026-09-02T14:58:09.9218923Z     Expected: visible
Core Validation & E2E	Run Playwright Tests	2026-09-02T14:58:09.9219145Z     Timeout: 5000ms
Core Validation & E2E	Run Playwright Tests	2026-09-02T14:58:09.9219394Z     Error: element(s) not found
Core Validation & E2E	Run Playwright Tests	2026-09-02T14:58:09.9219553Z 
Core Validation & E2E	Run Playwright Tests	2026-09-02T14:58:09.9219636Z     Call log:
Core Validation & E2E	Run Playwright Tests	2026-09-02T14:58:09.9219901Z       - Expect "toBeVisible" with timeout 5000ms
Core Validation & E2E	Run Playwright Tests	2026-09-02T14:58:09.9220276Z       - waiting for locator('h1:has-text("Students")')
Core Validation & E2E	Run Playwright Tests	2026-09-02T14:58:09.9226821Z 
Core Validation & E2E	Run Playwright Tests	2026-09-02T14:58:09.9226840Z 
Core Validation & E2E	Run Playwright Tests	2026-09-02T14:58:09.9227012Z       20 |     // Should NOT redirect
Core Validation & E2E	Run Playwright Tests	2026-09-02T14:58:09.9227397Z       21 |     await expect(page).toHaveURL(/.*\/students/);
Core Validation & E2E	Run Playwright Tests	2026-09-02T14:58:09.9227894Z     > 22 |     await expect(page.locator('h1:has-text("Students")')).toBeVisible();
Core Validation & E2E	Run Playwright Tests	2026-09-02T14:58:09.9228360Z          |                                                           ^
Core Validation & E2E	Run Playwright Tests	2026-09-02T14:58:09.9228657Z       23 |   });
Core Validation & E2E	Run Playwright Tests	2026-09-02T14:58:09.9228872Z       24 |
Core Validation & E2E	Run Playwright Tests	2026-09-02T14:58:09.9229169Z       25 |   test('Logout remains usable', async ({ page }) => {
Core Validation & E2E	Run Playwright Tests	2026-09-02T14:58:09.9229791Z         at /mnt/c/Users/krish/actions-runner/_work/ERP-1/ERP-1/apps/web/e2e/proxy-security.spec.ts:22:59
Core Validation & E2E	Run Playwright Tests	2026-09-02T14:58:09.9230196Z 
Core Validation & E2E	Run Playwright Tests	2026-09-02T14:58:09.9230823Z     Error Context: test-results/proxy-security-Proxy-Middl-2a6bf--not-incorrectly-redirected-mobile-chrome-superadmin-retry2/error-context.md
Core Validation & E2E	Run Playwright Tests	2026-09-02T14:58:09.9231504Z 
Core Validation & E2E	Run Playwright Tests	2026-09-02T14:58:09.9231527Z 
Core Validation & E2E	Run Playwright Tests	2026-09-02T14:58:12.1369829Z [328/626] [mobile-chrome-superadmin] › e2e/proxy-security.spec.ts:25:7 › Proxy / Middleware Runtime Security › Logout remains usable
Core Validation & E2E	Run Playwright Tests	2026-09-02T14:58:20.1763686Z [329/626] (retries) [mobile-chrome-superadmin] › e2e/proxy-security.spec.ts:25:7 › Proxy / Middleware Runtime Security › Logout remains usable (retry #1)
Core Validation & E2E	Run Playwright Tests	2026-09-02T14:58:28.1676052Z [330/626] (retries) [mobile-chrome-superadmin] › e2e/proxy-security.spec.ts:25:7 › Proxy / Middleware Runtime Security › Logout remains usable (retry #2)
Core Validation & E2E	Run Playwright Tests	2026-09-02T14:58:33.5438342Z   16) [mobile-chrome-superadmin] › e2e/proxy-security.spec.ts:25:7 › Proxy / Middleware Runtime Security › Logout remains usable 
Core Validation & E2E	Run Playwright Tests	2026-09-02T14:58:33.5439302Z 
Core Validation & E2E	Run Playwright Tests	2026-09-02T14:58:33.5439508Z     Error: expect(locator).toBeVisible() failed
Core Validation & E2E	Run Playwright Tests	2026-09-02T14:58:33.5439746Z 
Core Validation & E2E	Run Playwright Tests	2026-09-02T14:58:33.5439910Z     Locator: locator('h1:has-text("Students")')
Core Validation & E2E	Run Playwright Tests	2026-09-02T14:58:33.5440217Z     Expected: visible
Core Validation & E2E	Run Playwright Tests	2026-09-02T14:58:33.5440469Z     Timeout: 5000ms
Core Validation & E2E	Run Playwright Tests	2026-09-02T14:58:33.5440749Z     Error: element(s) not found
Core Validation & E2E	Run Playwright Tests	2026-09-02T14:58:33.5440910Z 
Core Validation & E2E	Run Playwright Tests	2026-09-02T14:58:33.5440988Z     Call log:
Core Validation & E2E	Run Playwright Tests	2026-09-02T14:58:33.5441256Z       - Expect "toBeVisible" with timeout 5000ms
Core Validation & E2E	Run Playwright Tests	2026-09-02T14:58:33.5441624Z       - waiting for locator('h1:has-text("Students")')
Core Validation & E2E	Run Playwright Tests	2026-09-02T14:58:33.5441842Z 
Core Validation & E2E	Run Playwright Tests	2026-09-02T14:58:33.5441849Z 
Core Validation & E2E	Run Playwright Tests	2026-09-02T14:58:33.5441969Z       26 |     // Navigate to a page
Core Validation & E2E	Run Playwright Tests	2026-09-02T14:58:33.5442269Z       27 |     await page.goto('/students');
Core Validation & E2E	Run Playwright Tests	2026-09-02T14:58:33.5442693Z     > 28 |     await expect(page.locator('h1:has-text("Students")')).toBeVisible();
Core Validation & E2E	Run Playwright Tests	2026-09-02T14:58:33.5443460Z          |                                                           ^
Core Validation & E2E	Run Playwright Tests	2026-09-02T14:58:33.5443769Z       29 |     
Core Validation & E2E	Run Playwright Tests	2026-09-02T14:58:33.5444038Z       30 |     // Perform logout
Core Validation & E2E	Run Playwright Tests	2026-09-02T14:58:33.5444600Z       31 |     await page.getByRole('button', { name: 'Logout' }).click();
Core Validation & E2E	Run Playwright Tests	2026-09-02T14:58:33.5445725Z         at /mnt/c/Users/krish/actions-runner/_work/ERP-1/ERP-1/apps/web/e2e/proxy-security.spec.ts:28:59
Core Validation & E2E	Run Playwright Tests	2026-09-02T14:58:33.5446487Z 
Core Validation & E2E	Run Playwright Tests	2026-09-02T14:58:33.5447319Z     Error Context: test-results/proxy-security-Proxy-Middl-2a5ca-urity-Logout-remains-usable-mobile-chrome-superadmin/error-context.md
Core Validation & E2E	Run Playwright Tests	2026-09-02T14:58:33.5448387Z 
Core Validation & E2E	Run Playwright Tests	2026-09-02T14:58:33.5449240Z     Retry #1 ───────────────────────────────────────────────────────────────────────────────────────
Core Validation & E2E	Run Playwright Tests	2026-09-02T14:58:33.5449627Z 
Core Validation & E2E	Run Playwright Tests	2026-09-02T14:58:33.5449809Z     Error: expect(locator).toBeVisible() failed
Core Validation & E2E	Run Playwright Tests	2026-09-02T14:58:33.5450067Z 
Core Validation & E2E	Run Playwright Tests	2026-09-02T14:58:33.5450330Z     Locator: locator('h1:has-text("Students")')
Core Validation & E2E	Run Playwright Tests	2026-09-02T14:58:33.5450860Z     Expected: visible
Core Validation & E2E	Run Playwright Tests	2026-09-02T14:58:33.5451233Z     Timeout: 5000ms
Core Validation & E2E	Run Playwright Tests	2026-09-02T14:58:33.5451628Z     Error: element(s) not found
Core Validation & E2E	Run Playwright Tests	2026-09-02T14:58:33.5451884Z 
Core Validation & E2E	Run Playwright Tests	2026-09-02T14:58:33.5452026Z     Call log:
Core Validation & E2E	Run Playwright Tests	2026-09-02T14:58:33.5452458Z       - Expect "toBeVisible" with timeout 5000ms
Core Validation & E2E	Run Playwright Tests	2026-09-02T14:58:33.5452862Z       - waiting for locator('h1:has-text("Students")')
Core Validation & E2E	Run Playwright Tests	2026-09-02T14:58:33.5453162Z 
Core Validation & E2E	Run Playwright Tests	2026-09-02T14:58:33.5459344Z 
Core Validation & E2E	Run Playwright Tests	2026-09-02T14:58:33.5459611Z       26 |     // Navigate to a page
Core Validation & E2E	Run Playwright Tests	2026-09-02T14:58:33.5459966Z       27 |     await page.goto('/students');
Core Validation & E2E	Run Playwright Tests	2026-09-02T14:58:33.5460414Z     > 28 |     await expect(page.locator('h1:has-text("Students")')).toBeVisible();
Core Validation & E2E	Run Playwright Tests	2026-09-02T14:58:33.5461417Z          |                                                           ^
Core Validation & E2E	Run Playwright Tests	2026-09-02T14:58:33.5462502Z       29 |     
Core Validation & E2E	Run Playwright Tests	2026-09-02T14:58:33.5462828Z       30 |     // Perform logout
Core Validation & E2E	Run Playwright Tests	2026-09-02T14:58:33.5463413Z       31 |     await page.getByRole('button', { name: 'Logout' }).click();
Core Validation & E2E	Run Playwright Tests	2026-09-02T14:58:33.5468795Z         at /mnt/c/Users/krish/actions-runner/_work/ERP-1/ERP-1/apps/web/e2e/proxy-security.spec.ts:28:59
Core Validation & E2E	Run Playwright Tests	2026-09-02T14:58:33.5469857Z 
Core Validation & E2E	Run Playwright Tests	2026-09-02T14:58:33.5470805Z     Error Context: test-results/proxy-security-Proxy-Middl-2a5ca-urity-Logout-remains-usable-mobile-chrome-superadmin-retry1/error-context.md
Core Validation & E2E	Run Playwright Tests	2026-09-02T14:58:33.5471771Z 
Core Validation & E2E	Run Playwright Tests	2026-09-02T14:58:33.5472585Z     attachment #2: trace (application/zip) ─────────────────────────────────────────────────────────
Core Validation & E2E	Run Playwright Tests	2026-09-02T14:58:33.5473900Z     test-results/proxy-security-Proxy-Middl-2a5ca-urity-Logout-remains-usable-mobile-chrome-superadmin-retry1/trace.zip
Core Validation & E2E	Run Playwright Tests	2026-09-02T14:58:33.5474860Z     Usage:
Core Validation & E2E	Run Playwright Tests	2026-09-02T14:58:33.5475018Z 
Core Validation & E2E	Run Playwright Tests	2026-09-02T14:58:33.5475952Z         npx playwright show-trace test-results/proxy-security-Proxy-Middl-2a5ca-urity-Logout-remains-usable-mobile-chrome-superadmin-retry1/trace.zip
Core Validation & E2E	Run Playwright Tests	2026-09-02T14:58:33.5476937Z 
Core Validation & E2E	Run Playwright Tests	2026-09-02T14:58:33.5477500Z     ────────────────────────────────────────────────────────────────────────────────────────────────
Core Validation & E2E	Run Playwright Tests	2026-09-02T14:58:33.5477945Z 
Core Validation & E2E	Run Playwright Tests	2026-09-02T14:58:33.5478507Z     Retry #2 ───────────────────────────────────────────────────────────────────────────────────────
Core Validation & E2E	Run Playwright Tests	2026-09-02T14:58:33.5479220Z 
Core Validation & E2E	Run Playwright Tests	2026-09-02T14:58:33.5479475Z     Error: expect(locator).toBeVisible() failed
Core Validation & E2E	Run Playwright Tests	2026-09-02T14:58:33.5479799Z 
Core Validation & E2E	Run Playwright Tests	2026-09-02T14:58:33.5480022Z     Locator: locator('h1:has-text("Students")')
Core Validation & E2E	Run Playwright Tests	2026-09-02T14:58:33.5480474Z     Expected: visible
Core Validation & E2E	Run Playwright Tests	2026-09-02T14:58:33.5480786Z     Timeout: 5000ms
Core Validation & E2E	Run Playwright Tests	2026-09-02T14:58:33.5481130Z     Error: element(s) not found
Core Validation & E2E	Run Playwright Tests	2026-09-02T14:58:33.5481353Z 
Core Validation & E2E	Run Playwright Tests	2026-09-02T14:58:33.5481473Z     Call log:
Core Validation & E2E	Run Playwright Tests	2026-09-02T14:58:33.5481851Z       - Expect "toBeVisible" with timeout 5000ms
Core Validation & E2E	Run Playwright Tests	2026-09-02T14:58:33.5482390Z       - waiting for locator('h1:has-text("Students")')
Core Validation & E2E	Run Playwright Tests	2026-09-02T14:58:33.5482715Z 
Core Validation & E2E	Run Playwright Tests	2026-09-02T14:58:33.5482722Z 
Core Validation & E2E	Run Playwright Tests	2026-09-02T14:58:33.5482909Z       26 |     // Navigate to a page
Core Validation & E2E	Run Playwright Tests	2026-09-02T14:58:33.5483423Z       27 |     await page.goto('/students');
Core Validation & E2E	Run Playwright Tests	2026-09-02T14:58:33.5484164Z     > 28 |     await expect(page.locator('h1:has-text("Students")')).toBeVisible();
Core Validation & E2E	Run Playwright Tests	2026-09-02T14:58:33.5484853Z          |                                                           ^
Core Validation & E2E	Run Playwright Tests	2026-09-02T14:58:33.5485274Z       29 |     
Core Validation & E2E	Run Playwright Tests	2026-09-02T14:58:33.5485598Z       30 |     // Perform logout
Core Validation & E2E	Run Playwright Tests	2026-09-02T14:58:33.5486636Z       31 |     await page.getByRole('button', { name: 'Logout' }).click();
Core Validation & E2E	Run Playwright Tests	2026-09-02T14:58:33.5487661Z         at /mnt/c/Users/krish/actions-runner/_work/ERP-1/ERP-1/apps/web/e2e/proxy-security.spec.ts:28:59
Core Validation & E2E	Run Playwright Tests	2026-09-02T14:58:33.5488291Z 
Core Validation & E2E	Run Playwright Tests	2026-09-02T14:58:33.5489078Z     Error Context: test-results/proxy-security-Proxy-Middl-2a5ca-urity-Logout-remains-usable-mobile-chrome-superadmin-retry2/error-context.md
Core Validation & E2E	Run Playwright Tests	2026-09-02T14:58:33.5489719Z 
Core Validation & E2E	Run Playwright Tests	2026-09-02T14:58:33.5489726Z 
Core Validation & E2E	Run Playwright Tests	2026-09-02T14:58:36.2944045Z [331/626] [mobile-chrome-superadmin] › e2e/proxy-security.spec.ts:42:9 › Proxy / Middleware Runtime Security › Password Reset Flow › User requiring password reset is redirected to /auth/update-password
Core Validation & E2E	Run Playwright Tests	2026-09-02T14:58:43.9626883Z [332/626] (retries) [mobile-chrome-superadmin] › e2e/proxy-security.spec.ts:42:9 › Proxy / Middleware Runtime Security › Password Reset Flow › User requiring password reset is redirected to /auth/update-password (retry #1)
Core Validation & E2E	Run Playwright Tests	2026-09-02T14:58:52.1703921Z [333/626] (retries) [mobile-chrome-superadmin] › e2e/proxy-security.spec.ts:42:9 › Proxy / Middleware Runtime Security › Password Reset Flow › User requiring password reset is redirected to /auth/update-password (retry #2)
Core Validation & E2E	Run Playwright Tests	2026-09-02T14:59:06.1097226Z   17) [mobile-chrome-superadmin] › e2e/proxy-security.spec.ts:42:9 › Proxy / Middleware Runtime Security › Password Reset Flow › User requiring password reset is redirected to /auth/update-password 
Core Validation & E2E	Run Playwright Tests	2026-09-02T14:59:06.1098783Z 
Core Validation & E2E	Run Playwright Tests	2026-09-02T14:59:06.1099060Z     Error: expect(page).toHaveURL(expected) failed
Core Validation & E2E	Run Playwright Tests	2026-09-02T14:59:06.1099375Z 
Core Validation & E2E	Run Playwright Tests	2026-09-02T14:59:06.1099606Z     Expected pattern: /.*\/auth\/update-password/
Core Validation & E2E	Run Playwright Tests	2026-09-02T14:59:06.1104999Z     Received string:  "http://localhost:3000/login"
Core Validation & E2E	Run Playwright Tests	2026-09-02T14:59:06.1105341Z     Timeout: 5000ms
Core Validation & E2E	Run Playwright Tests	2026-09-02T14:59:06.1105484Z 
Core Validation & E2E	Run Playwright Tests	2026-09-02T14:59:06.1105569Z     Call log:
Core Validation & E2E	Run Playwright Tests	2026-09-02T14:59:06.1105848Z       - Expect "toHaveURL" with timeout 5000ms
Core Validation & E2E	Run Playwright Tests	2026-09-02T14:59:06.1106519Z         14 × locator resolved to <html lang="en" class="h-full antialiased">…</html>
Core Validation & E2E	Run Playwright Tests	2026-09-02T14:59:06.1107041Z            - unexpected value "http://localhost:3000/login"
Core Validation & E2E	Run Playwright Tests	2026-09-02T14:59:06.1107302Z 
Core Validation & E2E	Run Playwright Tests	2026-09-02T14:59:06.1107309Z 
Core Validation & E2E	Run Playwright Tests	2026-09-02T14:59:06.1107397Z       51 |
Core Validation & E2E	Run Playwright Tests	2026-09-02T14:59:06.1107675Z       52 |       // Should be forced to update-password
Core Validation & E2E	Run Playwright Tests	2026-09-02T14:59:06.1108114Z     > 53 |       await expect(page).toHaveURL(/.*\/auth\/update-password/);
Core Validation & E2E	Run Playwright Tests	2026-09-02T14:59:06.1108509Z          |                          ^
Core Validation & E2E	Run Playwright Tests	2026-09-02T14:59:06.1109010Z       54 |       await expect(page.getByRole('heading', { name: 'Update Password' })).toBeVisible();
Core Validation & E2E	Run Playwright Tests	2026-09-02T14:59:06.1109454Z       55 |
Core Validation & E2E	Run Playwright Tests	2026-09-02T14:59:06.1109825Z       56 |       // Trying to navigate to a protected page directly should still redirect
Core Validation & E2E	Run Playwright Tests	2026-09-02T14:59:06.1110491Z         at /mnt/c/Users/krish/actions-runner/_work/ERP-1/ERP-1/apps/web/e2e/proxy-security.spec.ts:53:26
Core Validation & E2E	Run Playwright Tests	2026-09-02T14:59:06.1110884Z 
Core Validation & E2E	Run Playwright Tests	2026-09-02T14:59:06.1112141Z     Error Context: test-results/proxy-security-Proxy-Middl-e4437-ted-to-auth-update-password-mobile-chrome-superadmin/error-context.md
Core Validation & E2E	Run Playwright Tests	2026-09-02T14:59:06.1113151Z 
Core Validation & E2E	Run Playwright Tests	2026-09-02T14:59:06.1113645Z     Retry #1 ───────────────────────────────────────────────────────────────────────────────────────
Core Validation & E2E	Run Playwright Tests	2026-09-02T14:59:06.1114221Z 
Core Validation & E2E	Run Playwright Tests	2026-09-02T14:59:06.1114518Z     Error: expect(page).toHaveURL(expected) failed
Core Validation & E2E	Run Playwright Tests	2026-09-02T14:59:06.1115174Z 
Core Validation & E2E	Run Playwright Tests	2026-09-02T14:59:06.1115523Z     Expected pattern: /.*\/auth\/update-password/
Core Validation & E2E	Run Playwright Tests	2026-09-02T14:59:06.1115998Z     Received string:  "http://localhost:3000/login"
Core Validation & E2E	Run Playwright Tests	2026-09-02T14:59:06.1116324Z     Timeout: 5000ms
Core Validation & E2E	Run Playwright Tests	2026-09-02T14:59:06.1116455Z 
Core Validation & E2E	Run Playwright Tests	2026-09-02T14:59:06.1116544Z     Call log:
Core Validation & E2E	Run Playwright Tests	2026-09-02T14:59:06.1116816Z       - Expect "toHaveURL" with timeout 5000ms
Core Validation & E2E	Run Playwright Tests	2026-09-02T14:59:06.1117462Z         14 × locator resolved to <html lang="en" class="h-full antialiased">…</html>
Core Validation & E2E	Run Playwright Tests	2026-09-02T14:59:06.1117966Z            - unexpected value "http://localhost:3000/login"
Core Validation & E2E	Run Playwright Tests	2026-09-02T14:59:06.1118197Z 
Core Validation & E2E	Run Playwright Tests	2026-09-02T14:59:06.1118202Z 
Core Validation & E2E	Run Playwright Tests	2026-09-02T14:59:06.1118288Z       51 |
Core Validation & E2E	Run Playwright Tests	2026-09-02T14:59:06.1118551Z       52 |       // Should be forced to update-password
Core Validation & E2E	Run Playwright Tests	2026-09-02T14:59:06.1118973Z     > 53 |       await expect(page).toHaveURL(/.*\/auth\/update-password/);
Core Validation & E2E	Run Playwright Tests	2026-09-02T14:59:06.1119374Z          |                          ^
Core Validation & E2E	Run Playwright Tests	2026-09-02T14:59:06.1119850Z       54 |       await expect(page.getByRole('heading', { name: 'Update Password' })).toBeVisible();
Core Validation & E2E	Run Playwright Tests	2026-09-02T14:59:06.1120270Z       55 |
Core Validation & E2E	Run Playwright Tests	2026-09-02T14:59:06.1120631Z       56 |       // Trying to navigate to a protected page directly should still redirect
Core Validation & E2E	Run Playwright Tests	2026-09-02T14:59:06.1121279Z         at /mnt/c/Users/krish/actions-runner/_work/ERP-1/ERP-1/apps/web/e2e/proxy-security.spec.ts:53:26
Core Validation & E2E	Run Playwright Tests	2026-09-02T14:59:06.1121672Z 
Core Validation & E2E	Run Playwright Tests	2026-09-02T14:59:06.1122265Z     Error Context: test-results/proxy-security-Proxy-Middl-e4437-ted-to-auth-update-password-mobile-chrome-superadmin-retry1/error-context.md
Core Validation & E2E	Run Playwright Tests	2026-09-02T14:59:06.1122870Z 
Core Validation & E2E	Run Playwright Tests	2026-09-02T14:59:06.1123269Z     attachment #2: trace (application/zip) ─────────────────────────────────────────────────────────
Core Validation & E2E	Run Playwright Tests	2026-09-02T14:59:06.1124197Z     test-results/proxy-security-Proxy-Middl-e4437-ted-to-auth-update-password-mobile-chrome-superadmin-retry1/trace.zip
Core Validation & E2E	Run Playwright Tests	2026-09-02T14:59:06.1130990Z     Usage:
Core Validation & E2E	Run Playwright Tests	2026-09-02T14:59:06.1131127Z 
Core Validation & E2E	Run Playwright Tests	2026-09-02T14:59:06.1131775Z         npx playwright show-trace test-results/proxy-security-Proxy-Middl-e4437-ted-to-auth-update-password-mobile-chrome-superadmin-retry1/trace.zip
Core Validation & E2E	Run Playwright Tests	2026-09-02T14:59:06.1132419Z 
Core Validation & E2E	Run Playwright Tests	2026-09-02T14:59:06.1132870Z     ────────────────────────────────────────────────────────────────────────────────────────────────
Core Validation & E2E	Run Playwright Tests	2026-09-02T14:59:06.1133181Z 
Core Validation & E2E	Run Playwright Tests	2026-09-02T14:59:06.1133555Z     Retry #2 ───────────────────────────────────────────────────────────────────────────────────────
Core Validation & E2E	Run Playwright Tests	2026-09-02T14:59:06.1138930Z 
Core Validation & E2E	Run Playwright Tests	2026-09-02T14:59:06.1139211Z     Error: expect(page).toHaveURL(expected) failed
Core Validation & E2E	Run Playwright Tests	2026-09-02T14:59:06.1139563Z 
Core Validation & E2E	Run Playwright Tests	2026-09-02T14:59:06.1139821Z     Expected pattern: /.*\/auth\/update-password/
Core Validation & E2E	Run Playwright Tests	2026-09-02T14:59:06.1140401Z     Received string:  "http://localhost:3000/login"
Core Validation & E2E	Run Playwright Tests	2026-09-02T14:59:06.1140866Z     Timeout: 5000ms
Core Validation & E2E	Run Playwright Tests	2026-09-02T14:59:06.1141065Z 
Core Validation & E2E	Run Playwright Tests	2026-09-02T14:59:06.1141193Z     Call log:
Core Validation & E2E	Run Playwright Tests	2026-09-02T14:59:06.1141624Z       - Expect "toHaveURL" with timeout 5000ms
Core Validation & E2E	Run Playwright Tests	2026-09-02T14:59:06.1143168Z         14 × locator resolved to <html lang="en" class="h-full antialiased">…</html>
Core Validation & E2E	Run Playwright Tests	2026-09-02T14:59:06.1144025Z            - unexpected value "http://localhost:3000/login"
Core Validation & E2E	Run Playwright Tests	2026-09-02T14:59:06.1144408Z 
Core Validation & E2E	Run Playwright Tests	2026-09-02T14:59:06.1144417Z 
Core Validation & E2E	Run Playwright Tests	2026-09-02T14:59:06.1144541Z       51 |
Core Validation & E2E	Run Playwright Tests	2026-09-02T14:59:06.1145311Z       52 |       // Should be forced to update-password
Core Validation & E2E	Run Playwright Tests	2026-09-02T14:59:06.1146117Z     > 53 |       await expect(page).toHaveURL(/.*\/auth\/update-password/);
Core Validation & E2E	Run Playwright Tests	2026-09-02T14:59:06.1146774Z          |                          ^
Core Validation & E2E	Run Playwright Tests	2026-09-02T14:59:06.1147534Z       54 |       await expect(page.getByRole('heading', { name: 'Update Password' })).toBeVisible();
Core Validation & E2E	Run Playwright Tests	2026-09-02T14:59:06.1148513Z       55 |
Core Validation & E2E	Run Playwright Tests	2026-09-02T14:59:06.1149161Z       56 |       // Trying to navigate to a protected page directly should still redirect
Core Validation & E2E	Run Playwright Tests	2026-09-02T14:59:06.1150220Z         at /mnt/c/Users/krish/actions-runner/_work/ERP-1/ERP-1/apps/web/e2e/proxy-security.spec.ts:53:26
Core Validation & E2E	Run Playwright Tests	2026-09-02T14:59:06.1150841Z 
Core Validation & E2E	Run Playwright Tests	2026-09-02T14:59:06.1151821Z     Error Context: test-results/proxy-security-Proxy-Middl-e4437-ted-to-auth-update-password-mobile-chrome-superadmin-retry2/error-context.md
Core Validation & E2E	Run Playwright Tests	2026-09-02T14:59:06.1152814Z 
Core Validation & E2E	Run Playwright Tests	2026-09-02T14:59:06.1152823Z 
Core Validation & E2E	Run Playwright Tests	2026-09-02T14:59:00.0408371Z [334/626] [mobile-chrome-superadmin] › e2e/scheduling.spec.ts:13:7 › Scheduling Management › Branch Admin can manage rooms, bell schedules, and periods
Core Validation & E2E	Run Playwright Tests	2026-09-02T14:59:00.2113265Z [335/626] [mobile-chrome-superadmin] › e2e/scheduling.spec.ts:99:7 › Scheduling Security - Teacher Role › Teacher cannot perform administrative mutations
Core Validation & E2E	Run Playwright Tests	2026-09-02T14:59:00.2436501Z [336/626] [mobile-chrome-superadmin] › e2e/scheduling.spec.ts:119:7 › Scheduling Security - Cross Branch › Cross-branch manipulation is rejected
Core Validation & E2E	Run Playwright Tests	2026-09-02T14:59:02.0968845Z [337/626] [mobile-chrome-superadmin] › e2e/storage.spec.ts:34:7 › Storage Runtime Authorization (Communication) › Teacher can upload attachment to their own draft and unauthorized users cannot read
Core Validation & E2E	Run Playwright Tests	2026-09-02T14:59:02.1827570Z [338/626] [mobile-chrome-superadmin] › e2e/students-security.spec.ts:17:7 › Students Page Authorization › Branch Admin can access /students for their own branch
Core Validation & E2E	Run Playwright Tests	2026-09-02T14:59:11.0880478Z [339/626] [mobile-chrome-superadmin] › e2e/students-security.spec.ts:35:7 › Students Page Authorization › Teacher can access /students in read-only mode
Core Validation & E2E	Run Playwright Tests	2026-09-02T14:59:01.9935750Z [340/626] [mobile-chrome-superadmin] › e2e/students-security.spec.ts:52:7 › Students Page Authorization › Students page rejects access with invalid branch context
Core Validation & E2E	Run Playwright Tests	2026-09-02T14:59:02.0803871Z [341/626] [mobile-chrome-superadmin] › e2e/students-security.spec.ts:67:7 › Students/New Page Authorization › Branch Admin can access /students/new for their branch
Core Validation & E2E	Run Playwright Tests	2026-09-02T14:59:02.1591069Z [342/626] [mobile-chrome-superadmin] › e2e/students-security.spec.ts:80:7 › Students/New Page Authorization › Teacher cannot access /students/new (read-only role)
Core Validation & E2E	Run Playwright Tests	2026-09-02T14:59:02.2359010Z [343/626] [mobile-chrome-superadmin] › e2e/students-security.spec.ts:91:7 › Students/New Page Authorization › Students/new page does not contain hardcoded branch/org IDs
Core Validation & E2E	Run Playwright Tests	2026-09-02T14:59:02.3215435Z [344/626] [mobile-chrome-superadmin] › e2e/students-security.spec.ts:104:7 › Students/New Page Authorization › Students/new rejects cross-branch access
Core Validation & E2E	Run Playwright Tests	2026-09-02T14:59:02.3991919Z [345/626] [mobile-chrome-superadmin] › e2e/students-security.spec.ts:119:7 › Students Detail Page Authorization › Student detail page enforces branch context
Core Validation & E2E	Run Playwright Tests	2026-09-02T14:59:02.4741599Z [346/626] [mobile-chrome-superadmin] › e2e/students-security.spec.ts:131:7 › Students Detail Page Authorization › Student detail page rejects cross-branch access
Core Validation & E2E	Run Playwright Tests	2026-09-02T14:59:02.5875489Z [347/626] [mobile-chrome-superadmin] › e2e/substitutions.spec.ts:33:7 › Substitutions Management › Branch Admin CRUD & Conflicts › should manage substitutions and handle conflicts
Core Validation & E2E	Run Playwright Tests	2026-09-02T14:59:02.6210465Z [348/626] [mobile-chrome-superadmin] › e2e/substitutions.spec.ts:281:9 › Substitutions Management › Teacher Roles › should view substitutions but cannot create
Core Validation & E2E	Run Playwright Tests	2026-09-02T14:59:02.6910285Z [349/626] [mobile-chrome-superadmin] › e2e/timetable.spec.ts:27:9 › Timetable Management › Branch Admin CRUD & Conflicts › should manage timetable entries and handle conflicts
Core Validation & E2E	Run Playwright Tests	2026-09-02T14:59:02.7207182Z [350/626] [mobile-chrome-superadmin] › e2e/timetable.spec.ts:168:9 › Timetable Management › Teacher Roles › should view timetable but cannot create entries
Core Validation & E2E	Run Playwright Tests	2026-09-02T14:59:05.4071769Z [351/626] [mobile-chrome-branchadmin] › e2e/academic-structure.spec.ts:6:7 › Academic Structure Role Tests › Teacher gets Access Denied when trying to create and sees branch identity without switching
Core Validation & E2E	Run Playwright Tests	2026-09-02T14:59:05.7670328Z [352/626] [mobile-chrome-branchadmin] › e2e/academic-structure.spec.ts:22:7 › Academic Structure Role Tests › Branch Admin can create, edit, and delete an Academic Year but cannot switch branch
Core Validation & E2E	Run Playwright Tests	2026-09-02T14:59:07.7488397Z [353/626] [mobile-chrome-branchadmin] › e2e/academic-structure.spec.ts:58:7 › Academic Structure Role Tests › Branch Admin attempting to access another branch resource is denied
Core Validation & E2E	Run Playwright Tests	2026-09-02T14:59:51.9820935Z [mobile-chrome-branchadmin] › e2e/academic-structure.spec.ts:58:7 › Academic Structure Role Tests › Branch Admin attempting to access another branch resource is denied
Core Validation & E2E	Run Playwright Tests	2026-09-02T14:59:51.9821978Z 
Core Validation & E2E	Run Playwright Tests	2026-09-02T14:59:51.9821989Z 
Core Validation & E2E	Run Playwright Tests	2026-09-02T14:59:51.9822207Z Connecting to local database...
Core Validation & E2E	Run Playwright Tests	2026-09-02T14:59:51.9822935Z A new version of Supabase CLI is available: v2.116.0 (currently installed v2.115.0)
Core Validation & E2E	Run Playwright Tests	2026-09-02T14:59:51.9824326Z We recommend updating regularly for new features and bug fixes: https://supabase.com/docs/guides/cli/getting-started#updating-the-supabase-cli
Core Validation & E2E	Run Playwright Tests	2026-09-02T15:00:01.0253223Z [354/626] [mobile-chrome-branchadmin] › e2e/adversarial-security.spec.ts:38:9 › Adversarial Server-Boundary Security › Teacher Role Mutations › Teacher cannot mutate attendance for unauthorized branch
Core Validation & E2E	Run Playwright Tests	2026-09-02T15:00:01.0637449Z [355/626] [mobile-chrome-branchadmin] › e2e/adversarial-security.spec.ts:63:9 › Adversarial Server-Boundary Security › Teacher Role Mutations › Teacher cannot mutate homework for unauthorized branch
Core Validation & E2E	Run Playwright Tests	2026-09-02T15:00:01.0998843Z [356/626] [mobile-chrome-branchadmin] › e2e/adversarial-security.spec.ts:104:9 › Adversarial Server-Boundary Security › Teacher Role Mutations › Teacher cannot publish communication messages (admin-only)
Core Validation & E2E	Run Playwright Tests	2026-09-02T15:00:01.1314896Z [357/626] [mobile-chrome-branchadmin] › e2e/adversarial-security.spec.ts:131:9 › Adversarial Server-Boundary Security › Teacher Role Mutations › Teacher cannot mutate a locked attendance session directly via RPC
Core Validation & E2E	Run Playwright Tests	2026-09-02T15:00:01.1636147Z [358/626] [mobile-chrome-branchadmin] › e2e/adversarial-security.spec.ts:176:9 › Adversarial Server-Boundary Security › Guardian Role Mutations › Guardian cannot mutate attendance for their own child
Core Validation & E2E	Run Playwright Tests	2026-09-02T14:59:52.0518004Z [359/626] [mobile-chrome-branchadmin] › e2e/app-config.spec.ts:5:7 › App Config Admin Tests › Teacher gets Access Denied when trying to access app config
Core Validation & E2E	Run Playwright Tests	2026-09-02T14:59:52.1357853Z [360/626] [mobile-chrome-branchadmin] › e2e/app-config.spec.ts:15:7 › App Config Admin Tests › Branch Admin can view and edit their branch app config
Core Validation & E2E	Run Playwright Tests	2026-09-02T14:59:53.3177581Z [361/626] [mobile-chrome-branchadmin] › e2e/app-config.spec.ts:40:7 › App Config Admin Tests › Super Admin can view and edit app configs across branches
Core Validation & E2E	Run Playwright Tests	2026-09-02T14:59:53.4243447Z [362/626] [mobile-chrome-branchadmin] › e2e/attendance.spec.ts:11:9 › Attendance Management › Teacher Flow (chromium-teacher) › Teacher can mark, save, and lock attendance
Core Validation & E2E	Run Playwright Tests	2026-09-02T14:59:53.4546871Z [363/626] [mobile-chrome-branchadmin] › e2e/attendance.spec.ts:64:9 › Attendance Management › Teacher Flow (chromium-teacher) › Teacher cannot bypass authorization for another branch
Core Validation & E2E	Run Playwright Tests	2026-09-02T14:59:53.4839658Z [364/626] [mobile-chrome-branchadmin] › e2e/attendance.spec.ts:76:9 › Attendance Management › Branch Admin Flow (chromium-branchadmin) › Admin can mark, save, lock, publish, and correct attendance
Core Validation & E2E	Run Playwright Tests	2026-09-02T14:59:53.5108909Z [365/626] [mobile-chrome-branchadmin] › e2e/attendance.spec.ts:145:9 › Attendance Management › Guardian History Flow (chromium-guardian) › Guardian can view published absences
Core Validation & E2E	Run Playwright Tests	2026-09-02T14:59:53.5417788Z [366/626] [mobile-chrome-branchadmin] › e2e/attendance.spec.ts:155:9 › Attendance Management › Guardian History Flow (chromium-guardian) › Guardian cannot access attendance entry page
Core Validation & E2E	Run Playwright Tests	2026-09-02T14:59:53.6024628Z [367/626] [mobile-chrome-branchadmin] › e2e/auth-password-reset.spec.ts:7:7 › Temporary Credentials Enforcement › User with force_password_reset=true is redirected and can reset
Core Validation & E2E	Run Playwright Tests	2026-09-02T14:59:53.6659531Z [368/626] [mobile-chrome-branchadmin] › e2e/auth-password-reset.spec.ts:62:7 › Temporary Credentials Enforcement › Normal user without force_password_reset can login normally
Core Validation & E2E	Run Playwright Tests	2026-09-02T14:59:58.1122964Z [369/626] [mobile-chrome-branchadmin] › e2e/branch-context.spec.ts:39:9 › branch-context authorization helpers › Super Admin Semantics › auth_is_super_admin() is true
Core Validation & E2E	Run Playwright Tests	2026-09-02T14:59:58.1285969Z [370/626] [mobile-chrome-branchadmin] › e2e/branch-context.spec.ts:44:9 › branch-context authorization helpers › Super Admin Semantics › auth_has_org_access() is true for authorized org
Core Validation & E2E	Run Playwright Tests	2026-09-02T14:59:58.1425827Z [371/626] [mobile-chrome-branchadmin] › e2e/branch-context.spec.ts:49:9 › branch-context authorization helpers › Super Admin Semantics › auth_has_branch_membership() is true for branch in authorized org
Core Validation & E2E	Run Playwright Tests	2026-09-02T14:59:58.1546986Z [372/626] [mobile-chrome-branchadmin] › e2e/branch-context.spec.ts:53:9 › branch-context authorization helpers › Super Admin Semantics › auth_has_branch_membership() is false for branch in unauthorized org
Core Validation & E2E	Run Playwright Tests	2026-09-02T14:59:58.1691164Z [373/626] [mobile-chrome-branchadmin] › e2e/branch-context.spec.ts:57:9 › branch-context authorization helpers › Super Admin Semantics › auth_has_branch_role() is false unless an explicit real role assignment exists
Core Validation & E2E	Run Playwright Tests	2026-09-02T14:59:58.1863004Z [374/626] [mobile-chrome-branchadmin] › e2e/branch-context.spec.ts:68:9 › branch-context authorization helpers › Branch Admin Semantics › branchadmin role is true for own branch
Core Validation & E2E	Run Playwright Tests	2026-09-02T14:59:58.2019991Z [375/626] [mobile-chrome-branchadmin] › e2e/branch-context.spec.ts:72:9 › branch-context authorization helpers › Branch Admin Semantics › teacher role is false unless explicitly assigned
Core Validation & E2E	Run Playwright Tests	2026-09-02T14:59:58.2165011Z [376/626] [mobile-chrome-branchadmin] › e2e/branch-context.spec.ts:76:9 › branch-context authorization helpers › Branch Admin Semantics › other branch is false
Core Validation & E2E	Run Playwright Tests	2026-09-02T14:59:58.2293038Z [377/626] [mobile-chrome-branchadmin] › e2e/branch-context.spec.ts:80:9 › branch-context authorization helpers › Branch Admin Semantics › wrong org is false
Core Validation & E2E	Run Playwright Tests	2026-09-02T14:59:58.2435428Z [378/626] [mobile-chrome-branchadmin] › e2e/branch-context.spec.ts:86:9 › branch-context authorization helpers › Teacher Semantics › teacher role is true in own branch
Core Validation & E2E	Run Playwright Tests	2026-09-02T14:59:58.2571261Z [379/626] [mobile-chrome-branchadmin] › e2e/branch-context.spec.ts:90:9 › branch-context authorization helpers › Teacher Semantics › branchadmin role is false
Core Validation & E2E	Run Playwright Tests	2026-09-02T14:59:58.2704370Z [380/626] [mobile-chrome-branchadmin] › e2e/branch-context.spec.ts:94:9 › branch-context authorization helpers › Teacher Semantics › other branch is false
Core Validation & E2E	Run Playwright Tests	2026-09-02T14:59:58.2839362Z [381/626] [mobile-chrome-branchadmin] › e2e/branch-context.spec.ts:98:9 › branch-context authorization helpers › Teacher Semantics › wrong org is false
Core Validation & E2E	Run Playwright Tests	2026-09-02T14:59:58.3357299Z [382/626] [mobile-chrome-branchadmin] › e2e/calendar.spec.ts:24:7 › Calendar UI › Teacher cannot mutate calendar events or operating days
Core Validation & E2E	Run Playwright Tests	2026-09-02T14:59:58.4239478Z [383/626] [mobile-chrome-branchadmin] › e2e/calendar.spec.ts:79:9 › Calendar UI › Branch Admin Calendar Mutations › Branch Admin can manage operating days
Core Validation & E2E	Run Playwright Tests	2026-09-02T14:59:58.5080008Z [384/626] [mobile-chrome-branchadmin] › e2e/calendar.spec.ts:128:9 › Calendar UI › Branch Admin Calendar Mutations › Branch Admin can create, edit, and archive calendar events
Core Validation & E2E	Run Playwright Tests	2026-09-02T14:59:58.6444721Z [385/626] [mobile-chrome-branchadmin] › e2e/communication.spec.ts:5:7 › Communication End-to-End Workflows › Branch Admin can create an announcement and view it in Sent
Core Validation & E2E	Run Playwright Tests	2026-09-02T14:59:58.7870879Z [386/626] [mobile-chrome-branchadmin] › e2e/communication.spec.ts:26:7 › Communication End-to-End Workflows › Teacher can create class announcement and branch-wide targeting is denied
Core Validation & E2E	Run Playwright Tests	2026-09-02T14:59:58.8144899Z [387/626] [mobile-chrome-branchadmin] › e2e/communication.spec.ts:61:7 › Communication End-to-End Workflows › Recipient can view message in inbox
Core Validation & E2E	Run Playwright Tests	2026-09-02T14:59:58.8747474Z [388/626] [mobile-chrome-branchadmin] › e2e/communication.spec.ts:163:7 › Communication End-to-End Workflows › Teacher rate limit enforces exactly 5 messages per day
Core Validation & E2E	Run Playwright Tests	2026-09-02T14:59:58.9981448Z [389/626] [mobile-chrome-branchadmin] › e2e/homework.spec.ts:11:9 › Homework E2E - Phase 5 › Teacher Creation Flow › Teacher creates, saves draft, and publishes
Core Validation & E2E	Run Playwright Tests	2026-09-02T14:59:59.0501521Z [390/626] [mobile-chrome-branchadmin] › e2e/homework.spec.ts:63:9 › Homework E2E - Phase 5 › Guardian View Flow › Guardian views homework but cannot submit
Core Validation & E2E	Run Playwright Tests	2026-09-02T14:59:59.0814842Z [391/626] [mobile-chrome-branchadmin] › e2e/homework.spec.ts:86:9 › Homework E2E - Phase 5 › Unauthorized Access › Unauthorized access to creation page is blocked
Core Validation & E2E	Run Playwright Tests	2026-09-02T14:59:59.1393628Z [392/626] [mobile-chrome-branchadmin] › e2e/proxy-security.spec.ts:5:7 › Proxy / Middleware Runtime Security › Unauthenticated user is redirected to /login
Core Validation & E2E	Run Playwright Tests	2026-09-02T15:00:06.6697999Z [393/626] (retries) [mobile-chrome-branchadmin] › e2e/proxy-security.spec.ts:5:7 › Proxy / Middleware Runtime Security › Unauthenticated user is redirected to /login (retry #1)
Core Validation & E2E	Run Playwright Tests	2026-09-02T15:00:14.5182605Z [394/626] (retries) [mobile-chrome-branchadmin] › e2e/proxy-security.spec.ts:5:7 › Proxy / Middleware Runtime Security › Unauthenticated user is redirected to /login (retry #2)
Core Validation & E2E	Run Playwright Tests	2026-09-02T15:00:19.6830158Z   18) [mobile-chrome-branchadmin] › e2e/proxy-security.spec.ts:5:7 › Proxy / Middleware Runtime Security › Unauthenticated user is redirected to /login 
Core Validation & E2E	Run Playwright Tests	2026-09-02T15:00:19.6835931Z 
Core Validation & E2E	Run Playwright Tests	2026-09-02T15:00:19.6836297Z     Error: expect(locator).toBeVisible() failed
Core Validation & E2E	Run Playwright Tests	2026-09-02T15:00:19.6836691Z 
Core Validation & E2E	Run Playwright Tests	2026-09-02T15:00:19.6837171Z     Locator: getByRole('heading', { name: 'Sign in' })
Core Validation & E2E	Run Playwright Tests	2026-09-02T15:00:19.6837808Z     Expected: visible
Core Validation & E2E	Run Playwright Tests	2026-09-02T15:00:19.6838275Z     Timeout: 5000ms
Core Validation & E2E	Run Playwright Tests	2026-09-02T15:00:19.6840684Z     Error: element(s) not found
Core Validation & E2E	Run Playwright Tests	2026-09-02T15:00:19.6840997Z 
Core Validation & E2E	Run Playwright Tests	2026-09-02T15:00:19.6841149Z     Call log:
Core Validation & E2E	Run Playwright Tests	2026-09-02T15:00:19.6841598Z       - Expect "toBeVisible" with timeout 5000ms
Core Validation & E2E	Run Playwright Tests	2026-09-02T15:00:19.6847015Z       - waiting for getByRole('heading', { name: 'Sign in' })
Core Validation & E2E	Run Playwright Tests	2026-09-02T15:00:19.6847452Z 
Core Validation & E2E	Run Playwright Tests	2026-09-02T15:00:19.6847466Z 
Core Validation & E2E	Run Playwright Tests	2026-09-02T15:00:19.6848291Z       11 |     // Should be redirected by proxy.ts to login
Core Validation & E2E	Run Playwright Tests	2026-09-02T15:00:19.6849090Z       12 |     await expect(page).toHaveURL(/.*\/login/);
Core Validation & E2E	Run Playwright Tests	2026-09-02T15:00:19.6849801Z     > 13 |     await expect(page.getByRole('heading', { name: 'Sign in' })).toBeVisible();
Core Validation & E2E	Run Playwright Tests	2026-09-02T15:00:19.6850788Z          |                                                                  ^
Core Validation & E2E	Run Playwright Tests	2026-09-02T15:00:19.6851189Z       14 |     await context.close();
Core Validation & E2E	Run Playwright Tests	2026-09-02T15:00:19.6851448Z       15 |   });
Core Validation & E2E	Run Playwright Tests	2026-09-02T15:00:19.6851646Z       16 |
Core Validation & E2E	Run Playwright Tests	2026-09-02T15:00:19.6852230Z         at /mnt/c/Users/krish/actions-runner/_work/ERP-1/ERP-1/apps/web/e2e/proxy-security.spec.ts:13:66
Core Validation & E2E	Run Playwright Tests	2026-09-02T15:00:19.6852936Z 
Core Validation & E2E	Run Playwright Tests	2026-09-02T15:00:19.6853627Z     Error Context: test-results/proxy-security-Proxy-Middl-28b94-user-is-redirected-to-login-mobile-chrome-branchadmin/error-context.md
Core Validation & E2E	Run Playwright Tests	2026-09-02T15:00:19.6854255Z 
Core Validation & E2E	Run Playwright Tests	2026-09-02T15:00:19.6854858Z     Retry #1 ───────────────────────────────────────────────────────────────────────────────────────
Core Validation & E2E	Run Playwright Tests	2026-09-02T15:00:19.6855163Z 
Core Validation & E2E	Run Playwright Tests	2026-09-02T15:00:19.6855327Z     Error: expect(locator).toBeVisible() failed
Core Validation & E2E	Run Playwright Tests	2026-09-02T15:00:19.6855541Z 
Core Validation & E2E	Run Playwright Tests	2026-09-02T15:00:19.6855703Z     Locator: getByRole('heading', { name: 'Sign in' })
Core Validation & E2E	Run Playwright Tests	2026-09-02T15:00:19.6856051Z     Expected: visible
Core Validation & E2E	Run Playwright Tests	2026-09-02T15:00:19.6856639Z     Timeout: 5000ms
Core Validation & E2E	Run Playwright Tests	2026-09-02T15:00:19.6856924Z     Error: element(s) not found
Core Validation & E2E	Run Playwright Tests	2026-09-02T15:00:19.6857090Z 
Core Validation & E2E	Run Playwright Tests	2026-09-02T15:00:19.6857180Z     Call log:
Core Validation & E2E	Run Playwright Tests	2026-09-02T15:00:19.6857452Z       - Expect "toBeVisible" with timeout 5000ms
Core Validation & E2E	Run Playwright Tests	2026-09-02T15:00:19.6857859Z       - waiting for getByRole('heading', { name: 'Sign in' })
Core Validation & E2E	Run Playwright Tests	2026-09-02T15:00:19.6858102Z 
Core Validation & E2E	Run Playwright Tests	2026-09-02T15:00:19.6858109Z 
Core Validation & E2E	Run Playwright Tests	2026-09-02T15:00:19.6858286Z       11 |     // Should be redirected by proxy.ts to login
Core Validation & E2E	Run Playwright Tests	2026-09-02T15:00:19.6858662Z       12 |     await expect(page).toHaveURL(/.*\/login/);
Core Validation & E2E	Run Playwright Tests	2026-09-02T15:00:19.6859185Z     > 13 |     await expect(page.getByRole('heading', { name: 'Sign in' })).toBeVisible();
Core Validation & E2E	Run Playwright Tests	2026-09-02T15:00:19.6859699Z          |                                                                  ^
Core Validation & E2E	Run Playwright Tests	2026-09-02T15:00:19.6860059Z       14 |     await context.close();
Core Validation & E2E	Run Playwright Tests	2026-09-02T15:00:19.6860316Z       15 |   });
Core Validation & E2E	Run Playwright Tests	2026-09-02T15:00:19.6860541Z       16 |
Core Validation & E2E	Run Playwright Tests	2026-09-02T15:00:19.6861012Z         at /mnt/c/Users/krish/actions-runner/_work/ERP-1/ERP-1/apps/web/e2e/proxy-security.spec.ts:13:66
Core Validation & E2E	Run Playwright Tests	2026-09-02T15:00:19.6861411Z 
Core Validation & E2E	Run Playwright Tests	2026-09-02T15:00:19.6862007Z     Error Context: test-results/proxy-security-Proxy-Middl-28b94-user-is-redirected-to-login-mobile-chrome-branchadmin-retry1/error-context.md
Core Validation & E2E	Run Playwright Tests	2026-09-02T15:00:19.6862628Z 
Core Validation & E2E	Run Playwright Tests	2026-09-02T15:00:19.6863155Z     attachment #2: trace (application/zip) ─────────────────────────────────────────────────────────
Core Validation & E2E	Run Playwright Tests	2026-09-02T15:00:19.6864026Z     test-results/proxy-security-Proxy-Middl-28b94-user-is-redirected-to-login-mobile-chrome-branchadmin-retry1/trace.zip
Core Validation & E2E	Run Playwright Tests	2026-09-02T15:00:19.6870677Z     Usage:
Core Validation & E2E	Run Playwright Tests	2026-09-02T15:00:19.6870829Z 
Core Validation & E2E	Run Playwright Tests	2026-09-02T15:00:19.6871631Z         npx playwright show-trace test-results/proxy-security-Proxy-Middl-28b94-user-is-redirected-to-login-mobile-chrome-branchadmin-retry1/trace.zip
Core Validation & E2E	Run Playwright Tests	2026-09-02T15:00:19.6872445Z 
Core Validation & E2E	Run Playwright Tests	2026-09-02T15:00:19.6873007Z     ────────────────────────────────────────────────────────────────────────────────────────────────
Core Validation & E2E	Run Playwright Tests	2026-09-02T15:00:19.6873570Z 
Core Validation & E2E	Run Playwright Tests	2026-09-02T15:00:19.6878989Z     Retry #2 ───────────────────────────────────────────────────────────────────────────────────────
Core Validation & E2E	Run Playwright Tests	2026-09-02T15:00:19.6879463Z 
Core Validation & E2E	Run Playwright Tests	2026-09-02T15:00:19.6879659Z     Error: expect(locator).toBeVisible() failed
Core Validation & E2E	Run Playwright Tests	2026-09-02T15:00:19.6879897Z 
Core Validation & E2E	Run Playwright Tests	2026-09-02T15:00:19.6880091Z     Locator: getByRole('heading', { name: 'Sign in' })
Core Validation & E2E	Run Playwright Tests	2026-09-02T15:00:19.6880432Z     Expected: visible
Core Validation & E2E	Run Playwright Tests	2026-09-02T15:00:19.6880660Z     Timeout: 5000ms
Core Validation & E2E	Run Playwright Tests	2026-09-02T15:00:19.6880907Z     Error: element(s) not found
Core Validation & E2E	Run Playwright Tests	2026-09-02T15:00:19.6881074Z 
Core Validation & E2E	Run Playwright Tests	2026-09-02T15:00:19.6881187Z     Call log:
Core Validation & E2E	Run Playwright Tests	2026-09-02T15:00:19.6881458Z       - Expect "toBeVisible" with timeout 5000ms
Core Validation & E2E	Run Playwright Tests	2026-09-02T15:00:19.6881860Z       - waiting for getByRole('heading', { name: 'Sign in' })
Core Validation & E2E	Run Playwright Tests	2026-09-02T15:00:19.6882126Z 
Core Validation & E2E	Run Playwright Tests	2026-09-02T15:00:19.6882138Z 
Core Validation & E2E	Run Playwright Tests	2026-09-02T15:00:19.6882353Z       11 |     // Should be redirected by proxy.ts to login
Core Validation & E2E	Run Playwright Tests	2026-09-02T15:00:19.6882742Z       12 |     await expect(page).toHaveURL(/.*\/login/);
Core Validation & E2E	Run Playwright Tests	2026-09-02T15:00:19.6883230Z     > 13 |     await expect(page.getByRole('heading', { name: 'Sign in' })).toBeVisible();
Core Validation & E2E	Run Playwright Tests	2026-09-02T15:00:19.6883793Z          |                                                                  ^
Core Validation & E2E	Run Playwright Tests	2026-09-02T15:00:19.6884156Z       14 |     await context.close();
Core Validation & E2E	Run Playwright Tests	2026-09-02T15:00:19.6884416Z       15 |   });
Core Validation & E2E	Run Playwright Tests	2026-09-02T15:00:19.6884611Z       16 |
Core Validation & E2E	Run Playwright Tests	2026-09-02T15:00:19.6885081Z         at /mnt/c/Users/krish/actions-runner/_work/ERP-1/ERP-1/apps/web/e2e/proxy-security.spec.ts:13:66
Core Validation & E2E	Run Playwright Tests	2026-09-02T15:00:19.6885477Z 
Core Validation & E2E	Run Playwright Tests	2026-09-02T15:00:19.6886079Z     Error Context: test-results/proxy-security-Proxy-Middl-28b94-user-is-redirected-to-login-mobile-chrome-branchadmin-retry2/error-context.md
Core Validation & E2E	Run Playwright Tests	2026-09-02T15:00:19.6886713Z 
Core Validation & E2E	Run Playwright Tests	2026-09-02T15:00:19.6886720Z 
Core Validation & E2E	Run Playwright Tests	2026-09-02T15:00:22.1405235Z [395/626] [mobile-chrome-branchadmin] › e2e/proxy-security.spec.ts:17:7 › Proxy / Middleware Runtime Security › Normal authenticated user is not incorrectly redirected
Core Validation & E2E	Run Playwright Tests	2026-09-02T15:00:22.5627744Z [396/626] [mobile-chrome-branchadmin] › e2e/proxy-security.spec.ts:25:7 › Proxy / Middleware Runtime Security › Logout remains usable
Core Validation & E2E	Run Playwright Tests	2026-09-02T15:00:52.1426341Z [397/626] (retries) [mobile-chrome-branchadmin] › e2e/proxy-security.spec.ts:25:7 › Proxy / Middleware Runtime Security › Logout remains usable (retry #1)
Core Validation & E2E	Run Playwright Tests	2026-09-02T15:01:22.2627306Z [398/626] (retries) [mobile-chrome-branchadmin] › e2e/proxy-security.spec.ts:25:7 › Proxy / Middleware Runtime Security › Logout remains usable (retry #2)
Core Validation & E2E	Run Playwright Tests	2026-09-02T15:01:50.1129245Z   19) [mobile-chrome-branchadmin] › e2e/proxy-security.spec.ts:25:7 › Proxy / Middleware Runtime Security › Logout remains usable 
Core Validation & E2E	Run Playwright Tests	2026-09-02T15:01:50.1130231Z 
Core Validation & E2E	Run Playwright Tests	2026-09-02T15:01:50.1130470Z     Test timeout of 30000ms exceeded.
Core Validation & E2E	Run Playwright Tests	2026-09-02T15:01:50.1130754Z 
Core Validation & E2E	Run Playwright Tests	2026-09-02T15:01:50.1131064Z     Error: locator.click: Test timeout of 30000ms exceeded.
Core Validation & E2E	Run Playwright Tests	2026-09-02T15:01:50.1131568Z     Call log:
Core Validation & E2E	Run Playwright Tests	2026-09-02T15:01:50.1132068Z       - waiting for getByRole('button', { name: 'Logout' })
Core Validation & E2E	Run Playwright Tests	2026-09-02T15:01:50.1132453Z 
Core Validation & E2E	Run Playwright Tests	2026-09-02T15:01:50.1132462Z 
Core Validation & E2E	Run Playwright Tests	2026-09-02T15:01:50.1139395Z       29 |     
Core Validation & E2E	Run Playwright Tests	2026-09-02T15:01:50.1139890Z       30 |     // Perform logout
Core Validation & E2E	Run Playwright Tests	2026-09-02T15:01:50.1140554Z     > 31 |     await page.getByRole('button', { name: 'Logout' }).click();
Core Validation & E2E	Run Playwright Tests	2026-09-02T15:01:50.1141240Z          |                                                        ^
Core Validation & E2E	Run Playwright Tests	2026-09-02T15:01:50.1141695Z       32 |     
Core Validation & E2E	Run Playwright Tests	2026-09-02T15:01:50.1142095Z       33 |     // Verify redirect to login
Core Validation & E2E	Run Playwright Tests	2026-09-02T15:01:50.1142666Z       34 |     await expect(page).toHaveURL(/.*\/login/);
Core Validation & E2E	Run Playwright Tests	2026-09-02T15:01:50.1143618Z         at /mnt/c/Users/krish/actions-runner/_work/ERP-1/ERP-1/apps/web/e2e/proxy-security.spec.ts:31:56
Core Validation & E2E	Run Playwright Tests	2026-09-02T15:01:50.1151511Z 
Core Validation & E2E	Run Playwright Tests	2026-09-02T15:01:50.1152649Z     Error Context: test-results/proxy-security-Proxy-Middl-2a5ca-urity-Logout-remains-usable-mobile-chrome-branchadmin/error-context.md
Core Validation & E2E	Run Playwright Tests	2026-09-02T15:01:50.1153894Z 
Core Validation & E2E	Run Playwright Tests	2026-09-02T15:01:50.1154922Z     Retry #1 ───────────────────────────────────────────────────────────────────────────────────────
Core Validation & E2E	Run Playwright Tests	2026-09-02T15:01:50.1155491Z 
Core Validation & E2E	Run Playwright Tests	2026-09-02T15:01:50.1155769Z     Test timeout of 30000ms exceeded.
Core Validation & E2E	Run Playwright Tests	2026-09-02T15:01:50.1156094Z 
Core Validation & E2E	Run Playwright Tests	2026-09-02T15:01:50.1156433Z     Error: locator.click: Test timeout of 30000ms exceeded.
Core Validation & E2E	Run Playwright Tests	2026-09-02T15:01:50.1157064Z     Call log:
Core Validation & E2E	Run Playwright Tests	2026-09-02T15:01:50.1157688Z       - waiting for getByRole('button', { name: 'Logout' })
Core Validation & E2E	Run Playwright Tests	2026-09-02T15:01:50.1158209Z 
Core Validation & E2E	Run Playwright Tests	2026-09-02T15:01:50.1158229Z 
Core Validation & E2E	Run Playwright Tests	2026-09-02T15:01:50.1158374Z       29 |     
Core Validation & E2E	Run Playwright Tests	2026-09-02T15:01:50.1158651Z       30 |     // Perform logout
Core Validation & E2E	Run Playwright Tests	2026-09-02T15:01:50.1159278Z     > 31 |     await page.getByRole('button', { name: 'Logout' }).click();
Core Validation & E2E	Run Playwright Tests	2026-09-02T15:01:50.1159833Z          |                                                        ^
Core Validation & E2E	Run Playwright Tests	2026-09-02T15:01:50.1160233Z       32 |     
Core Validation & E2E	Run Playwright Tests	2026-09-02T15:01:50.1160744Z       33 |     // Verify redirect to login
Core Validation & E2E	Run Playwright Tests	2026-09-02T15:01:50.1161313Z       34 |     await expect(page).toHaveURL(/.*\/login/);
Core Validation & E2E	Run Playwright Tests	2026-09-02T15:01:50.1162256Z         at /mnt/c/Users/krish/actions-runner/_work/ERP-1/ERP-1/apps/web/e2e/proxy-security.spec.ts:31:56
Core Validation & E2E	Run Playwright Tests	2026-09-02T15:01:50.1162924Z 
Core Validation & E2E	Run Playwright Tests	2026-09-02T15:01:50.1163940Z     Error Context: test-results/proxy-security-Proxy-Middl-2a5ca-urity-Logout-remains-usable-mobile-chrome-branchadmin-retry1/error-context.md
Core Validation & E2E	Run Playwright Tests	2026-09-02T15:01:50.1164983Z 
Core Validation & E2E	Run Playwright Tests	2026-09-02T15:01:50.1165810Z     attachment #2: trace (application/zip) ─────────────────────────────────────────────────────────
Core Validation & E2E	Run Playwright Tests	2026-09-02T15:01:50.1167230Z     test-results/proxy-security-Proxy-Middl-2a5ca-urity-Logout-remains-usable-mobile-chrome-branchadmin-retry1/trace.zip
Core Validation & E2E	Run Playwright Tests	2026-09-02T15:01:50.1168356Z     Usage:
Core Validation & E2E	Run Playwright Tests	2026-09-02T15:01:50.1168570Z 
Core Validation & E2E	Run Playwright Tests	2026-09-02T15:01:50.1169717Z         npx playwright show-trace test-results/proxy-security-Proxy-Middl-2a5ca-urity-Logout-remains-usable-mobile-chrome-branchadmin-retry1/trace.zip
Core Validation & E2E	Run Playwright Tests	2026-09-02T15:01:50.1170900Z 
Core Validation & E2E	Run Playwright Tests	2026-09-02T15:01:50.1171590Z     ────────────────────────────────────────────────────────────────────────────────────────────────
Core Validation & E2E	Run Playwright Tests	2026-09-02T15:01:50.1172110Z 
Core Validation & E2E	Run Playwright Tests	2026-09-02T15:01:50.1172772Z     Retry #2 ───────────────────────────────────────────────────────────────────────────────────────
Core Validation & E2E	Run Playwright Tests	2026-09-02T15:01:50.1173333Z 
Core Validation & E2E	Run Playwright Tests	2026-09-02T15:01:50.1173548Z     Test timeout of 30000ms exceeded.
Core Validation & E2E	Run Playwright Tests	2026-09-02T15:01:50.1173863Z 
Core Validation & E2E	Run Playwright Tests	2026-09-02T15:01:50.1174182Z     Error: locator.click: Test timeout of 30000ms exceeded.
Core Validation & E2E	Run Playwright Tests	2026-09-02T15:01:50.1174669Z     Call log:
Core Validation & E2E	Run Playwright Tests	2026-09-02T15:01:50.1174962Z       - waiting for getByRole('button', { name: 'Logout' })
Core Validation & E2E	Run Playwright Tests	2026-09-02T15:01:50.1175187Z 
Core Validation & E2E	Run Playwright Tests	2026-09-02T15:01:50.1175201Z 
Core Validation & E2E	Run Playwright Tests	2026-09-02T15:01:50.1175281Z       29 |     
Core Validation & E2E	Run Playwright Tests	2026-09-02T15:01:50.1176092Z       30 |     // Perform logout
Core Validation & E2E	Run Playwright Tests	2026-09-02T15:01:50.1183940Z     > 31 |     await page.getByRole('button', { name: 'Logout' }).click();
Core Validation & E2E	Run Playwright Tests	2026-09-02T15:01:50.1185481Z          |                                                        ^
Core Validation & E2E	Run Playwright Tests	2026-09-02T15:01:50.1186014Z       32 |     
Core Validation & E2E	Run Playwright Tests	2026-09-02T15:01:50.1186437Z       33 |     // Verify redirect to login
Core Validation & E2E	Run Playwright Tests	2026-09-02T15:01:50.1187363Z       34 |     await expect(page).toHaveURL(/.*\/login/);
Core Validation & E2E	Run Playwright Tests	2026-09-02T15:01:50.1188479Z         at /mnt/c/Users/krish/actions-runner/_work/ERP-1/ERP-1/apps/web/e2e/proxy-security.spec.ts:31:56
Core Validation & E2E	Run Playwright Tests	2026-09-02T15:01:50.1194298Z 
Core Validation & E2E	Run Playwright Tests	2026-09-02T15:01:50.1195137Z     Error Context: test-results/proxy-security-Proxy-Middl-2a5ca-urity-Logout-remains-usable-mobile-chrome-branchadmin-retry2/error-context.md
Core Validation & E2E	Run Playwright Tests	2026-09-02T15:01:50.1195922Z 
Core Validation & E2E	Run Playwright Tests	2026-09-02T15:01:50.1195930Z 
Core Validation & E2E	Run Playwright Tests	2026-09-02T15:02:01.3312086Z [399/626] [mobile-chrome-branchadmin] › e2e/proxy-security.spec.ts:42:9 › Proxy / Middleware Runtime Security › Password Reset Flow › User requiring password reset is redirected to /auth/update-password
Core Validation & E2E	Run Playwright Tests	2026-09-02T15:02:00.3068495Z [400/626] (retries) [mobile-chrome-branchadmin] › e2e/proxy-security.spec.ts:42:9 › Proxy / Middleware Runtime Security › Password Reset Flow › User requiring password reset is redirected to /auth/update-password (retry #1)
Core Validation & E2E	Run Playwright Tests	2026-09-02T15:02:08.2833813Z [401/626] (retries) [mobile-chrome-branchadmin] › e2e/proxy-security.spec.ts:42:9 › Proxy / Middleware Runtime Security › Password Reset Flow › User requiring password reset is redirected to /auth/update-password (retry #2)
Core Validation & E2E	Run Playwright Tests	2026-09-02T15:02:13.5586290Z   20) [mobile-chrome-branchadmin] › e2e/proxy-security.spec.ts:42:9 › Proxy / Middleware Runtime Security › Password Reset Flow › User requiring password reset is redirected to /auth/update-password 
Core Validation & E2E	Run Playwright Tests	2026-09-02T15:02:13.5587279Z 
Core Validation & E2E	Run Playwright Tests	2026-09-02T15:02:13.5587489Z     Error: expect(page).toHaveURL(expected) failed
Core Validation & E2E	Run Playwright Tests	2026-09-02T15:02:13.5587721Z 
Core Validation & E2E	Run Playwright Tests	2026-09-02T15:02:13.5587886Z     Expected pattern: /.*\/auth\/update-password/
Core Validation & E2E	Run Playwright Tests	2026-09-02T15:02:13.5588360Z     Received string:  "http://localhost:3000/login"
Core Validation & E2E	Run Playwright Tests	2026-09-02T15:02:13.5588828Z     Timeout: 5000ms
Core Validation & E2E	Run Playwright Tests	2026-09-02T15:02:13.5589049Z 
Core Validation & E2E	Run Playwright Tests	2026-09-02T15:02:13.5589225Z     Call log:
Core Validation & E2E	Run Playwright Tests	2026-09-02T15:02:13.5589550Z       - Expect "toHaveURL" with timeout 5000ms
Core Validation & E2E	Run Playwright Tests	2026-09-02T15:02:13.5590180Z         13 × locator resolved to <html lang="en" class="h-full antialiased">…</html>
Core Validation & E2E	Run Playwright Tests	2026-09-02T15:02:13.5590665Z            - unexpected value "http://localhost:3000/login"
Core Validation & E2E	Run Playwright Tests	2026-09-02T15:02:13.5590905Z 
Core Validation & E2E	Run Playwright Tests	2026-09-02T15:02:13.5590934Z 
Core Validation & E2E	Run Playwright Tests	2026-09-02T15:02:13.5591018Z       51 |
Core Validation & E2E	Run Playwright Tests	2026-09-02T15:02:13.5591279Z       52 |       // Should be forced to update-password
Core Validation & E2E	Run Playwright Tests	2026-09-02T15:02:13.5592452Z     > 53 |       await expect(page).toHaveURL(/.*\/auth\/update-password/);
Core Validation & E2E	Run Playwright Tests	2026-09-02T15:02:13.5592885Z          |                          ^
Core Validation & E2E	Run Playwright Tests	2026-09-02T15:02:13.5593366Z       54 |       await expect(page.getByRole('heading', { name: 'Update Password' })).toBeVisible();
Core Validation & E2E	Run Playwright Tests	2026-09-02T15:02:13.5594002Z       55 |
Core Validation & E2E	Run Playwright Tests	2026-09-02T15:02:13.5594626Z       56 |       // Trying to navigate to a protected page directly should still redirect
Core Validation & E2E	Run Playwright Tests	2026-09-02T15:02:13.5595442Z         at /mnt/c/Users/krish/actions-runner/_work/ERP-1/ERP-1/apps/web/e2e/proxy-security.spec.ts:53:26
Core Validation & E2E	Run Playwright Tests	2026-09-02T15:02:13.5595824Z 
Core Validation & E2E	Run Playwright Tests	2026-09-02T15:02:13.5596367Z     Error Context: test-results/proxy-security-Proxy-Middl-e4437-ted-to-auth-update-password-mobile-chrome-branchadmin/error-context.md
Core Validation & E2E	Run Playwright Tests	2026-09-02T15:02:13.5596933Z 
Core Validation & E2E	Run Playwright Tests	2026-09-02T15:02:13.5597353Z     Retry #1 ───────────────────────────────────────────────────────────────────────────────────────
Core Validation & E2E	Run Playwright Tests	2026-09-02T15:02:13.5603009Z 
Core Validation & E2E	Run Playwright Tests	2026-09-02T15:02:13.5603228Z     Error: expect(page).toHaveURL(expected) failed
Core Validation & E2E	Run Playwright Tests	2026-09-02T15:02:13.5603450Z 
Core Validation & E2E	Run Playwright Tests	2026-09-02T15:02:13.5603616Z     Expected pattern: /.*\/auth\/update-password/
Core Validation & E2E	Run Playwright Tests	2026-09-02T15:02:13.5604006Z     Received string:  "http://localhost:3000/login"
Core Validation & E2E	Run Playwright Tests	2026-09-02T15:02:13.5604314Z     Timeout: 5000ms
Core Validation & E2E	Run Playwright Tests	2026-09-02T15:02:13.5604443Z 
Core Validation & E2E	Run Playwright Tests	2026-09-02T15:02:13.5604524Z     Call log:
Core Validation & E2E	Run Playwright Tests	2026-09-02T15:02:13.5604777Z       - Expect "toHaveURL" with timeout 5000ms
Core Validation & E2E	Run Playwright Tests	2026-09-02T15:02:13.5610145Z         14 × locator resolved to <html lang="en" class="h-full antialiased">…</html>
Core Validation & E2E	Run Playwright Tests	2026-09-02T15:02:13.5610710Z            - unexpected value "http://localhost:3000/login"
Core Validation & E2E	Run Playwright Tests	2026-09-02T15:02:13.5610985Z 
Core Validation & E2E	Run Playwright Tests	2026-09-02T15:02:13.5610992Z 
Core Validation & E2E	Run Playwright Tests	2026-09-02T15:02:13.5611402Z       51 |
Core Validation & E2E	Run Playwright Tests	2026-09-02T15:02:13.5611823Z       52 |       // Should be forced to update-password
Core Validation & E2E	Run Playwright Tests	2026-09-02T15:02:13.5612277Z     > 53 |       await expect(page).toHaveURL(/.*\/auth\/update-password/);
Core Validation & E2E	Run Playwright Tests	2026-09-02T15:02:13.5612675Z          |                          ^
Core Validation & E2E	Run Playwright Tests	2026-09-02T15:02:13.5613148Z       54 |       await expect(page.getByRole('heading', { name: 'Update Password' })).toBeVisible();
Core Validation & E2E	Run Playwright Tests	2026-09-02T15:02:13.5613571Z       55 |
Core Validation & E2E	Run Playwright Tests	2026-09-02T15:02:13.5614381Z       56 |       // Trying to navigate to a protected page directly should still redirect
Core Validation & E2E	Run Playwright Tests	2026-09-02T15:02:13.5615058Z         at /mnt/c/Users/krish/actions-runner/_work/ERP-1/ERP-1/apps/web/e2e/proxy-security.spec.ts:53:26
Core Validation & E2E	Run Playwright Tests	2026-09-02T15:02:13.5615468Z 
Core Validation & E2E	Run Playwright Tests	2026-09-02T15:02:13.5616049Z     Error Context: test-results/proxy-security-Proxy-Middl-e4437-ted-to-auth-update-password-mobile-chrome-branchadmin-retry1/error-context.md
Core Validation & E2E	Run Playwright Tests	2026-09-02T15:02:13.5616651Z 
Core Validation & E2E	Run Playwright Tests	2026-09-02T15:02:13.5617104Z     attachment #2: trace (application/zip) ─────────────────────────────────────────────────────────
Core Validation & E2E	Run Playwright Tests	2026-09-02T15:02:13.5618923Z     test-results/proxy-security-Proxy-Middl-e4437-ted-to-auth-update-password-mobile-chrome-branchadmin-retry1/trace.zip
Core Validation & E2E	Run Playwright Tests	2026-09-02T15:02:13.5619570Z     Usage:
Core Validation & E2E	Run Playwright Tests	2026-09-02T15:02:13.5619681Z 
Core Validation & E2E	Run Playwright Tests	2026-09-02T15:02:13.5620301Z         npx playwright show-trace test-results/proxy-security-Proxy-Middl-e4437-ted-to-auth-update-password-mobile-chrome-branchadmin-retry1/trace.zip
Core Validation & E2E	Run Playwright Tests	2026-09-02T15:02:13.5620946Z 
Core Validation & E2E	Run Playwright Tests	2026-09-02T15:02:13.5621342Z     ────────────────────────────────────────────────────────────────────────────────────────────────
Core Validation & E2E	Run Playwright Tests	2026-09-02T15:02:13.5621644Z 
Core Validation & E2E	Run Playwright Tests	2026-09-02T15:02:13.5621999Z     Retry #2 ───────────────────────────────────────────────────────────────────────────────────────
Core Validation & E2E	Run Playwright Tests	2026-09-02T15:02:13.5622299Z 
Core Validation & E2E	Run Playwright Tests	2026-09-02T15:02:13.5622463Z     Error: expect(page).toHaveURL(expected) failed
Core Validation & E2E	Run Playwright Tests	2026-09-02T15:02:13.5622682Z 
Core Validation & E2E	Run Playwright Tests	2026-09-02T15:02:13.5622833Z     Expected pattern: /.*\/auth\/update-password/
Core Validation & E2E	Run Playwright Tests	2026-09-02T15:02:13.5623209Z     Received string:  "http://localhost:3000/login"
Core Validation & E2E	Run Playwright Tests	2026-09-02T15:02:13.5623509Z     Timeout: 5000ms
Core Validation & E2E	Run Playwright Tests	2026-09-02T15:02:13.5623625Z 
Core Validation & E2E	Run Playwright Tests	2026-09-02T15:02:13.5623710Z     Call log:
Core Validation & E2E	Run Playwright Tests	2026-09-02T15:02:13.5623974Z       - Expect "toHaveURL" with timeout 5000ms
Core Validation & E2E	Run Playwright Tests	2026-09-02T15:02:13.5624640Z         13 × locator resolved to <html lang="en" class="h-full antialiased">…</html>
Core Validation & E2E	Run Playwright Tests	2026-09-02T15:02:13.5625273Z            - unexpected value "http://localhost:3000/login"
Core Validation & E2E	Run Playwright Tests	2026-09-02T15:02:13.5625513Z 
Core Validation & E2E	Run Playwright Tests	2026-09-02T15:02:13.5625519Z 
Core Validation & E2E	Run Playwright Tests	2026-09-02T15:02:13.5625603Z       51 |
Core Validation & E2E	Run Playwright Tests	2026-09-02T15:02:13.5625864Z       52 |       // Should be forced to update-password
Core Validation & E2E	Run Playwright Tests	2026-09-02T15:02:13.5626466Z     > 53 |       await expect(page).toHaveURL(/.*\/auth\/update-password/);
Core Validation & E2E	Run Playwright Tests	2026-09-02T15:02:13.5626935Z          |                          ^
Core Validation & E2E	Run Playwright Tests	2026-09-02T15:02:13.5627424Z       54 |       await expect(page.getByRole('heading', { name: 'Update Password' })).toBeVisible();
Core Validation & E2E	Run Playwright Tests	2026-09-02T15:02:13.5627861Z       55 |
Core Validation & E2E	Run Playwright Tests	2026-09-02T15:02:13.5628550Z       56 |       // Trying to navigate to a protected page directly should still redirect
Core Validation & E2E	Run Playwright Tests	2026-09-02T15:02:13.5629231Z         at /mnt/c/Users/krish/actions-runner/_work/ERP-1/ERP-1/apps/web/e2e/proxy-security.spec.ts:53:26
Core Validation & E2E	Run Playwright Tests	2026-09-02T15:02:13.5635913Z 
Core Validation & E2E	Run Playwright Tests	2026-09-02T15:02:13.5636807Z     Error Context: test-results/proxy-security-Proxy-Middl-e4437-ted-to-auth-update-password-mobile-chrome-branchadmin-retry2/error-context.md
Core Validation & E2E	Run Playwright Tests	2026-09-02T15:02:13.5637690Z 
Core Validation & E2E	Run Playwright Tests	2026-09-02T15:02:13.5637698Z 
Core Validation & E2E	Run Playwright Tests	2026-09-02T15:02:16.1581211Z [402/626] [mobile-chrome-branchadmin] › e2e/scheduling.spec.ts:13:7 › Scheduling Management › Branch Admin can manage rooms, bell schedules, and periods
Core Validation & E2E	Run Playwright Tests	2026-09-02T15:02:16.3200765Z [403/626] [mobile-chrome-branchadmin] › e2e/scheduling.spec.ts:99:7 › Scheduling Security - Teacher Role › Teacher cannot perform administrative mutations
Core Validation & E2E	Run Playwright Tests	2026-09-02T15:02:16.3506632Z [404/626] [mobile-chrome-branchadmin] › e2e/scheduling.spec.ts:119:7 › Scheduling Security - Cross Branch › Cross-branch manipulation is rejected
Core Validation & E2E	Run Playwright Tests	2026-09-02T15:02:17.7383010Z [405/626] [mobile-chrome-branchadmin] › e2e/storage.spec.ts:34:7 › Storage Runtime Authorization (Communication) › Teacher can upload attachment to their own draft and unauthorized users cannot read
Core Validation & E2E	Run Playwright Tests	2026-09-02T15:02:17.8206878Z [406/626] [mobile-chrome-branchadmin] › e2e/students-security.spec.ts:17:7 › Students Page Authorization › Branch Admin can access /students for their own branch
Core Validation & E2E	Run Playwright Tests	2026-09-02T15:02:18.6161064Z [407/626] [mobile-chrome-branchadmin] › e2e/students-security.spec.ts:35:7 › Students Page Authorization › Teacher can access /students in read-only mode
Core Validation & E2E	Run Playwright Tests	2026-09-02T15:02:18.7000637Z [408/626] [mobile-chrome-branchadmin] › e2e/students-security.spec.ts:52:7 › Students Page Authorization › Students page rejects access with invalid branch context
Core Validation & E2E	Run Playwright Tests	2026-09-02T15:02:19.1550974Z [409/626] [mobile-chrome-branchadmin] › e2e/students-security.spec.ts:67:7 › Students/New Page Authorization › Branch Admin can access /students/new for their branch
Core Validation & E2E	Run Playwright Tests	2026-09-02T15:02:19.6641766Z [410/626] [mobile-chrome-branchadmin] › e2e/students-security.spec.ts:80:7 › Students/New Page Authorization › Teacher cannot access /students/new (read-only role)
Core Validation & E2E	Run Playwright Tests	2026-09-02T15:02:19.7629755Z [411/626] [mobile-chrome-branchadmin] › e2e/students-security.spec.ts:91:7 › Students/New Page Authorization › Students/new page does not contain hardcoded branch/org IDs
Core Validation & E2E	Run Playwright Tests	2026-09-02T15:02:20.1754058Z [412/626] [mobile-chrome-branchadmin] › e2e/students-security.spec.ts:104:7 › Students/New Page Authorization › Students/new rejects cross-branch access
Core Validation & E2E	Run Playwright Tests	2026-09-02T15:02:20.6541402Z [413/626] [mobile-chrome-branchadmin] › e2e/students-security.spec.ts:119:7 › Students Detail Page Authorization › Student detail page enforces branch context
Core Validation & E2E	Run Playwright Tests	2026-09-02T15:02:21.0583521Z [414/626] [mobile-chrome-branchadmin] › e2e/students-security.spec.ts:131:7 › Students Detail Page Authorization › Student detail page rejects cross-branch access
Core Validation & E2E	Run Playwright Tests	2026-09-02T15:02:21.4952288Z [415/626] [mobile-chrome-branchadmin] › e2e/substitutions.spec.ts:33:7 › Substitutions Management › Branch Admin CRUD & Conflicts › should manage substitutions and handle conflicts
Core Validation & E2E	Run Playwright Tests	2026-09-02T15:02:21.5308818Z [416/626] [mobile-chrome-branchadmin] › e2e/substitutions.spec.ts:281:9 › Substitutions Management › Teacher Roles › should view substitutions but cannot create
Core Validation & E2E	Run Playwright Tests	2026-09-02T15:02:21.5920711Z [417/626] [mobile-chrome-branchadmin] › e2e/timetable.spec.ts:27:9 › Timetable Management › Branch Admin CRUD & Conflicts › should manage timetable entries and handle conflicts
Core Validation & E2E	Run Playwright Tests	2026-09-02T15:02:21.6228751Z [418/626] [mobile-chrome-branchadmin] › e2e/timetable.spec.ts:168:9 › Timetable Management › Teacher Roles › should view timetable but cannot create entries
Core Validation & E2E	Run Playwright Tests	2026-09-02T15:02:23.7370245Z [419/626] [mobile-chrome-teacher] › e2e/academic-structure.spec.ts:6:7 › Academic Structure Role Tests › Teacher gets Access Denied when trying to create and sees branch identity without switching
Core Validation & E2E	Run Playwright Tests	2026-09-02T15:02:24.9564415Z [420/626] [mobile-chrome-teacher] › e2e/academic-structure.spec.ts:22:7 › Academic Structure Role Tests › Branch Admin can create, edit, and delete an Academic Year but cannot switch branch
Core Validation & E2E	Run Playwright Tests	2026-09-02T15:02:25.0735271Z [421/626] [mobile-chrome-teacher] › e2e/academic-structure.spec.ts:58:7 › Academic Structure Role Tests › Branch Admin attempting to access another branch resource is denied
Core Validation & E2E	Run Playwright Tests	2026-09-02T15:02:25.2081883Z [422/626] [mobile-chrome-teacher] › e2e/adversarial-security.spec.ts:38:9 › Adversarial Server-Boundary Security › Teacher Role Mutations › Teacher cannot mutate attendance for unauthorized branch
Core Validation & E2E	Run Playwright Tests	2026-09-02T15:02:25.2969937Z [423/626] [mobile-chrome-teacher] › e2e/adversarial-security.spec.ts:63:9 › Adversarial Server-Boundary Security › Teacher Role Mutations › Teacher cannot mutate homework for unauthorized branch
Core Validation & E2E	Run Playwright Tests	2026-09-02T15:02:25.4109980Z [424/626] [mobile-chrome-teacher] › e2e/adversarial-security.spec.ts:104:9 › Adversarial Server-Boundary Security › Teacher Role Mutations › Teacher cannot publish communication messages (admin-only)
Core Validation & E2E	Run Playwright Tests	2026-09-02T15:02:25.4643869Z [425/626] [mobile-chrome-teacher] › e2e/adversarial-security.spec.ts:131:9 › Adversarial Server-Boundary Security › Teacher Role Mutations › Teacher cannot mutate a locked attendance session directly via RPC
Core Validation & E2E	Run Playwright Tests	2026-09-02T15:02:25.5516475Z [426/626] [mobile-chrome-teacher] › e2e/adversarial-security.spec.ts:176:9 › Adversarial Server-Boundary Security › Guardian Role Mutations › Guardian cannot mutate attendance for their own child
Core Validation & E2E	Run Playwright Tests	2026-09-02T15:02:25.6138417Z [427/626] [mobile-chrome-teacher] › e2e/app-config.spec.ts:5:7 › App Config Admin Tests › Teacher gets Access Denied when trying to access app config
Core Validation & E2E	Run Playwright Tests	2026-09-02T15:02:26.0505353Z [428/626] [mobile-chrome-teacher] › e2e/app-config.spec.ts:15:7 › App Config Admin Tests › Branch Admin can view and edit their branch app config
Core Validation & E2E	Run Playwright Tests	2026-09-02T15:02:26.1270203Z [429/626] [mobile-chrome-teacher] › e2e/app-config.spec.ts:40:7 › App Config Admin Tests › Super Admin can view and edit app configs across branches
Core Validation & E2E	Run Playwright Tests	2026-09-02T15:02:26.2840727Z [430/626] [mobile-chrome-teacher] › e2e/attendance.spec.ts:11:9 › Attendance Management › Teacher Flow (chromium-teacher) › Teacher can mark, save, and lock attendance
Core Validation & E2E	Run Playwright Tests	2026-09-02T15:02:26.3205625Z [431/626] [mobile-chrome-teacher] › e2e/attendance.spec.ts:64:9 › Attendance Management › Teacher Flow (chromium-teacher) › Teacher cannot bypass authorization for another branch
Core Validation & E2E	Run Playwright Tests	2026-09-02T15:02:26.3509353Z [432/626] [mobile-chrome-teacher] › e2e/attendance.spec.ts:76:9 › Attendance Management › Branch Admin Flow (chromium-branchadmin) › Admin can mark, save, lock, publish, and correct attendance
Core Validation & E2E	Run Playwright Tests	2026-09-02T15:02:26.3816829Z [433/626] [mobile-chrome-teacher] › e2e/attendance.spec.ts:145:9 › Attendance Management › Guardian History Flow (chromium-guardian) › Guardian can view published absences
Core Validation & E2E	Run Playwright Tests	2026-09-02T15:02:26.4127740Z [434/626] [mobile-chrome-teacher] › e2e/attendance.spec.ts:155:9 › Attendance Management › Guardian History Flow (chromium-guardian) › Guardian cannot access attendance entry page
Core Validation & E2E	Run Playwright Tests	2026-09-02T15:02:26.4735717Z [435/626] [mobile-chrome-teacher] › e2e/auth-password-reset.spec.ts:7:7 › Temporary Credentials Enforcement › User with force_password_reset=true is redirected and can reset
Core Validation & E2E	Run Playwright Tests	2026-09-02T15:02:26.5692528Z [436/626] [mobile-chrome-teacher] › e2e/auth-password-reset.spec.ts:62:7 › Temporary Credentials Enforcement › Normal user without force_password_reset can login normally
Core Validation & E2E	Run Playwright Tests	2026-09-02T15:02:31.0014163Z [437/626] [mobile-chrome-teacher] › e2e/branch-context.spec.ts:39:9 › branch-context authorization helpers › Super Admin Semantics › auth_is_super_admin() is true
Core Validation & E2E	Run Playwright Tests	2026-09-02T15:02:31.0155861Z [438/626] [mobile-chrome-teacher] › e2e/branch-context.spec.ts:44:9 › branch-context authorization helpers › Super Admin Semantics › auth_has_org_access() is true for authorized org
Core Validation & E2E	Run Playwright Tests	2026-09-02T15:02:31.0281759Z [439/626] [mobile-chrome-teacher] › e2e/branch-context.spec.ts:49:9 › branch-context authorization helpers › Super Admin Semantics › auth_has_branch_membership() is true for branch in authorized org
Core Validation & E2E	Run Playwright Tests	2026-09-02T15:02:31.0419906Z [440/626] [mobile-chrome-teacher] › e2e/branch-context.spec.ts:53:9 › branch-context authorization helpers › Super Admin Semantics › auth_has_branch_membership() is false for branch in unauthorized org
Core Validation & E2E	Run Playwright Tests	2026-09-02T15:02:31.0541105Z [441/626] [mobile-chrome-teacher] › e2e/branch-context.spec.ts:57:9 › branch-context authorization helpers › Super Admin Semantics › auth_has_branch_role() is false unless an explicit real role assignment exists
Core Validation & E2E	Run Playwright Tests	2026-09-02T15:02:31.0677225Z [442/626] [mobile-chrome-teacher] › e2e/branch-context.spec.ts:68:9 › branch-context authorization helpers › Branch Admin Semantics › branchadmin role is true for own branch
Core Validation & E2E	Run Playwright Tests	2026-09-02T15:02:31.0804655Z [443/626] [mobile-chrome-teacher] › e2e/branch-context.spec.ts:72:9 › branch-context authorization helpers › Branch Admin Semantics › teacher role is false unless explicitly assigned
Core Validation & E2E	Run Playwright Tests	2026-09-02T15:02:31.0934105Z [444/626] [mobile-chrome-teacher] › e2e/branch-context.spec.ts:76:9 › branch-context authorization helpers › Branch Admin Semantics › other branch is false
Core Validation & E2E	Run Playwright Tests	2026-09-02T15:02:31.1082609Z [445/626] [mobile-chrome-teacher] › e2e/branch-context.spec.ts:80:9 › branch-context authorization helpers › Branch Admin Semantics › wrong org is false
Core Validation & E2E	Run Playwright Tests	2026-09-02T15:02:31.1205604Z [446/626] [mobile-chrome-teacher] › e2e/branch-context.spec.ts:86:9 › branch-context authorization helpers › Teacher Semantics › teacher role is true in own branch
Core Validation & E2E	Run Playwright Tests	2026-09-02T15:02:31.1337633Z [447/626] [mobile-chrome-teacher] › e2e/branch-context.spec.ts:90:9 › branch-context authorization helpers › Teacher Semantics › branchadmin role is false
Core Validation & E2E	Run Playwright Tests	2026-09-02T15:02:31.1488875Z [448/626] [mobile-chrome-teacher] › e2e/branch-context.spec.ts:94:9 › branch-context authorization helpers › Teacher Semantics › other branch is false
Core Validation & E2E	Run Playwright Tests	2026-09-02T15:02:31.1625250Z [449/626] [mobile-chrome-teacher] › e2e/branch-context.spec.ts:98:9 › branch-context authorization helpers › Teacher Semantics › wrong org is false
Core Validation & E2E	Run Playwright Tests	2026-09-02T15:02:31.2081861Z [450/626] [mobile-chrome-teacher] › e2e/calendar.spec.ts:24:7 › Calendar UI › Teacher cannot mutate calendar events or operating days
Core Validation & E2E	Run Playwright Tests	2026-09-02T15:02:31.7099047Z [451/626] [mobile-chrome-teacher] › e2e/calendar.spec.ts:79:9 › Calendar UI › Branch Admin Calendar Mutations › Branch Admin can manage operating days
Core Validation & E2E	Run Playwright Tests	2026-09-02T15:02:31.8254267Z [452/626] [mobile-chrome-teacher] › e2e/calendar.spec.ts:128:9 › Calendar UI › Branch Admin Calendar Mutations › Branch Admin can create, edit, and archive calendar events
Core Validation & E2E	Run Playwright Tests	2026-09-02T15:02:31.9563510Z [453/626] [mobile-chrome-teacher] › e2e/communication.spec.ts:5:7 › Communication End-to-End Workflows › Branch Admin can create an announcement and view it in Sent
Core Validation & E2E	Run Playwright Tests	2026-09-02T15:02:32.0325488Z [454/626] [mobile-chrome-teacher] › e2e/communication.spec.ts:26:7 › Communication End-to-End Workflows › Teacher can create class announcement and branch-wide targeting is denied
Core Validation & E2E	Run Playwright Tests	2026-09-02T15:02:32.0462667Z [455/626] [mobile-chrome-teacher] › e2e/communication.spec.ts:61:7 › Communication End-to-End Workflows › Recipient can view message in inbox
Core Validation & E2E	Run Playwright Tests	2026-09-02T15:02:32.0694337Z [456/626] [mobile-chrome-teacher] › e2e/communication.spec.ts:163:7 › Communication End-to-End Workflows › Teacher rate limit enforces exactly 5 messages per day
Core Validation & E2E	Run Playwright Tests	2026-09-02T15:02:32.1174579Z [457/626] [mobile-chrome-teacher] › e2e/homework.spec.ts:11:9 › Homework E2E - Phase 5 › Teacher Creation Flow › Teacher creates, saves draft, and publishes
Core Validation & E2E	Run Playwright Tests	2026-09-02T15:02:32.1448143Z [458/626] [mobile-chrome-teacher] › e2e/homework.spec.ts:63:9 › Homework E2E - Phase 5 › Guardian View Flow › Guardian views homework but cannot submit
Core Validation & E2E	Run Playwright Tests	2026-09-02T15:02:32.1722313Z [459/626] [mobile-chrome-teacher] › e2e/homework.spec.ts:86:9 › Homework E2E - Phase 5 › Unauthorized Access › Unauthorized access to creation page is blocked
Core Validation & E2E	Run Playwright Tests	2026-09-02T15:02:32.2313351Z [460/626] [mobile-chrome-teacher] › e2e/proxy-security.spec.ts:5:7 › Proxy / Middleware Runtime Security › Unauthenticated user is redirected to /login
Core Validation & E2E	Run Playwright Tests	2026-09-02T15:02:39.2464307Z [461/626] (retries) [mobile-chrome-teacher] › e2e/proxy-security.spec.ts:5:7 › Proxy / Middleware Runtime Security › Unauthenticated user is redirected to /login (retry #1)
Core Validation & E2E	Run Playwright Tests	2026-09-02T15:02:47.3345384Z [462/626] (retries) [mobile-chrome-teacher] › e2e/proxy-security.spec.ts:5:7 › Proxy / Middleware Runtime Security › Unauthenticated user is redirected to /login (retry #2)
Core Validation & E2E	Run Playwright Tests	2026-09-02T15:02:52.5372662Z   21) [mobile-chrome-teacher] › e2e/proxy-security.spec.ts:5:7 › Proxy / Middleware Runtime Security › Unauthenticated user is redirected to /login 
Core Validation & E2E	Run Playwright Tests	2026-09-02T15:02:52.5374427Z 
Core Validation & E2E	Run Playwright Tests	2026-09-02T15:02:52.5374649Z     Error: expect(locator).toBeVisible() failed
Core Validation & E2E	Run Playwright Tests	2026-09-02T15:02:52.5374873Z 
Core Validation & E2E	Run Playwright Tests	2026-09-02T15:02:52.5375052Z     Locator: getByRole('heading', { name: 'Sign in' })
Core Validation & E2E	Run Playwright Tests	2026-09-02T15:02:52.5375370Z     Expected: visible
Core Validation & E2E	Run Playwright Tests	2026-09-02T15:02:52.5375620Z     Timeout: 5000ms
Core Validation & E2E	Run Playwright Tests	2026-09-02T15:02:52.5375846Z     Error: element(s) not found
Core Validation & E2E	Run Playwright Tests	2026-09-02T15:02:52.5376005Z 
Core Validation & E2E	Run Playwright Tests	2026-09-02T15:02:52.5376091Z     Call log:
Core Validation & E2E	Run Playwright Tests	2026-09-02T15:02:52.5376345Z       - Expect "toBeVisible" with timeout 5000ms
Core Validation & E2E	Run Playwright Tests	2026-09-02T15:02:52.5376717Z       - waiting for getByRole('heading', { name: 'Sign in' })
Core Validation & E2E	Run Playwright Tests	2026-09-02T15:02:52.5376945Z 
Core Validation & E2E	Run Playwright Tests	2026-09-02T15:02:52.5376952Z 
Core Validation & E2E	Run Playwright Tests	2026-09-02T15:02:52.5377113Z       11 |     // Should be redirected by proxy.ts to login
Core Validation & E2E	Run Playwright Tests	2026-09-02T15:02:52.5377484Z       12 |     await expect(page).toHaveURL(/.*\/login/);
Core Validation & E2E	Run Playwright Tests	2026-09-02T15:02:52.5378250Z     > 13 |     await expect(page.getByRole('heading', { name: 'Sign in' })).toBeVisible();
Core Validation & E2E	Run Playwright Tests	2026-09-02T15:02:52.5379371Z          |                                                                  ^
Core Validation & E2E	Run Playwright Tests	2026-09-02T15:02:52.5379740Z       14 |     await context.close();
Core Validation & E2E	Run Playwright Tests	2026-09-02T15:02:52.5379995Z       15 |   });
Core Validation & E2E	Run Playwright Tests	2026-09-02T15:02:52.5380183Z       16 |
Core Validation & E2E	Run Playwright Tests	2026-09-02T15:02:52.5380644Z         at /mnt/c/Users/krish/actions-runner/_work/ERP-1/ERP-1/apps/web/e2e/proxy-security.spec.ts:13:66
Core Validation & E2E	Run Playwright Tests	2026-09-02T15:02:52.5381075Z 
Core Validation & E2E	Run Playwright Tests	2026-09-02T15:03:01.2074305Z     Error Context: test-results/proxy-security-Proxy-Middl-28b94-user-is-redirected-to-login-mobile-chrome-teacher/error-context.md
Core Validation & E2E	Run Playwright Tests	2026-09-02T15:03:01.2074908Z 
Core Validation & E2E	Run Playwright Tests	2026-09-02T15:03:01.2075471Z     Retry #1 ───────────────────────────────────────────────────────────────────────────────────────
Core Validation & E2E	Run Playwright Tests	2026-09-02T15:03:01.2076211Z 
Core Validation & E2E	Run Playwright Tests	2026-09-02T15:03:01.2076542Z     Error: expect(locator).toBeVisible() failed
Core Validation & E2E	Run Playwright Tests	2026-09-02T15:03:01.2076789Z 
Core Validation & E2E	Run Playwright Tests	2026-09-02T15:03:01.2076976Z     Locator: getByRole('heading', { name: 'Sign in' })
Core Validation & E2E	Run Playwright Tests	2026-09-02T15:03:01.2077340Z     Expected: visible
Core Validation & E2E	Run Playwright Tests	2026-09-02T15:03:01.2077731Z     Timeout: 5000ms
Core Validation & E2E	Run Playwright Tests	2026-09-02T15:03:01.2078146Z     Error: element(s) not found
Core Validation & E2E	Run Playwright Tests	2026-09-02T15:03:01.2078485Z 
Core Validation & E2E	Run Playwright Tests	2026-09-02T15:03:01.2078593Z     Call log:
Core Validation & E2E	Run Playwright Tests	2026-09-02T15:03:01.2078899Z       - Expect "toBeVisible" with timeout 5000ms
Core Validation & E2E	Run Playwright Tests	2026-09-02T15:03:01.2079315Z       - waiting for getByRole('heading', { name: 'Sign in' })
Core Validation & E2E	Run Playwright Tests	2026-09-02T15:03:01.2079624Z 
Core Validation & E2E	Run Playwright Tests	2026-09-02T15:03:01.2079632Z 
Core Validation & E2E	Run Playwright Tests	2026-09-02T15:03:01.2079870Z       11 |     // Should be redirected by proxy.ts to login
Core Validation & E2E	Run Playwright Tests	2026-09-02T15:03:01.2080710Z       12 |     await expect(page).toHaveURL(/.*\/login/);
Core Validation & E2E	Run Playwright Tests	2026-09-02T15:03:01.2081307Z     > 13 |     await expect(page.getByRole('heading', { name: 'Sign in' })).toBeVisible();
Core Validation & E2E	Run Playwright Tests	2026-09-02T15:03:01.2082015Z          |                                                                  ^
Core Validation & E2E	Run Playwright Tests	2026-09-02T15:03:01.2088100Z       14 |     await context.close();
Core Validation & E2E	Run Playwright Tests	2026-09-02T15:03:01.2088554Z       15 |   });
Core Validation & E2E	Run Playwright Tests	2026-09-02T15:03:01.2088911Z       16 |
Core Validation & E2E	Run Playwright Tests	2026-09-02T15:03:01.2089796Z         at /mnt/c/Users/krish/actions-runner/_work/ERP-1/ERP-1/apps/web/e2e/proxy-security.spec.ts:13:66
Core Validation & E2E	Run Playwright Tests	2026-09-02T15:03:01.2090555Z 
Core Validation & E2E	Run Playwright Tests	2026-09-02T15:03:01.2091657Z     Error Context: test-results/proxy-security-Proxy-Middl-28b94-user-is-redirected-to-login-mobile-chrome-teacher-retry1/error-context.md
Core Validation & E2E	Run Playwright Tests	2026-09-02T15:03:01.2092282Z 
Core Validation & E2E	Run Playwright Tests	2026-09-02T15:03:01.2097774Z     attachment #2: trace (application/zip) ─────────────────────────────────────────────────────────
Core Validation & E2E	Run Playwright Tests	2026-09-02T15:03:01.2098648Z     test-results/proxy-security-Proxy-Middl-28b94-user-is-redirected-to-login-mobile-chrome-teacher-retry1/trace.zip
Core Validation & E2E	Run Playwright Tests	2026-09-02T15:03:01.2099234Z     Usage:
Core Validation & E2E	Run Playwright Tests	2026-09-02T15:03:01.2099338Z 
Core Validation & E2E	Run Playwright Tests	2026-09-02T15:03:01.2099921Z         npx playwright show-trace test-results/proxy-security-Proxy-Middl-28b94-user-is-redirected-to-login-mobile-chrome-teacher-retry1/trace.zip
Core Validation & E2E	Run Playwright Tests	2026-09-02T15:03:01.2100524Z 
Core Validation & E2E	Run Playwright Tests	2026-09-02T15:03:01.2100899Z     ────────────────────────────────────────────────────────────────────────────────────────────────
Core Validation & E2E	Run Playwright Tests	2026-09-02T15:03:01.2101183Z 
Core Validation & E2E	Run Playwright Tests	2026-09-02T15:03:01.2101527Z     Retry #2 ───────────────────────────────────────────────────────────────────────────────────────
Core Validation & E2E	Run Playwright Tests	2026-09-02T15:03:01.2101805Z 
Core Validation & E2E	Run Playwright Tests	2026-09-02T15:03:01.2101955Z     Error: expect(locator).toBeVisible() failed
Core Validation & E2E	Run Playwright Tests	2026-09-02T15:03:01.2102152Z 
Core Validation & E2E	Run Playwright Tests	2026-09-02T15:03:01.2102308Z     Locator: getByRole('heading', { name: 'Sign in' })
Core Validation & E2E	Run Playwright Tests	2026-09-02T15:03:01.2102614Z     Expected: visible
Core Validation & E2E	Run Playwright Tests	2026-09-02T15:03:01.2102823Z     Timeout: 5000ms
Core Validation & E2E	Run Playwright Tests	2026-09-02T15:03:01.2103046Z     Error: element(s) not found
Core Validation & E2E	Run Playwright Tests	2026-09-02T15:03:01.2103494Z 
Core Validation & E2E	Run Playwright Tests	2026-09-02T15:03:01.2103602Z     Call log:
Core Validation & E2E	Run Playwright Tests	2026-09-02T15:03:01.2103884Z       - Expect "toBeVisible" with timeout 5000ms
Core Validation & E2E	Run Playwright Tests	2026-09-02T15:03:01.2104858Z       - waiting for getByRole('heading', { name: 'Sign in' })
Core Validation & E2E	Run Playwright Tests	2026-09-02T15:03:01.2105150Z 
Core Validation & E2E	Run Playwright Tests	2026-09-02T15:03:01.2105176Z 
Core Validation & E2E	Run Playwright Tests	2026-09-02T15:03:01.2105364Z       11 |     // Should be redirected by proxy.ts to login
Core Validation & E2E	Run Playwright Tests	2026-09-02T15:03:01.2105757Z       12 |     await expect(page).toHaveURL(/.*\/login/);
Core Validation & E2E	Run Playwright Tests	2026-09-02T15:03:01.2106241Z     > 13 |     await expect(page.getByRole('heading', { name: 'Sign in' })).toBeVisible();
Core Validation & E2E	Run Playwright Tests	2026-09-02T15:03:01.2106704Z          |                                                                  ^
Core Validation & E2E	Run Playwright Tests	2026-09-02T15:03:01.2107032Z       14 |     await context.close();
Core Validation & E2E	Run Playwright Tests	2026-09-02T15:03:01.2107280Z       15 |   });
Core Validation & E2E	Run Playwright Tests	2026-09-02T15:03:01.2107473Z       16 |
Core Validation & E2E	Run Playwright Tests	2026-09-02T15:03:01.2107927Z         at /mnt/c/Users/krish/actions-runner/_work/ERP-1/ERP-1/apps/web/e2e/proxy-security.spec.ts:13:66
Core Validation & E2E	Run Playwright Tests	2026-09-02T15:03:01.2108297Z 
Core Validation & E2E	Run Playwright Tests	2026-09-02T15:03:01.2108850Z     Error Context: test-results/proxy-security-Proxy-Middl-28b94-user-is-redirected-to-login-mobile-chrome-teacher-retry2/error-context.md
Core Validation & E2E	Run Playwright Tests	2026-09-02T15:03:01.2109423Z 
Core Validation & E2E	Run Playwright Tests	2026-09-02T15:03:01.2109428Z 
Core Validation & E2E	Run Playwright Tests	2026-09-02T15:02:54.6225415Z [463/626] [mobile-chrome-teacher] › e2e/proxy-security.spec.ts:17:7 › Proxy / Middleware Runtime Security › Normal authenticated user is not incorrectly redirected
Core Validation & E2E	Run Playwright Tests	2026-09-02T15:02:55.4567800Z [464/626] [mobile-chrome-teacher] › e2e/proxy-security.spec.ts:25:7 › Proxy / Middleware Runtime Security › Logout remains usable
Core Validation & E2E	Run Playwright Tests	2026-09-02T15:03:25.5159370Z [465/626] (retries) [mobile-chrome-teacher] › e2e/proxy-security.spec.ts:25:7 › Proxy / Middleware Runtime Security › Logout remains usable (retry #1)
Core Validation & E2E	Run Playwright Tests	2026-09-02T15:03:55.7138916Z [466/626] (retries) [mobile-chrome-teacher] › e2e/proxy-security.spec.ts:25:7 › Proxy / Middleware Runtime Security › Logout remains usable (retry #2)
Core Validation & E2E	Run Playwright Tests	2026-09-02T15:04:23.0581493Z   22) [mobile-chrome-teacher] › e2e/proxy-security.spec.ts:25:7 › Proxy / Middleware Runtime Security › Logout remains usable 
Core Validation & E2E	Run Playwright Tests	2026-09-02T15:04:23.0582204Z 
Core Validation & E2E	Run Playwright Tests	2026-09-02T15:04:23.0582614Z     Test timeout of 30000ms exceeded.
Core Validation & E2E	Run Playwright Tests	2026-09-02T15:04:23.0583085Z 
Core Validation & E2E	Run Playwright Tests	2026-09-02T15:04:23.0583642Z     Error: locator.click: Test timeout of 30000ms exceeded.
Core Validation & E2E	Run Playwright Tests	2026-09-02T15:04:23.0589101Z     Call log:
Core Validation & E2E	Run Playwright Tests	2026-09-02T15:04:23.0589421Z       - waiting for getByRole('button', { name: 'Logout' })
Core Validation & E2E	Run Playwright Tests	2026-09-02T15:04:23.0589657Z 
Core Validation & E2E	Run Playwright Tests	2026-09-02T15:04:23.0589664Z 
Core Validation & E2E	Run Playwright Tests	2026-09-02T15:04:23.0589742Z       29 |     
Core Validation & E2E	Run Playwright Tests	2026-09-02T15:04:23.0589978Z       30 |     // Perform logout
Core Validation & E2E	Run Playwright Tests	2026-09-02T15:04:23.0590343Z     > 31 |     await page.getByRole('button', { name: 'Logout' }).click();
Core Validation & E2E	Run Playwright Tests	2026-09-02T15:04:23.0590745Z          |                                                        ^
Core Validation & E2E	Run Playwright Tests	2026-09-02T15:04:23.0591021Z       32 |     
Core Validation & E2E	Run Playwright Tests	2026-09-02T15:04:23.0599076Z       33 |     // Verify redirect to login
Core Validation & E2E	Run Playwright Tests	2026-09-02T15:04:23.0600185Z       34 |     await expect(page).toHaveURL(/.*\/login/);
Core Validation & E2E	Run Playwright Tests	2026-09-02T15:04:23.0601113Z         at /mnt/c/Users/krish/actions-runner/_work/ERP-1/ERP-1/apps/web/e2e/proxy-security.spec.ts:31:56
Core Validation & E2E	Run Playwright Tests	2026-09-02T15:04:23.0601711Z 
Core Validation & E2E	Run Playwright Tests	2026-09-02T15:04:23.0602592Z     Error Context: test-results/proxy-security-Proxy-Middl-2a5ca-urity-Logout-remains-usable-mobile-chrome-teacher/error-context.md
Core Validation & E2E	Run Playwright Tests	2026-09-02T15:04:23.0603584Z 
Core Validation & E2E	Run Playwright Tests	2026-09-02T15:04:23.0604494Z     Retry #1 ───────────────────────────────────────────────────────────────────────────────────────
Core Validation & E2E	Run Playwright Tests	2026-09-02T15:04:23.0605019Z 
Core Validation & E2E	Run Playwright Tests	2026-09-02T15:04:23.0605232Z     Test timeout of 30000ms exceeded.
Core Validation & E2E	Run Playwright Tests	2026-09-02T15:04:23.0605878Z 
Core Validation & E2E	Run Playwright Tests	2026-09-02T15:04:23.0606221Z     Error: locator.click: Test timeout of 30000ms exceeded.
Core Validation & E2E	Run Playwright Tests	2026-09-02T15:04:23.0606751Z     Call log:
Core Validation & E2E	Run Playwright Tests	2026-09-02T15:04:23.0607226Z       - waiting for getByRole('button', { name: 'Logout' })
Core Validation & E2E	Run Playwright Tests	2026-09-02T15:04:23.0607603Z 
Core Validation & E2E	Run Playwright Tests	2026-09-02T15:04:23.0607644Z 
Core Validation & E2E	Run Playwright Tests	2026-09-02T15:04:23.0607764Z       29 |     
Core Validation & E2E	Run Playwright Tests	2026-09-02T15:04:23.0608143Z       30 |     // Perform logout
Core Validation & E2E	Run Playwright Tests	2026-09-02T15:04:23.0608750Z     > 31 |     await page.getByRole('button', { name: 'Logout' }).click();
Core Validation & E2E	Run Playwright Tests	2026-09-02T15:04:23.0609398Z          |                                                        ^
Core Validation & E2E	Run Playwright Tests	2026-09-02T15:04:23.0611227Z       32 |     
Core Validation & E2E	Run Playwright Tests	2026-09-02T15:04:23.0611631Z       33 |     // Verify redirect to login
Core Validation & E2E	Run Playwright Tests	2026-09-02T15:04:23.0612009Z       34 |     await expect(page).toHaveURL(/.*\/login/);
Core Validation & E2E	Run Playwright Tests	2026-09-02T15:04:23.0612597Z         at /mnt/c/Users/krish/actions-runner/_work/ERP-1/ERP-1/apps/web/e2e/proxy-security.spec.ts:31:56
Core Validation & E2E	Run Playwright Tests	2026-09-02T15:04:23.0612977Z 
Core Validation & E2E	Run Playwright Tests	2026-09-02T15:04:23.0613993Z     Error Context: test-results/proxy-security-Proxy-Middl-2a5ca-urity-Logout-remains-usable-mobile-chrome-teacher-retry1/error-context.md
Core Validation & E2E	Run Playwright Tests	2026-09-02T15:04:23.0614905Z 
Core Validation & E2E	Run Playwright Tests	2026-09-02T15:04:23.0615517Z     attachment #2: trace (application/zip) ─────────────────────────────────────────────────────────
Core Validation & E2E	Run Playwright Tests	2026-09-02T15:04:23.0616438Z     test-results/proxy-security-Proxy-Middl-2a5ca-urity-Logout-remains-usable-mobile-chrome-teacher-retry1/trace.zip
Core Validation & E2E	Run Playwright Tests	2026-09-02T15:04:23.0617087Z     Usage:
Core Validation & E2E	Run Playwright Tests	2026-09-02T15:04:23.0617197Z 
Core Validation & E2E	Run Playwright Tests	2026-09-02T15:04:23.0617822Z         npx playwright show-trace test-results/proxy-security-Proxy-Middl-2a5ca-urity-Logout-remains-usable-mobile-chrome-teacher-retry1/trace.zip
Core Validation & E2E	Run Playwright Tests	2026-09-02T15:04:23.0618455Z 
Core Validation & E2E	Run Playwright Tests	2026-09-02T15:04:23.0618802Z     ────────────────────────────────────────────────────────────────────────────────────────────────
Core Validation & E2E	Run Playwright Tests	2026-09-02T15:04:23.0624923Z 
Core Validation & E2E	Run Playwright Tests	2026-09-02T15:04:23.0625415Z     Retry #2 ───────────────────────────────────────────────────────────────────────────────────────
Core Validation & E2E	Run Playwright Tests	2026-09-02T15:04:23.0625711Z 
Core Validation & E2E	Run Playwright Tests	2026-09-02T15:04:23.0625919Z     Test timeout of 30000ms exceeded.
Core Validation & E2E	Run Playwright Tests	2026-09-02T15:04:23.0626200Z 
Core Validation & E2E	Run Playwright Tests	2026-09-02T15:04:23.0626444Z     Error: locator.click: Test timeout of 30000ms exceeded.
Core Validation & E2E	Run Playwright Tests	2026-09-02T15:04:23.0626773Z     Call log:
Core Validation & E2E	Run Playwright Tests	2026-09-02T15:04:23.0627578Z       - waiting for getByRole('button', { name: 'Logout' })
Core Validation & E2E	Run Playwright Tests	2026-09-02T15:04:23.0632488Z 
Core Validation & E2E	Run Playwright Tests	2026-09-02T15:04:23.0632501Z 
Core Validation & E2E	Run Playwright Tests	2026-09-02T15:04:23.0632633Z       29 |     
Core Validation & E2E	Run Playwright Tests	2026-09-02T15:04:23.0632942Z       30 |     // Perform logout
Core Validation & E2E	Run Playwright Tests	2026-09-02T15:04:23.0633777Z     > 31 |     await page.getByRole('button', { name: 'Logout' }).click();
Core Validation & E2E	Run Playwright Tests	2026-09-02T15:04:23.0634349Z          |                                                        ^
Core Validation & E2E	Run Playwright Tests	2026-09-02T15:04:23.0634657Z       32 |     
Core Validation & E2E	Run Playwright Tests	2026-09-02T15:04:23.0634922Z       33 |     // Verify redirect to login
Core Validation & E2E	Run Playwright Tests	2026-09-02T15:04:23.0635272Z       34 |     await expect(page).toHaveURL(/.*\/login/);
Core Validation & E2E	Run Playwright Tests	2026-09-02T15:04:23.0635838Z         at /mnt/c/Users/krish/actions-runner/_work/ERP-1/ERP-1/apps/web/e2e/proxy-security.spec.ts:31:56
Core Validation & E2E	Run Playwright Tests	2026-09-02T15:04:23.0636220Z 
Core Validation & E2E	Run Playwright Tests	2026-09-02T15:04:23.0636790Z     Error Context: test-results/proxy-security-Proxy-Middl-2a5ca-urity-Logout-remains-usable-mobile-chrome-teacher-retry2/error-context.md
Core Validation & E2E	Run Playwright Tests	2026-09-02T15:04:23.0637385Z 
Core Validation & E2E	Run Playwright Tests	2026-09-02T15:04:23.0637392Z 
Core Validation & E2E	Run Playwright Tests	2026-09-02T15:04:25.5271595Z [467/626] [mobile-chrome-teacher] › e2e/proxy-security.spec.ts:42:9 › Proxy / Middleware Runtime Security › Password Reset Flow › User requiring password reset is redirected to /auth/update-password
Core Validation & E2E	Run Playwright Tests	2026-09-02T15:04:32.6150457Z [468/626] (retries) [mobile-chrome-teacher] › e2e/proxy-security.spec.ts:42:9 › Proxy / Middleware Runtime Security › Password Reset Flow › User requiring password reset is redirected to /auth/update-password (retry #1)
Core Validation & E2E	Run Playwright Tests	2026-09-02T15:04:40.7906170Z [469/626] (retries) [mobile-chrome-teacher] › e2e/proxy-security.spec.ts:42:9 › Proxy / Middleware Runtime Security › Password Reset Flow › User requiring password reset is redirected to /auth/update-password (retry #2)
Core Validation & E2E	Run Playwright Tests	2026-09-02T15:04:45.9261413Z   23) [mobile-chrome-teacher] › e2e/proxy-security.spec.ts:42:9 › Proxy / Middleware Runtime Security › Password Reset Flow › User requiring password reset is redirected to /auth/update-password 
Core Validation & E2E	Run Playwright Tests	2026-09-02T15:04:45.9262250Z 
Core Validation & E2E	Run Playwright Tests	2026-09-02T15:04:45.9262443Z     Error: expect(page).toHaveURL(expected) failed
Core Validation & E2E	Run Playwright Tests	2026-09-02T15:04:45.9262701Z 
Core Validation & E2E	Run Playwright Tests	2026-09-02T15:04:45.9262870Z     Expected pattern: /.*\/auth\/update-password/
Core Validation & E2E	Run Playwright Tests	2026-09-02T15:04:45.9263256Z     Received string:  "http://localhost:3000/login"
Core Validation & E2E	Run Playwright Tests	2026-09-02T15:04:45.9263555Z     Timeout: 5000ms
Core Validation & E2E	Run Playwright Tests	2026-09-02T15:04:45.9263699Z 
Core Validation & E2E	Run Playwright Tests	2026-09-02T15:04:45.9263783Z     Call log:
Core Validation & E2E	Run Playwright Tests	2026-09-02T15:04:45.9264031Z       - Expect "toHaveURL" with timeout 5000ms
Core Validation & E2E	Run Playwright Tests	2026-09-02T15:04:45.9265342Z         13 × locator resolved to <html lang="en" class="h-full antialiased">…</html>
Core Validation & E2E	Run Playwright Tests	2026-09-02T15:04:45.9265908Z            - unexpected value "http://localhost:3000/login"
Core Validation & E2E	Run Playwright Tests	2026-09-02T15:04:45.9266157Z 
Core Validation & E2E	Run Playwright Tests	2026-09-02T15:04:45.9266164Z 
Core Validation & E2E	Run Playwright Tests	2026-09-02T15:04:45.9266494Z       51 |
Core Validation & E2E	Run Playwright Tests	2026-09-02T15:04:45.9266848Z       52 |       // Should be forced to update-password
Core Validation & E2E	Run Playwright Tests	2026-09-02T15:04:45.9267295Z     > 53 |       await expect(page).toHaveURL(/.*\/auth\/update-password/);
Core Validation & E2E	Run Playwright Tests	2026-09-02T15:04:45.9267678Z          |                          ^
Core Validation & E2E	Run Playwright Tests	2026-09-02T15:04:45.9268153Z       54 |       await expect(page.getByRole('heading', { name: 'Update Password' })).toBeVisible();
Core Validation & E2E	Run Playwright Tests	2026-09-02T15:04:45.9268842Z       55 |
Core Validation & E2E	Run Playwright Tests	2026-09-02T15:04:45.9269292Z       56 |       // Trying to navigate to a protected page directly should still redirect
Core Validation & E2E	Run Playwright Tests	2026-09-02T15:04:45.9269960Z         at /mnt/c/Users/krish/actions-runner/_work/ERP-1/ERP-1/apps/web/e2e/proxy-security.spec.ts:53:26
Core Validation & E2E	Run Playwright Tests	2026-09-02T15:04:45.9271162Z 
Core Validation & E2E	Run Playwright Tests	2026-09-02T15:04:45.9271722Z     Error Context: test-results/proxy-security-Proxy-Middl-e4437-ted-to-auth-update-password-mobile-chrome-teacher/error-context.md
Core Validation & E2E	Run Playwright Tests	2026-09-02T15:04:45.9277966Z 
Core Validation & E2E	Run Playwright Tests	2026-09-02T15:04:45.9278705Z     Retry #1 ───────────────────────────────────────────────────────────────────────────────────────
Core Validation & E2E	Run Playwright Tests	2026-09-02T15:04:45.9279245Z 
Core Validation & E2E	Run Playwright Tests	2026-09-02T15:04:45.9279547Z     Error: expect(page).toHaveURL(expected) failed
Core Validation & E2E	Run Playwright Tests	2026-09-02T15:04:45.9279791Z 
Core Validation & E2E	Run Playwright Tests	2026-09-02T15:04:45.9279976Z     Expected pattern: /.*\/auth\/update-password/
Core Validation & E2E	Run Playwright Tests	2026-09-02T15:04:45.9280361Z     Received string:  "http://localhost:3000/login"
Core Validation & E2E	Run Playwright Tests	2026-09-02T15:04:45.9285117Z     Timeout: 5000ms
Core Validation & E2E	Run Playwright Tests	2026-09-02T15:04:45.9285260Z 
Core Validation & E2E	Run Playwright Tests	2026-09-02T15:04:45.9285342Z     Call log:
Core Validation & E2E	Run Playwright Tests	2026-09-02T15:04:45.9285618Z       - Expect "toHaveURL" with timeout 5000ms
Core Validation & E2E	Run Playwright Tests	2026-09-02T15:04:45.9286203Z         14 × locator resolved to <html lang="en" class="h-full antialiased">…</html>
Core Validation & E2E	Run Playwright Tests	2026-09-02T15:04:45.9286694Z            - unexpected value "http://localhost:3000/login"
Core Validation & E2E	Run Playwright Tests	2026-09-02T15:04:45.9286928Z 
Core Validation & E2E	Run Playwright Tests	2026-09-02T15:04:45.9286934Z 
Core Validation & E2E	Run Playwright Tests	2026-09-02T15:04:45.9287029Z       51 |
Core Validation & E2E	Run Playwright Tests	2026-09-02T15:04:45.9287295Z       52 |       // Should be forced to update-password
Core Validation & E2E	Run Playwright Tests	2026-09-02T15:04:45.9287723Z     > 53 |       await expect(page).toHaveURL(/.*\/auth\/update-password/);
Core Validation & E2E	Run Playwright Tests	2026-09-02T15:04:45.9288469Z          |                          ^
Core Validation & E2E	Run Playwright Tests	2026-09-02T15:04:45.9289012Z       54 |       await expect(page.getByRole('heading', { name: 'Update Password' })).toBeVisible();
Core Validation & E2E	Run Playwright Tests	2026-09-02T15:04:45.9289430Z       55 |
Core Validation & E2E	Run Playwright Tests	2026-09-02T15:04:45.9289796Z       56 |       // Trying to navigate to a protected page directly should still redirect
Core Validation & E2E	Run Playwright Tests	2026-09-02T15:04:45.9290458Z         at /mnt/c/Users/krish/actions-runner/_work/ERP-1/ERP-1/apps/web/e2e/proxy-security.spec.ts:53:26
Core Validation & E2E	Run Playwright Tests	2026-09-02T15:04:45.9290821Z 
Core Validation & E2E	Run Playwright Tests	2026-09-02T15:04:45.9291370Z     Error Context: test-results/proxy-security-Proxy-Middl-e4437-ted-to-auth-update-password-mobile-chrome-teacher-retry1/error-context.md
Core Validation & E2E	Run Playwright Tests	2026-09-02T15:04:45.9291937Z 
Core Validation & E2E	Run Playwright Tests	2026-09-02T15:04:45.9292359Z     attachment #2: trace (application/zip) ─────────────────────────────────────────────────────────
Core Validation & E2E	Run Playwright Tests	2026-09-02T15:04:45.9293956Z     test-results/proxy-security-Proxy-Middl-e4437-ted-to-auth-update-password-mobile-chrome-teacher-retry1/trace.zip
Core Validation & E2E	Run Playwright Tests	2026-09-02T15:04:45.9294642Z     Usage:
Core Validation & E2E	Run Playwright Tests	2026-09-02T15:04:45.9294759Z 
Core Validation & E2E	Run Playwright Tests	2026-09-02T15:04:45.9295359Z         npx playwright show-trace test-results/proxy-security-Proxy-Middl-e4437-ted-to-auth-update-password-mobile-chrome-teacher-retry1/trace.zip
Core Validation & E2E	Run Playwright Tests	2026-09-02T15:04:45.9295958Z 
Core Validation & E2E	Run Playwright Tests	2026-09-02T15:04:45.9296366Z     ────────────────────────────────────────────────────────────────────────────────────────────────
Core Validation & E2E	Run Playwright Tests	2026-09-02T15:04:45.9296676Z 
Core Validation & E2E	Run Playwright Tests	2026-09-02T15:04:45.9297029Z     Retry #2 ───────────────────────────────────────────────────────────────────────────────────────
Core Validation & E2E	Run Playwright Tests	2026-09-02T15:04:45.9297309Z 
Core Validation & E2E	Run Playwright Tests	2026-09-02T15:04:45.9297475Z     Error: expect(page).toHaveURL(expected) failed
Core Validation & E2E	Run Playwright Tests	2026-09-02T15:04:45.9297692Z 
Core Validation & E2E	Run Playwright Tests	2026-09-02T15:04:45.9297844Z     Expected pattern: /.*\/auth\/update-password/
Core Validation & E2E	Run Playwright Tests	2026-09-02T15:04:45.9298225Z     Received string:  "http://localhost:3000/login"
Core Validation & E2E	Run Playwright Tests	2026-09-02T15:04:45.9303409Z     Timeout: 5000ms
Core Validation & E2E	Run Playwright Tests	2026-09-02T15:04:45.9303553Z 
Core Validation & E2E	Run Playwright Tests	2026-09-02T15:04:45.9303637Z     Call log:
Core Validation & E2E	Run Playwright Tests	2026-09-02T15:04:45.9303891Z       - Expect "toHaveURL" with timeout 5000ms
Core Validation & E2E	Run Playwright Tests	2026-09-02T15:04:45.9304453Z         14 × locator resolved to <html lang="en" class="h-full antialiased">…</html>
Core Validation & E2E	Run Playwright Tests	2026-09-02T15:04:45.9304928Z            - unexpected value "http://localhost:3000/login"
Core Validation & E2E	Run Playwright Tests	2026-09-02T15:04:45.9305155Z 
Core Validation & E2E	Run Playwright Tests	2026-09-02T15:04:45.9305160Z 
Core Validation & E2E	Run Playwright Tests	2026-09-02T15:04:45.9305245Z       51 |
Core Validation & E2E	Run Playwright Tests	2026-09-02T15:04:45.9305498Z       52 |       // Should be forced to update-password
Core Validation & E2E	Run Playwright Tests	2026-09-02T15:04:45.9310668Z     > 53 |       await expect(page).toHaveURL(/.*\/auth\/update-password/);
Core Validation & E2E	Run Playwright Tests	2026-09-02T15:04:45.9311143Z          |                          ^
Core Validation & E2E	Run Playwright Tests	2026-09-02T15:04:45.9311620Z       54 |       await expect(page.getByRole('heading', { name: 'Update Password' })).toBeVisible();
Core Validation & E2E	Run Playwright Tests	2026-09-02T15:04:45.9312034Z       55 |
Core Validation & E2E	Run Playwright Tests	2026-09-02T15:04:45.9312385Z       56 |       // Trying to navigate to a protected page directly should still redirect
Core Validation & E2E	Run Playwright Tests	2026-09-02T15:04:45.9313026Z         at /mnt/c/Users/krish/actions-runner/_work/ERP-1/ERP-1/apps/web/e2e/proxy-security.spec.ts:53:26
Core Validation & E2E	Run Playwright Tests	2026-09-02T15:04:45.9313390Z 
Core Validation & E2E	Run Playwright Tests	2026-09-02T15:04:45.9313937Z     Error Context: test-results/proxy-security-Proxy-Middl-e4437-ted-to-auth-update-password-mobile-chrome-teacher-retry2/error-context.md
Core Validation & E2E	Run Playwright Tests	2026-09-02T15:04:45.9314505Z 
Core Validation & E2E	Run Playwright Tests	2026-09-02T15:04:45.9314511Z 
Core Validation & E2E	Run Playwright Tests	2026-09-02T15:04:47.9320921Z [470/626] [mobile-chrome-teacher] › e2e/scheduling.spec.ts:13:7 › Scheduling Management › Branch Admin can manage rooms, bell schedules, and periods
Core Validation & E2E	Run Playwright Tests	2026-09-02T15:04:48.0975565Z [471/626] [mobile-chrome-teacher] › e2e/scheduling.spec.ts:99:7 › Scheduling Security - Teacher Role › Teacher cannot perform administrative mutations
Core Validation & E2E	Run Playwright Tests	2026-09-02T15:04:48.1469603Z [472/626] [mobile-chrome-teacher] › e2e/scheduling.spec.ts:119:7 › Scheduling Security - Cross Branch › Cross-branch manipulation is rejected
Core Validation & E2E	Run Playwright Tests	2026-09-02T15:04:49.8117870Z [473/626] [mobile-chrome-teacher] › e2e/storage.spec.ts:34:7 › Storage Runtime Authorization (Communication) › Teacher can upload attachment to their own draft and unauthorized users cannot read
Core Validation & E2E	Run Playwright Tests	2026-09-02T15:04:49.8870017Z [474/626] [mobile-chrome-teacher] › e2e/students-security.spec.ts:17:7 › Students Page Authorization › Branch Admin can access /students for their own branch
Core Validation & E2E	Run Playwright Tests	2026-09-02T15:04:50.1053436Z [475/626] [mobile-chrome-teacher] › e2e/students-security.spec.ts:35:7 › Students Page Authorization › Teacher can access /students in read-only mode
Core Validation & E2E	Run Playwright Tests	2026-09-02T15:04:50.3380328Z [476/626] [mobile-chrome-teacher] › e2e/students-security.spec.ts:52:7 › Students Page Authorization › Students page rejects access with invalid branch context
Core Validation & E2E	Run Playwright Tests	2026-09-02T15:04:50.4343372Z [477/626] [mobile-chrome-teacher] › e2e/students-security.spec.ts:67:7 › Students/New Page Authorization › Branch Admin can access /students/new for their branch
Core Validation & E2E	Run Playwright Tests	2026-09-02T15:04:50.5177754Z [478/626] [mobile-chrome-teacher] › e2e/students-security.spec.ts:80:7 › Students/New Page Authorization › Teacher cannot access /students/new (read-only role)
Core Validation & E2E	Run Playwright Tests	2026-09-02T15:04:50.9368235Z [479/626] [mobile-chrome-teacher] › e2e/students-security.spec.ts:91:7 › Students/New Page Authorization › Students/new page does not contain hardcoded branch/org IDs
Core Validation & E2E	Run Playwright Tests	2026-09-02T15:04:51.0032667Z [480/626] [mobile-chrome-teacher] › e2e/students-security.spec.ts:104:7 › Students/New Page Authorization › Students/new rejects cross-branch access
Core Validation & E2E	Run Playwright Tests	2026-09-02T15:04:51.0731831Z [481/626] [mobile-chrome-teacher] › e2e/students-security.spec.ts:119:7 › Students Detail Page Authorization › Student detail page enforces branch context
Core Validation & E2E	Run Playwright Tests	2026-09-02T15:04:51.1427203Z [482/626] [mobile-chrome-teacher] › e2e/students-security.spec.ts:131:7 › Students Detail Page Authorization › Student detail page rejects cross-branch access
Core Validation & E2E	Run Playwright Tests	2026-09-02T15:04:51.2482088Z [483/626] [mobile-chrome-teacher] › e2e/substitutions.spec.ts:33:7 › Substitutions Management › Branch Admin CRUD & Conflicts › should manage substitutions and handle conflicts
Core Validation & E2E	Run Playwright Tests	2026-09-02T15:04:51.2788566Z [484/626] [mobile-chrome-teacher] › e2e/substitutions.spec.ts:281:9 › Substitutions Management › Teacher Roles › should view substitutions but cannot create
Core Validation & E2E	Run Playwright Tests	2026-09-02T15:04:51.3411965Z [485/626] [mobile-chrome-teacher] › e2e/timetable.spec.ts:27:9 › Timetable Management › Branch Admin CRUD & Conflicts › should manage timetable entries and handle conflicts
Core Validation & E2E	Run Playwright Tests	2026-09-02T15:04:51.3668104Z [486/626] [mobile-chrome-teacher] › e2e/timetable.spec.ts:168:9 › Timetable Management › Teacher Roles › should view timetable but cannot create entries
Core Validation & E2E	Run Playwright Tests	2026-09-02T15:04:53.8396223Z [487/626] [webkit-superadmin] › e2e/academic-structure.spec.ts:6:7 › Academic Structure Role Tests › Teacher gets Access Denied when trying to create and sees branch identity without switching
Core Validation & E2E	Run Playwright Tests	2026-09-02T15:04:55.2096168Z [488/626] [webkit-superadmin] › e2e/academic-structure.spec.ts:22:7 › Academic Structure Role Tests › Branch Admin can create, edit, and delete an Academic Year but cannot switch branch
Core Validation & E2E	Run Playwright Tests	2026-09-02T15:04:55.6056708Z [489/626] [webkit-superadmin] › e2e/academic-structure.spec.ts:58:7 › Academic Structure Role Tests › Branch Admin attempting to access another branch resource is denied
Core Validation & E2E	Run Playwright Tests	2026-09-02T15:04:56.0429883Z [490/626] [webkit-superadmin] › e2e/adversarial-security.spec.ts:38:9 › Adversarial Server-Boundary Security › Teacher Role Mutations › Teacher cannot mutate attendance for unauthorized branch
Core Validation & E2E	Run Playwright Tests	2026-09-02T15:04:56.0795607Z [491/626] [webkit-superadmin] › e2e/adversarial-security.spec.ts:63:9 › Adversarial Server-Boundary Security › Teacher Role Mutations › Teacher cannot mutate homework for unauthorized branch
Core Validation & E2E	Run Playwright Tests	2026-09-02T15:04:56.1097017Z [492/626] [webkit-superadmin] › e2e/adversarial-security.spec.ts:104:9 › Adversarial Server-Boundary Security › Teacher Role Mutations › Teacher cannot publish communication messages (admin-only)
Core Validation & E2E	Run Playwright Tests	2026-09-02T15:04:56.1431705Z [493/626] [webkit-superadmin] › e2e/adversarial-security.spec.ts:131:9 › Adversarial Server-Boundary Security › Teacher Role Mutations › Teacher cannot mutate a locked attendance session directly via RPC
Core Validation & E2E	Run Playwright Tests	2026-09-02T15:04:56.1694946Z [494/626] [webkit-superadmin] › e2e/adversarial-security.spec.ts:176:9 › Adversarial Server-Boundary Security › Guardian Role Mutations › Guardian cannot mutate attendance for their own child
Core Validation & E2E	Run Playwright Tests	2026-09-02T15:04:56.2346814Z [495/626] [webkit-superadmin] › e2e/app-config.spec.ts:5:7 › App Config Admin Tests › Teacher gets Access Denied when trying to access app config
Core Validation & E2E	Run Playwright Tests	2026-09-02T15:04:56.5888531Z [496/626] [webkit-superadmin] › e2e/app-config.spec.ts:15:7 › App Config Admin Tests › Branch Admin can view and edit their branch app config
Core Validation & E2E	Run Playwright Tests	2026-09-02T15:04:57.0205870Z [497/626] [webkit-superadmin] › e2e/app-config.spec.ts:40:7 › App Config Admin Tests › Super Admin can view and edit app configs across branches
Core Validation & E2E	Run Playwright Tests	2026-09-02T15:04:58.1579446Z [498/626] [webkit-superadmin] › e2e/attendance.spec.ts:11:9 › Attendance Management › Teacher Flow (chromium-teacher) › Teacher can mark, save, and lock attendance
Core Validation & E2E	Run Playwright Tests	2026-09-02T15:04:58.2550584Z [499/626] [webkit-superadmin] › e2e/attendance.spec.ts:64:9 › Attendance Management › Teacher Flow (chromium-teacher) › Teacher cannot bypass authorization for another branch
Core Validation & E2E	Run Playwright Tests	2026-09-02T15:04:58.3151921Z [500/626] [webkit-superadmin] › e2e/attendance.spec.ts:76:9 › Attendance Management › Branch Admin Flow (chromium-branchadmin) › Admin can mark, save, lock, publish, and correct attendance
Core Validation & E2E	Run Playwright Tests	2026-09-02T15:04:58.3654846Z [501/626] [webkit-superadmin] › e2e/attendance.spec.ts:145:9 › Attendance Management › Guardian History Flow (chromium-guardian) › Guardian can view published absences
Core Validation & E2E	Run Playwright Tests	2026-09-02T15:04:58.4128300Z [502/626] [webkit-superadmin] › e2e/attendance.spec.ts:155:9 › Attendance Management › Guardian History Flow (chromium-guardian) › Guardian cannot access attendance entry page
Core Validation & E2E	Run Playwright Tests	2026-09-02T15:04:58.4959618Z [503/626] [webkit-superadmin] › e2e/auth-password-reset.spec.ts:7:7 › Temporary Credentials Enforcement › User with force_password_reset=true is redirected and can reset
Core Validation & E2E	Run Playwright Tests	2026-09-02T15:04:59.0011454Z [504/626] [webkit-superadmin] › e2e/auth-password-reset.spec.ts:62:7 › Temporary Credentials Enforcement › Normal user without force_password_reset can login normally
Core Validation & E2E	Run Playwright Tests	2026-09-02T15:05:03.7855245Z [505/626] [webkit-superadmin] › e2e/branch-context.spec.ts:39:9 › branch-context authorization helpers › Super Admin Semantics › auth_is_super_admin() is true
Core Validation & E2E	Run Playwright Tests	2026-09-02T15:05:03.8080983Z [506/626] [webkit-superadmin] › e2e/branch-context.spec.ts:44:9 › branch-context authorization helpers › Super Admin Semantics › auth_has_org_access() is true for authorized org
Core Validation & E2E	Run Playwright Tests	2026-09-02T15:05:03.8240627Z [507/626] [webkit-superadmin] › e2e/branch-context.spec.ts:49:9 › branch-context authorization helpers › Super Admin Semantics › auth_has_branch_membership() is true for branch in authorized org
Core Validation & E2E	Run Playwright Tests	2026-09-02T15:05:03.8390286Z [508/626] [webkit-superadmin] › e2e/branch-context.spec.ts:53:9 › branch-context authorization helpers › Super Admin Semantics › auth_has_branch_membership() is false for branch in unauthorized org
Core Validation & E2E	Run Playwright Tests	2026-09-02T15:05:03.8533352Z [509/626] [webkit-superadmin] › e2e/branch-context.spec.ts:57:9 › branch-context authorization helpers › Super Admin Semantics › auth_has_branch_role() is false unless an explicit real role assignment exists
Core Validation & E2E	Run Playwright Tests	2026-09-02T15:05:03.8664419Z [510/626] [webkit-superadmin] › e2e/branch-context.spec.ts:68:9 › branch-context authorization helpers › Branch Admin Semantics › branchadmin role is true for own branch
Core Validation & E2E	Run Playwright Tests	2026-09-02T15:05:03.8782995Z [511/626] [webkit-superadmin] › e2e/branch-context.spec.ts:72:9 › branch-context authorization helpers › Branch Admin Semantics › teacher role is false unless explicitly assigned
Core Validation & E2E	Run Playwright Tests	2026-09-02T15:05:03.8898577Z [512/626] [webkit-superadmin] › e2e/branch-context.spec.ts:76:9 › branch-context authorization helpers › Branch Admin Semantics › other branch is false
Core Validation & E2E	Run Playwright Tests	2026-09-02T15:05:03.9017707Z [513/626] [webkit-superadmin] › e2e/branch-context.spec.ts:80:9 › branch-context authorization helpers › Branch Admin Semantics › wrong org is false
Core Validation & E2E	Run Playwright Tests	2026-09-02T15:05:03.9123274Z [514/626] [webkit-superadmin] › e2e/branch-context.spec.ts:86:9 › branch-context authorization helpers › Teacher Semantics › teacher role is true in own branch
Core Validation & E2E	Run Playwright Tests	2026-09-02T15:05:03.9242797Z [515/626] [webkit-superadmin] › e2e/branch-context.spec.ts:90:9 › branch-context authorization helpers › Teacher Semantics › branchadmin role is false
Core Validation & E2E	Run Playwright Tests	2026-09-02T15:05:03.9375560Z [516/626] [webkit-superadmin] › e2e/branch-context.spec.ts:94:9 › branch-context authorization helpers › Teacher Semantics › other branch is false
Core Validation & E2E	Run Playwright Tests	2026-09-02T15:05:03.9495858Z [517/626] [webkit-superadmin] › e2e/branch-context.spec.ts:98:9 › branch-context authorization helpers › Teacher Semantics › wrong org is false
Core Validation & E2E	Run Playwright Tests	2026-09-02T15:05:03.9951568Z [518/626] [webkit-superadmin] › e2e/calendar.spec.ts:24:7 › Calendar UI › Teacher cannot mutate calendar events or operating days
Core Validation & E2E	Run Playwright Tests	2026-09-02T15:05:04.3522305Z [519/626] [webkit-superadmin] › e2e/calendar.spec.ts:79:9 › Calendar UI › Branch Admin Calendar Mutations › Branch Admin can manage operating days
Core Validation & E2E	Run Playwright Tests	2026-09-02T15:05:04.7349662Z [520/626] [webkit-superadmin] › e2e/calendar.spec.ts:128:9 › Calendar UI › Branch Admin Calendar Mutations › Branch Admin can create, edit, and archive calendar events
Core Validation & E2E	Run Playwright Tests	2026-09-02T15:05:05.1936461Z [521/626] [webkit-superadmin] › e2e/communication.spec.ts:5:7 › Communication End-to-End Workflows › Branch Admin can create an announcement and view it in Sent
Core Validation & E2E	Run Playwright Tests	2026-09-02T15:05:05.5464997Z [522/626] [webkit-superadmin] › e2e/communication.spec.ts:26:7 › Communication End-to-End Workflows › Teacher can create class announcement and branch-wide targeting is denied
Core Validation & E2E	Run Playwright Tests	2026-09-02T15:05:05.5616974Z [523/626] [webkit-superadmin] › e2e/communication.spec.ts:61:7 › Communication End-to-End Workflows › Recipient can view message in inbox
Core Validation & E2E	Run Playwright Tests	2026-09-02T15:05:05.5878629Z [524/626] [webkit-superadmin] › e2e/communication.spec.ts:163:7 › Communication End-to-End Workflows › Teacher rate limit enforces exactly 5 messages per day
Core Validation & E2E	Run Playwright Tests	2026-09-02T15:05:05.6362645Z [525/626] [webkit-superadmin] › e2e/homework.spec.ts:11:9 › Homework E2E - Phase 5 › Teacher Creation Flow › Teacher creates, saves draft, and publishes
Core Validation & E2E	Run Playwright Tests	2026-09-02T15:05:05.6626674Z [526/626] [webkit-superadmin] › e2e/homework.spec.ts:63:9 › Homework E2E - Phase 5 › Guardian View Flow › Guardian views homework but cannot submit
Core Validation & E2E	Run Playwright Tests	2026-09-02T15:05:05.6872835Z [527/626] [webkit-superadmin] › e2e/homework.spec.ts:86:9 › Homework E2E - Phase 5 › Unauthorized Access › Unauthorized access to creation page is blocked
Core Validation & E2E	Run Playwright Tests	2026-09-02T15:05:05.7429728Z [528/626] [webkit-superadmin] › e2e/proxy-security.spec.ts:5:7 › Proxy / Middleware Runtime Security › Unauthenticated user is redirected to /login
Core Validation & E2E	Run Playwright Tests	2026-09-02T15:05:12.9463219Z [529/626] (retries) [webkit-superadmin] › e2e/proxy-security.spec.ts:5:7 › Proxy / Middleware Runtime Security › Unauthenticated user is redirected to /login (retry #1)
Core Validation & E2E	Run Playwright Tests	2026-09-02T15:05:21.6184536Z [530/626] (retries) [webkit-superadmin] › e2e/proxy-security.spec.ts:5:7 › Proxy / Middleware Runtime Security › Unauthenticated user is redirected to /login (retry #2)
Core Validation & E2E	Run Playwright Tests	2026-09-02T15:05:27.4640030Z   24) [webkit-superadmin] › e2e/proxy-security.spec.ts:5:7 › Proxy / Middleware Runtime Security › Unauthenticated user is redirected to /login 
Core Validation & E2E	Run Playwright Tests	2026-09-02T15:05:27.4641007Z 
Core Validation & E2E	Run Playwright Tests	2026-09-02T15:05:27.4642047Z     Error: expect(locator).toBeVisible() failed
Core Validation & E2E	Run Playwright Tests	2026-09-02T15:05:27.4642518Z 
Core Validation & E2E	Run Playwright Tests	2026-09-02T15:05:27.4642880Z     Locator: getByRole('heading', { name: 'Sign in' })
Core Validation & E2E	Run Playwright Tests	2026-09-02T15:05:27.4643512Z     Expected: visible
Core Validation & E2E	Run Playwright Tests	2026-09-02T15:05:27.4643978Z     Timeout: 5000ms
Core Validation & E2E	Run Playwright Tests	2026-09-02T15:05:27.4644480Z     Error: element(s) not found
Core Validation & E2E	Run Playwright Tests	2026-09-02T15:05:27.4644848Z 
Core Validation & E2E	Run Playwright Tests	2026-09-02T15:05:27.4645030Z     Call log:
Core Validation & E2E	Run Playwright Tests	2026-09-02T15:05:27.4645536Z       - Expect "toBeVisible" with timeout 5000ms
Core Validation & E2E	Run Playwright Tests	2026-09-02T15:05:27.4646354Z       - waiting for getByRole('heading', { name: 'Sign in' })
Core Validation & E2E	Run Playwright Tests	2026-09-02T15:05:27.4646876Z 
Core Validation & E2E	Run Playwright Tests	2026-09-02T15:05:27.4646888Z 
Core Validation & E2E	Run Playwright Tests	2026-09-02T15:05:27.4647247Z       11 |     // Should be redirected by proxy.ts to login
Core Validation & E2E	Run Playwright Tests	2026-09-02T15:05:27.4648551Z       12 |     await expect(page).toHaveURL(/.*\/login/);
Core Validation & E2E	Run Playwright Tests	2026-09-02T15:05:27.4650364Z     > 13 |     await expect(page.getByRole('heading', { name: 'Sign in' })).toBeVisible();
Core Validation & E2E	Run Playwright Tests	2026-09-02T15:05:27.4651494Z          |                                                                  ^
Core Validation & E2E	Run Playwright Tests	2026-09-02T15:05:27.4652271Z       14 |     await context.close();
Core Validation & E2E	Run Playwright Tests	2026-09-02T15:05:27.4652808Z       15 |   });
Core Validation & E2E	Run Playwright Tests	2026-09-02T15:05:27.4653121Z       16 |
Core Validation & E2E	Run Playwright Tests	2026-09-02T15:05:27.4653871Z         at /mnt/c/Users/krish/actions-runner/_work/ERP-1/ERP-1/apps/web/e2e/proxy-security.spec.ts:13:66
Core Validation & E2E	Run Playwright Tests	2026-09-02T15:05:27.4654891Z 
Core Validation & E2E	Run Playwright Tests	2026-09-02T15:05:27.4655844Z     Error Context: test-results/proxy-security-Proxy-Middl-28b94-user-is-redirected-to-login-webkit-superadmin/error-context.md
Core Validation & E2E	Run Playwright Tests	2026-09-02T15:05:27.4657181Z 
Core Validation & E2E	Run Playwright Tests	2026-09-02T15:05:27.4657758Z     Retry #1 ───────────────────────────────────────────────────────────────────────────────────────
Core Validation & E2E	Run Playwright Tests	2026-09-02T15:05:27.4658079Z 
Core Validation & E2E	Run Playwright Tests	2026-09-02T15:05:27.4658248Z     Error: expect(locator).toBeVisible() failed
Core Validation & E2E	Run Playwright Tests	2026-09-02T15:05:27.4658454Z 
Core Validation & E2E	Run Playwright Tests	2026-09-02T15:05:27.4658639Z     Locator: getByRole('heading', { name: 'Sign in' })
Core Validation & E2E	Run Playwright Tests	2026-09-02T15:05:27.4658937Z     Expected: visible
Core Validation & E2E	Run Playwright Tests	2026-09-02T15:05:27.4659152Z     Timeout: 5000ms
Core Validation & E2E	Run Playwright Tests	2026-09-02T15:05:27.4659486Z     Error: element(s) not found
Core Validation & E2E	Run Playwright Tests	2026-09-02T15:05:27.4659693Z 
Core Validation & E2E	Run Playwright Tests	2026-09-02T15:05:27.4659787Z     Call log:
Core Validation & E2E	Run Playwright Tests	2026-09-02T15:05:27.4660269Z       - Expect "toBeVisible" with timeout 5000ms
Core Validation & E2E	Run Playwright Tests	2026-09-02T15:05:27.4660884Z       - waiting for getByRole('heading', { name: 'Sign in' })
Core Validation & E2E	Run Playwright Tests	2026-09-02T15:05:27.4661404Z 
Core Validation & E2E	Run Playwright Tests	2026-09-02T15:05:27.4661420Z 
Core Validation & E2E	Run Playwright Tests	2026-09-02T15:05:27.4661634Z       11 |     // Should be redirected by proxy.ts to login
Core Validation & E2E	Run Playwright Tests	2026-09-02T15:05:27.4662048Z       12 |     await expect(page).toHaveURL(/.*\/login/);
Core Validation & E2E	Run Playwright Tests	2026-09-02T15:05:27.4662538Z     > 13 |     await expect(page.getByRole('heading', { name: 'Sign in' })).toBeVisible();
Core Validation & E2E	Run Playwright Tests	2026-09-02T15:05:27.4663432Z          |                                                                  ^
Core Validation & E2E	Run Playwright Tests	2026-09-02T15:05:27.4663905Z       14 |     await context.close();
Core Validation & E2E	Run Playwright Tests	2026-09-02T15:05:27.4669557Z       15 |   });
Core Validation & E2E	Run Playwright Tests	2026-09-02T15:05:27.4670260Z       16 |
Core Validation & E2E	Run Playwright Tests	2026-09-02T15:05:27.4670903Z         at /mnt/c/Users/krish/actions-runner/_work/ERP-1/ERP-1/apps/web/e2e/proxy-security.spec.ts:13:66
Core Validation & E2E	Run Playwright Tests	2026-09-02T15:05:27.4671389Z 
Core Validation & E2E	Run Playwright Tests	2026-09-02T15:05:27.4672074Z     Error Context: test-results/proxy-security-Proxy-Middl-28b94-user-is-redirected-to-login-webkit-superadmin-retry1/error-context.md
Core Validation & E2E	Run Playwright Tests	2026-09-02T15:05:27.4672779Z 
Core Validation & E2E	Run Playwright Tests	2026-09-02T15:05:27.4673390Z     attachment #2: trace (application/zip) ─────────────────────────────────────────────────────────
Core Validation & E2E	Run Playwright Tests	2026-09-02T15:05:27.4679400Z     test-results/proxy-security-Proxy-Middl-28b94-user-is-redirected-to-login-webkit-superadmin-retry1/trace.zip
Core Validation & E2E	Run Playwright Tests	2026-09-02T15:05:27.4679991Z     Usage:
Core Validation & E2E	Run Playwright Tests	2026-09-02T15:05:27.4680106Z 
Core Validation & E2E	Run Playwright Tests	2026-09-02T15:05:27.4680678Z         npx playwright show-trace test-results/proxy-security-Proxy-Middl-28b94-user-is-redirected-to-login-webkit-superadmin-retry1/trace.zip
Core Validation & E2E	Run Playwright Tests	2026-09-02T15:05:27.4681266Z 
Core Validation & E2E	Run Playwright Tests	2026-09-02T15:05:27.4681670Z     ────────────────────────────────────────────────────────────────────────────────────────────────
Core Validation & E2E	Run Playwright Tests	2026-09-02T15:05:27.4681980Z 
Core Validation & E2E	Run Playwright Tests	2026-09-02T15:05:27.4682497Z     Retry #2 ───────────────────────────────────────────────────────────────────────────────────────
Core Validation & E2E	Run Playwright Tests	2026-09-02T15:05:27.4682808Z 
Core Validation & E2E	Run Playwright Tests	2026-09-02T15:05:27.4682979Z     Error: expect(locator).toBeVisible() failed
Core Validation & E2E	Run Playwright Tests	2026-09-02T15:05:27.4683193Z 
Core Validation & E2E	Run Playwright Tests	2026-09-02T15:05:27.4683357Z     Locator: getByRole('heading', { name: 'Sign in' })
Core Validation & E2E	Run Playwright Tests	2026-09-02T15:05:27.4683662Z     Expected: visible
Core Validation & E2E	Run Playwright Tests	2026-09-02T15:05:27.4683877Z     Timeout: 5000ms
Core Validation & E2E	Run Playwright Tests	2026-09-02T15:05:27.4684138Z     Error: element(s) not found
Core Validation & E2E	Run Playwright Tests	2026-09-02T15:05:27.4684288Z 
Core Validation & E2E	Run Playwright Tests	2026-09-02T15:05:27.4684381Z     Call log:
Core Validation & E2E	Run Playwright Tests	2026-09-02T15:05:27.4684636Z       - Expect "toBeVisible" with timeout 5000ms
Core Validation & E2E	Run Playwright Tests	2026-09-02T15:05:27.4685011Z       - waiting for getByRole('heading', { name: 'Sign in' })
Core Validation & E2E	Run Playwright Tests	2026-09-02T15:05:27.4685246Z 
Core Validation & E2E	Run Playwright Tests	2026-09-02T15:05:27.4685252Z 
Core Validation & E2E	Run Playwright Tests	2026-09-02T15:05:27.4685420Z       11 |     // Should be redirected by proxy.ts to login
Core Validation & E2E	Run Playwright Tests	2026-09-02T15:05:27.4685811Z       12 |     await expect(page).toHaveURL(/.*\/login/);
Core Validation & E2E	Run Playwright Tests	2026-09-02T15:05:27.4686286Z     > 13 |     await expect(page.getByRole('heading', { name: 'Sign in' })).toBeVisible();
Core Validation & E2E	Run Playwright Tests	2026-09-02T15:05:27.4687244Z          |                                                                  ^
Core Validation & E2E	Run Playwright Tests	2026-09-02T15:05:27.4687680Z       14 |     await context.close();
Core Validation & E2E	Run Playwright Tests	2026-09-02T15:05:27.4687954Z       15 |   });
Core Validation & E2E	Run Playwright Tests	2026-09-02T15:05:27.4688147Z       16 |
Core Validation & E2E	Run Playwright Tests	2026-09-02T15:05:27.4688602Z         at /mnt/c/Users/krish/actions-runner/_work/ERP-1/ERP-1/apps/web/e2e/proxy-security.spec.ts:13:66
Core Validation & E2E	Run Playwright Tests	2026-09-02T15:05:27.4688996Z 
Core Validation & E2E	Run Playwright Tests	2026-09-02T15:05:27.4690142Z     Error Context: test-results/proxy-security-Proxy-Middl-28b94-user-is-redirected-to-login-webkit-superadmin-retry2/error-context.md
Core Validation & E2E	Run Playwright Tests	2026-09-02T15:05:27.4690917Z 
Core Validation & E2E	Run Playwright Tests	2026-09-02T15:05:27.4690933Z 
Core Validation & E2E	Run Playwright Tests	2026-09-02T15:05:29.4349758Z [531/626] [webkit-superadmin] › e2e/proxy-security.spec.ts:17:7 › Proxy / Middleware Runtime Security › Normal authenticated user is not incorrectly redirected
Core Validation & E2E	Run Playwright Tests	2026-09-02T15:05:46.6148554Z [532/626] (retries) [webkit-superadmin] › e2e/proxy-security.spec.ts:17:7 › Proxy / Middleware Runtime Security › Normal authenticated user is not incorrectly redirected (retry #1)
Core Validation & E2E	Run Playwright Tests	2026-09-02T15:05:46.1377906Z [533/626] (retries) [webkit-superadmin] › e2e/proxy-security.spec.ts:17:7 › Proxy / Middleware Runtime Security › Normal authenticated user is not incorrectly redirected (retry #2)
Core Validation & E2E	Run Playwright Tests	2026-09-02T15:05:52.0427177Z   25) [webkit-superadmin] › e2e/proxy-security.spec.ts:17:7 › Proxy / Middleware Runtime Security › Normal authenticated user is not incorrectly redirected 
Core Validation & E2E	Run Playwright Tests	2026-09-02T15:05:52.0457000Z 
Core Validation & E2E	Run Playwright Tests	2026-09-02T15:05:52.0457328Z     Error: expect(locator).toBeVisible() failed
Core Validation & E2E	Run Playwright Tests	2026-09-02T15:05:52.0457630Z 
Core Validation & E2E	Run Playwright Tests	2026-09-02T15:05:52.0457849Z     Locator: locator('h1:has-text("Students")')
Core Validation & E2E	Run Playwright Tests	2026-09-02T15:05:52.0458258Z     Expected: visible
Core Validation & E2E	Run Playwright Tests	2026-09-02T15:05:52.0458569Z     Timeout: 5000ms
Core Validation & E2E	Run Playwright Tests	2026-09-02T15:05:52.0458906Z     Error: element(s) not found
Core Validation & E2E	Run Playwright Tests	2026-09-02T15:05:52.0459141Z 
Core Validation & E2E	Run Playwright Tests	2026-09-02T15:05:52.0459296Z     Call log:
Core Validation & E2E	Run Playwright Tests	2026-09-02T15:05:52.0459664Z       - Expect "toBeVisible" with timeout 5000ms
Core Validation & E2E	Run Playwright Tests	2026-09-02T15:05:52.0460188Z       - waiting for locator('h1:has-text("Students")')
Core Validation & E2E	Run Playwright Tests	2026-09-02T15:05:52.0460493Z 
Core Validation & E2E	Run Playwright Tests	2026-09-02T15:05:52.0460520Z 
Core Validation & E2E	Run Playwright Tests	2026-09-02T15:05:52.0460682Z       20 |     // Should NOT redirect
Core Validation & E2E	Run Playwright Tests	2026-09-02T15:05:52.0461179Z       21 |     await expect(page).toHaveURL(/.*\/students/);
Core Validation & E2E	Run Playwright Tests	2026-09-02T15:05:52.0461865Z     > 22 |     await expect(page.locator('h1:has-text("Students")')).toBeVisible();
Core Validation & E2E	Run Playwright Tests	2026-09-02T15:05:52.0462527Z          |                                                           ^
Core Validation & E2E	Run Playwright Tests	2026-09-02T15:05:52.0462942Z       23 |   });
Core Validation & E2E	Run Playwright Tests	2026-09-02T15:05:52.0463218Z       24 |
Core Validation & E2E	Run Playwright Tests	2026-09-02T15:05:52.0464242Z       25 |   test('Logout remains usable', async ({ page }) => {
Core Validation & E2E	Run Playwright Tests	2026-09-02T15:05:52.0465369Z         at /mnt/c/Users/krish/actions-runner/_work/ERP-1/ERP-1/apps/web/e2e/proxy-security.spec.ts:22:59
Core Validation & E2E	Run Playwright Tests	2026-09-02T15:05:52.0465935Z 
Core Validation & E2E	Run Playwright Tests	2026-09-02T15:05:52.0467139Z     Error Context: test-results/proxy-security-Proxy-Middl-2a6bf--not-incorrectly-redirected-webkit-superadmin/error-context.md
Core Validation & E2E	Run Playwright Tests	2026-09-02T15:05:52.0468000Z 
Core Validation & E2E	Run Playwright Tests	2026-09-02T15:05:52.0468854Z     Retry #1 ───────────────────────────────────────────────────────────────────────────────────────
Core Validation & E2E	Run Playwright Tests	2026-09-02T15:05:52.0469302Z 
Core Validation & E2E	Run Playwright Tests	2026-09-02T15:05:52.0469529Z     Error: expect(locator).toBeVisible() failed
Core Validation & E2E	Run Playwright Tests	2026-09-02T15:05:52.0469819Z 
Core Validation & E2E	Run Playwright Tests	2026-09-02T15:05:52.0470032Z     Locator: locator('h1:has-text("Students")')
Core Validation & E2E	Run Playwright Tests	2026-09-02T15:05:52.0470442Z     Expected: visible
Core Validation & E2E	Run Playwright Tests	2026-09-02T15:05:52.0470774Z     Timeout: 5000ms
Core Validation & E2E	Run Playwright Tests	2026-09-02T15:05:52.0471113Z     Error: element(s) not found
Core Validation & E2E	Run Playwright Tests	2026-09-02T15:05:52.0471341Z 
Core Validation & E2E	Run Playwright Tests	2026-09-02T15:05:52.0471462Z     Call log:
Core Validation & E2E	Run Playwright Tests	2026-09-02T15:05:52.0471829Z       - Expect "toBeVisible" with timeout 5000ms
Core Validation & E2E	Run Playwright Tests	2026-09-02T15:05:52.0472347Z       - waiting for locator('h1:has-text("Students")')
Core Validation & E2E	Run Playwright Tests	2026-09-02T15:05:52.0472662Z 
Core Validation & E2E	Run Playwright Tests	2026-09-02T15:05:52.0472669Z 
Core Validation & E2E	Run Playwright Tests	2026-09-02T15:05:52.0472830Z       20 |     // Should NOT redirect
Core Validation & E2E	Run Playwright Tests	2026-09-02T15:05:52.0473325Z       21 |     await expect(page).toHaveURL(/.*\/students/);
Core Validation & E2E	Run Playwright Tests	2026-09-02T15:05:52.0474001Z     > 22 |     await expect(page.locator('h1:has-text("Students")')).toBeVisible();
Core Validation & E2E	Run Playwright Tests	2026-09-02T15:05:52.0474635Z          |                                                           ^
Core Validation & E2E	Run Playwright Tests	2026-09-02T15:05:52.0475046Z       23 |   });
Core Validation & E2E	Run Playwright Tests	2026-09-02T15:05:52.0475349Z       24 |
Core Validation & E2E	Run Playwright Tests	2026-09-02T15:05:52.0476004Z       25 |   test('Logout remains usable', async ({ page }) => {
Core Validation & E2E	Run Playwright Tests	2026-09-02T15:05:52.0477126Z         at /mnt/c/Users/krish/actions-runner/_work/ERP-1/ERP-1/apps/web/e2e/proxy-security.spec.ts:22:59
Core Validation & E2E	Run Playwright Tests	2026-09-02T15:05:52.0477765Z 
Core Validation & E2E	Run Playwright Tests	2026-09-02T15:05:52.0478619Z     Error Context: test-results/proxy-security-Proxy-Middl-2a6bf--not-incorrectly-redirected-webkit-superadmin-retry1/error-context.md
Core Validation & E2E	Run Playwright Tests	2026-09-02T15:05:52.0479467Z 
Core Validation & E2E	Run Playwright Tests	2026-09-02T15:05:52.0480127Z     attachment #2: trace (application/zip) ─────────────────────────────────────────────────────────
Core Validation & E2E	Run Playwright Tests	2026-09-02T15:05:52.0481357Z     test-results/proxy-security-Proxy-Middl-2a6bf--not-incorrectly-redirected-webkit-superadmin-retry1/trace.zip
Core Validation & E2E	Run Playwright Tests	2026-09-02T15:05:52.0487791Z     Usage:
Core Validation & E2E	Run Playwright Tests	2026-09-02T15:05:52.0487992Z 
Core Validation & E2E	Run Playwright Tests	2026-09-02T15:05:52.0488758Z         npx playwright show-trace test-results/proxy-security-Proxy-Middl-2a6bf--not-incorrectly-redirected-webkit-superadmin-retry1/trace.zip
Core Validation & E2E	Run Playwright Tests	2026-09-02T15:05:52.0489490Z 
Core Validation & E2E	Run Playwright Tests	2026-09-02T15:05:52.0490036Z     ────────────────────────────────────────────────────────────────────────────────────────────────
Core Validation & E2E	Run Playwright Tests	2026-09-02T15:05:52.0490396Z 
Core Validation & E2E	Run Playwright Tests	2026-09-02T15:05:52.0490839Z     Retry #2 ───────────────────────────────────────────────────────────────────────────────────────
Core Validation & E2E	Run Playwright Tests	2026-09-02T15:05:52.0495693Z 
Core Validation & E2E	Run Playwright Tests	2026-09-02T15:05:52.0495890Z     Error: expect(locator).toBeVisible() failed
Core Validation & E2E	Run Playwright Tests	2026-09-02T15:05:52.0496104Z 
Core Validation & E2E	Run Playwright Tests	2026-09-02T15:05:52.0496258Z     Locator: locator('h1:has-text("Students")')
Core Validation & E2E	Run Playwright Tests	2026-09-02T15:05:52.0496551Z     Expected: visible
Core Validation & E2E	Run Playwright Tests	2026-09-02T15:05:52.0496773Z     Timeout: 5000ms
Core Validation & E2E	Run Playwright Tests	2026-09-02T15:05:52.0497008Z     Error: element(s) not found
Core Validation & E2E	Run Playwright Tests	2026-09-02T15:05:52.0497188Z 
Core Validation & E2E	Run Playwright Tests	2026-09-02T15:05:52.0497272Z     Call log:
Core Validation & E2E	Run Playwright Tests	2026-09-02T15:05:52.0497534Z       - Expect "toBeVisible" with timeout 5000ms
Core Validation & E2E	Run Playwright Tests	2026-09-02T15:05:52.0497895Z       - waiting for locator('h1:has-text("Students")')
Core Validation & E2E	Run Playwright Tests	2026-09-02T15:05:52.0498110Z 
Core Validation & E2E	Run Playwright Tests	2026-09-02T15:05:52.0498116Z 
Core Validation & E2E	Run Playwright Tests	2026-09-02T15:05:52.0498232Z       20 |     // Should NOT redirect
Core Validation & E2E	Run Playwright Tests	2026-09-02T15:05:52.0498560Z       21 |     await expect(page).toHaveURL(/.*\/students/);
Core Validation & E2E	Run Playwright Tests	2026-09-02T15:05:52.0499016Z     > 22 |     await expect(page.locator('h1:has-text("Students")')).toBeVisible();
Core Validation & E2E	Run Playwright Tests	2026-09-02T15:05:52.0499453Z          |                                                           ^
Core Validation & E2E	Run Playwright Tests	2026-09-02T15:05:52.0499737Z       23 |   });
Core Validation & E2E	Run Playwright Tests	2026-09-02T15:05:52.0499932Z       24 |
Core Validation & E2E	Run Playwright Tests	2026-09-02T15:05:52.0500208Z       25 |   test('Logout remains usable', async ({ page }) => {
Core Validation & E2E	Run Playwright Tests	2026-09-02T15:05:52.0500786Z         at /mnt/c/Users/krish/actions-runner/_work/ERP-1/ERP-1/apps/web/e2e/proxy-security.spec.ts:22:59
Core Validation & E2E	Run Playwright Tests	2026-09-02T15:05:52.0501152Z 
Core Validation & E2E	Run Playwright Tests	2026-09-02T15:05:52.0501684Z     Error Context: test-results/proxy-security-Proxy-Middl-2a6bf--not-incorrectly-redirected-webkit-superadmin-retry2/error-context.md
Core Validation & E2E	Run Playwright Tests	2026-09-02T15:05:52.0502248Z 
Core Validation & E2E	Run Playwright Tests	2026-09-02T15:05:52.0502254Z 
Core Validation & E2E	Run Playwright Tests	2026-09-02T15:05:54.1116508Z [534/626] [webkit-superadmin] › e2e/proxy-security.spec.ts:25:7 › Proxy / Middleware Runtime Security › Logout remains usable
Core Validation & E2E	Run Playwright Tests	2026-09-02T15:06:02.3550422Z [535/626] (retries) [webkit-superadmin] › e2e/proxy-security.spec.ts:25:7 › Proxy / Middleware Runtime Security › Logout remains usable (retry #1)
Core Validation & E2E	Run Playwright Tests	2026-09-02T15:06:19.8356296Z [536/626] (retries) [webkit-superadmin] › e2e/proxy-security.spec.ts:25:7 › Proxy / Middleware Runtime Security › Logout remains usable (retry #2)
Core Validation & E2E	Run Playwright Tests	2026-09-02T15:06:16.3656379Z   26) [webkit-superadmin] › e2e/proxy-security.spec.ts:25:7 › Proxy / Middleware Runtime Security › Logout remains usable 
Core Validation & E2E	Run Playwright Tests	2026-09-02T15:06:16.3657276Z 
Core Validation & E2E	Run Playwright Tests	2026-09-02T15:06:16.3657624Z     Error: expect(locator).toBeVisible() failed
Core Validation & E2E	Run Playwright Tests	2026-09-02T15:06:16.3658089Z 
Core Validation & E2E	Run Playwright Tests	2026-09-02T15:06:16.3658387Z     Locator: locator('h1:has-text("Students")')
Core Validation & E2E	Run Playwright Tests	2026-09-02T15:06:16.3659966Z     Expected: visible
Core Validation & E2E	Run Playwright Tests	2026-09-02T15:06:16.3660427Z     Timeout: 5000ms
Core Validation & E2E	Run Playwright Tests	2026-09-02T15:06:16.3661875Z     Error: element(s) not found
Core Validation & E2E	Run Playwright Tests	2026-09-02T15:06:16.3662283Z 
Core Validation & E2E	Run Playwright Tests	2026-09-02T15:06:16.3662464Z     Call log:
Core Validation & E2E	Run Playwright Tests	2026-09-02T15:06:16.3663521Z       - Expect "toBeVisible" with timeout 5000ms
Core Validation & E2E	Run Playwright Tests	2026-09-02T15:06:16.3664310Z       - waiting for locator('h1:has-text("Students")')
Core Validation & E2E	Run Playwright Tests	2026-09-02T15:06:16.3664759Z 
Core Validation & E2E	Run Playwright Tests	2026-09-02T15:06:16.3664771Z 
Core Validation & E2E	Run Playwright Tests	2026-09-02T15:06:16.3664979Z       26 |     // Navigate to a page
Core Validation & E2E	Run Playwright Tests	2026-09-02T15:06:16.3666445Z       27 |     await page.goto('/students');
Core Validation & E2E	Run Playwright Tests	2026-09-02T15:06:16.3667763Z     > 28 |     await expect(page.locator('h1:has-text("Students")')).toBeVisible();
Core Validation & E2E	Run Playwright Tests	2026-09-02T15:06:16.3668577Z          |                                                           ^
Core Validation & E2E	Run Playwright Tests	2026-09-02T15:06:16.3668919Z       29 |     
Core Validation & E2E	Run Playwright Tests	2026-09-02T15:06:16.3669346Z       30 |     // Perform logout
Core Validation & E2E	Run Playwright Tests	2026-09-02T15:06:16.3669963Z       31 |     await page.getByRole('button', { name: 'Logout' }).click();
Core Validation & E2E	Run Playwright Tests	2026-09-02T15:06:16.3678398Z         at /mnt/c/Users/krish/actions-runner/_work/ERP-1/ERP-1/apps/web/e2e/proxy-security.spec.ts:28:59
Core Validation & E2E	Run Playwright Tests	2026-09-02T15:06:16.3678872Z 
Core Validation & E2E	Run Playwright Tests	2026-09-02T15:06:16.3679451Z     Error Context: test-results/proxy-security-Proxy-Middl-2a5ca-urity-Logout-remains-usable-webkit-superadmin/error-context.md
Core Validation & E2E	Run Playwright Tests	2026-09-02T15:06:16.3680449Z 
Core Validation & E2E	Run Playwright Tests	2026-09-02T15:06:16.3681132Z     Retry #1 ───────────────────────────────────────────────────────────────────────────────────────
Core Validation & E2E	Run Playwright Tests	2026-09-02T15:06:16.3681471Z 
Core Validation & E2E	Run Playwright Tests	2026-09-02T15:06:16.3687471Z     Error: expect(locator).toBeVisible() failed
Core Validation & E2E	Run Playwright Tests	2026-09-02T15:06:16.3687960Z 
Core Validation & E2E	Run Playwright Tests	2026-09-02T15:06:16.3688290Z     Locator: locator('h1:has-text("Students")')
Core Validation & E2E	Run Playwright Tests	2026-09-02T15:06:16.3688775Z     Expected: visible
Core Validation & E2E	Run Playwright Tests	2026-09-02T15:06:16.3689175Z     Timeout: 5000ms
Core Validation & E2E	Run Playwright Tests	2026-09-02T15:06:16.3689575Z     Error: element(s) not found
Core Validation & E2E	Run Playwright Tests	2026-09-02T15:06:16.3689869Z 
Core Validation & E2E	Run Playwright Tests	2026-09-02T15:06:16.3690017Z     Call log:
Core Validation & E2E	Run Playwright Tests	2026-09-02T15:06:16.3690477Z       - Expect "toBeVisible" with timeout 5000ms
Core Validation & E2E	Run Playwright Tests	2026-09-02T15:06:16.3691140Z       - waiting for locator('h1:has-text("Students")')
Core Validation & E2E	Run Playwright Tests	2026-09-02T15:06:16.3691528Z 
Core Validation & E2E	Run Playwright Tests	2026-09-02T15:06:16.3691617Z 
Core Validation & E2E	Run Playwright Tests	2026-09-02T15:06:16.3691791Z       26 |     // Navigate to a page
Core Validation & E2E	Run Playwright Tests	2026-09-02T15:06:16.3692141Z       27 |     await page.goto('/students');
Core Validation & E2E	Run Playwright Tests	2026-09-02T15:06:16.3692614Z     > 28 |     await expect(page.locator('h1:has-text("Students")')).toBeVisible();
Core Validation & E2E	Run Playwright Tests	2026-09-02T15:06:16.3693080Z          |                                                           ^
Core Validation & E2E	Run Playwright Tests	2026-09-02T15:06:16.3693378Z       29 |     
Core Validation & E2E	Run Playwright Tests	2026-09-02T15:06:16.3693632Z       30 |     // Perform logout
Core Validation & E2E	Run Playwright Tests	2026-09-02T15:06:16.3694011Z       31 |     await page.getByRole('button', { name: 'Logout' }).click();
Core Validation & E2E	Run Playwright Tests	2026-09-02T15:06:16.3694646Z         at /mnt/c/Users/krish/actions-runner/_work/ERP-1/ERP-1/apps/web/e2e/proxy-security.spec.ts:28:59
Core Validation & E2E	Run Playwright Tests	2026-09-02T15:06:16.3695032Z 
Core Validation & E2E	Run Playwright Tests	2026-09-02T15:06:16.3695604Z     Error Context: test-results/proxy-security-Proxy-Middl-2a5ca-urity-Logout-remains-usable-webkit-superadmin-retry1/error-context.md
Core Validation & E2E	Run Playwright Tests	2026-09-02T15:06:16.3696201Z 
Core Validation & E2E	Run Playwright Tests	2026-09-02T15:06:16.3697094Z     attachment #2: trace (application/zip) ─────────────────────────────────────────────────────────
Core Validation & E2E	Run Playwright Tests	2026-09-02T15:06:16.3697987Z     test-results/proxy-security-Proxy-Middl-2a5ca-urity-Logout-remains-usable-webkit-superadmin-retry1/trace.zip
Core Validation & E2E	Run Playwright Tests	2026-09-02T15:06:16.3698595Z     Usage:
Core Validation & E2E	Run Playwright Tests	2026-09-02T15:06:16.3698709Z 
Core Validation & E2E	Run Playwright Tests	2026-09-02T15:06:16.3699509Z         npx playwright show-trace test-results/proxy-security-Proxy-Middl-2a5ca-urity-Logout-remains-usable-webkit-superadmin-retry1/trace.zip
Core Validation & E2E	Run Playwright Tests	2026-09-02T15:06:16.3700496Z 
Core Validation & E2E	Run Playwright Tests	2026-09-02T15:06:16.3700953Z     ────────────────────────────────────────────────────────────────────────────────────────────────
Core Validation & E2E	Run Playwright Tests	2026-09-02T15:06:16.3701280Z 
Core Validation & E2E	Run Playwright Tests	2026-09-02T15:06:16.3701668Z     Retry #2 ───────────────────────────────────────────────────────────────────────────────────────
Core Validation & E2E	Run Playwright Tests	2026-09-02T15:06:16.3701974Z 
Core Validation & E2E	Run Playwright Tests	2026-09-02T15:06:16.3702145Z     Error: expect(locator).toBeVisible() failed
Core Validation & E2E	Run Playwright Tests	2026-09-02T15:06:16.3709401Z 
Core Validation & E2E	Run Playwright Tests	2026-09-02T15:06:16.3709645Z     Locator: locator('h1:has-text("Students")')
Core Validation & E2E	Run Playwright Tests	2026-09-02T15:06:16.3710240Z     Expected: visible
Core Validation & E2E	Run Playwright Tests	2026-09-02T15:06:16.3710565Z     Timeout: 5000ms
Core Validation & E2E	Run Playwright Tests	2026-09-02T15:06:16.3710849Z     Error: element(s) not found
Core Validation & E2E	Run Playwright Tests	2026-09-02T15:06:16.3711029Z 
Core Validation & E2E	Run Playwright Tests	2026-09-02T15:06:16.3711392Z     Call log:
Core Validation & E2E	Run Playwright Tests	2026-09-02T15:06:16.3711762Z       - Expect "toBeVisible" with timeout 5000ms
Core Validation & E2E	Run Playwright Tests	2026-09-02T15:06:16.3712190Z       - waiting for locator('h1:has-text("Students")')
Core Validation & E2E	Run Playwright Tests	2026-09-02T15:06:16.3712622Z 
Core Validation & E2E	Run Playwright Tests	2026-09-02T15:06:16.3712635Z 
Core Validation & E2E	Run Playwright Tests	2026-09-02T15:06:16.3717608Z       26 |     // Navigate to a page
Core Validation & E2E	Run Playwright Tests	2026-09-02T15:06:16.3717989Z       27 |     await page.goto('/students');
Core Validation & E2E	Run Playwright Tests	2026-09-02T15:06:16.3718464Z     > 28 |     await expect(page.locator('h1:has-text("Students")')).toBeVisible();
Core Validation & E2E	Run Playwright Tests	2026-09-02T15:06:16.3718939Z          |                                                           ^
Core Validation & E2E	Run Playwright Tests	2026-09-02T15:06:16.3719246Z       29 |     
Core Validation & E2E	Run Playwright Tests	2026-09-02T15:06:16.3719490Z       30 |     // Perform logout
Core Validation & E2E	Run Playwright Tests	2026-09-02T15:06:16.3719913Z       31 |     await page.getByRole('button', { name: 'Logout' }).click();
Core Validation & E2E	Run Playwright Tests	2026-09-02T15:06:16.3720565Z         at /mnt/c/Users/krish/actions-runner/_work/ERP-1/ERP-1/apps/web/e2e/proxy-security.spec.ts:28:59
Core Validation & E2E	Run Playwright Tests	2026-09-02T15:06:16.3720963Z 
Core Validation & E2E	Run Playwright Tests	2026-09-02T15:06:16.3721549Z     Error Context: test-results/proxy-security-Proxy-Middl-2a5ca-urity-Logout-remains-usable-webkit-superadmin-retry2/error-context.md
Core Validation & E2E	Run Playwright Tests	2026-09-02T15:06:16.3722154Z 
Core Validation & E2E	Run Playwright Tests	2026-09-02T15:06:16.3722160Z 
Core Validation & E2E	Run Playwright Tests	2026-09-02T15:06:18.4367702Z [537/626] [webkit-superadmin] › e2e/proxy-security.spec.ts:42:9 › Proxy / Middleware Runtime Security › Password Reset Flow › User requiring password reset is redirected to /auth/update-password
Core Validation & E2E	Run Playwright Tests	2026-09-02T15:06:26.7548888Z [538/626] (retries) [webkit-superadmin] › e2e/proxy-security.spec.ts:42:9 › Proxy / Middleware Runtime Security › Password Reset Flow › User requiring password reset is redirected to /auth/update-password (retry #1)
Core Validation & E2E	Run Playwright Tests	2026-09-02T15:06:35.0383551Z [539/626] (retries) [webkit-superadmin] › e2e/proxy-security.spec.ts:42:9 › Proxy / Middleware Runtime Security › Password Reset Flow › User requiring password reset is redirected to /auth/update-password (retry #2)
Core Validation & E2E	Run Playwright Tests	2026-09-02T15:06:40.6373944Z   27) [webkit-superadmin] › e2e/proxy-security.spec.ts:42:9 › Proxy / Middleware Runtime Security › Password Reset Flow › User requiring password reset is redirected to /auth/update-password 
Core Validation & E2E	Run Playwright Tests	2026-09-02T15:06:40.6374711Z 
Core Validation & E2E	Run Playwright Tests	2026-09-02T15:06:40.6374899Z     Error: expect(page).toHaveURL(expected) failed
Core Validation & E2E	Run Playwright Tests	2026-09-02T15:06:40.6375132Z 
Core Validation & E2E	Run Playwright Tests	2026-09-02T15:06:40.6375340Z     Expected pattern: /.*\/auth\/update-password/
Core Validation & E2E	Run Playwright Tests	2026-09-02T15:06:40.6375726Z     Received string:  "http://localhost:3000/login"
Core Validation & E2E	Run Playwright Tests	2026-09-02T15:06:40.6376035Z     Timeout: 5000ms
Core Validation & E2E	Run Playwright Tests	2026-09-02T15:06:40.6376194Z 
Core Validation & E2E	Run Playwright Tests	2026-09-02T15:06:40.6376283Z     Call log:
Core Validation & E2E	Run Playwright Tests	2026-09-02T15:06:40.6376539Z       - Expect "toHaveURL" with timeout 5000ms
Core Validation & E2E	Run Playwright Tests	2026-09-02T15:06:40.6377087Z         14 × locator resolved to <html lang="en" class="h-full antialiased">…</html>
Core Validation & E2E	Run Playwright Tests	2026-09-02T15:06:40.6377561Z            - unexpected value "http://localhost:3000/login"
Core Validation & E2E	Run Playwright Tests	2026-09-02T15:06:40.6377813Z 
Core Validation & E2E	Run Playwright Tests	2026-09-02T15:06:40.6377820Z 
Core Validation & E2E	Run Playwright Tests	2026-09-02T15:06:40.6377895Z       51 |
Core Validation & E2E	Run Playwright Tests	2026-09-02T15:06:40.6378409Z       52 |       // Should be forced to update-password
Core Validation & E2E	Run Playwright Tests	2026-09-02T15:06:40.6378880Z     > 53 |       await expect(page).toHaveURL(/.*\/auth\/update-password/);
Core Validation & E2E	Run Playwright Tests	2026-09-02T15:06:40.6379266Z          |                          ^
Core Validation & E2E	Run Playwright Tests	2026-09-02T15:06:40.6380087Z       54 |       await expect(page.getByRole('heading', { name: 'Update Password' })).toBeVisible();
Core Validation & E2E	Run Playwright Tests	2026-09-02T15:06:40.6380625Z       55 |
Core Validation & E2E	Run Playwright Tests	2026-09-02T15:06:40.6381024Z       56 |       // Trying to navigate to a protected page directly should still redirect
Core Validation & E2E	Run Playwright Tests	2026-09-02T15:06:40.6381686Z         at /mnt/c/Users/krish/actions-runner/_work/ERP-1/ERP-1/apps/web/e2e/proxy-security.spec.ts:53:26
Core Validation & E2E	Run Playwright Tests	2026-09-02T15:06:40.6382071Z 
Core Validation & E2E	Run Playwright Tests	2026-09-02T15:06:40.6382570Z     Error Context: test-results/proxy-security-Proxy-Middl-e4437-ted-to-auth-update-password-webkit-superadmin/error-context.md
Core Validation & E2E	Run Playwright Tests	2026-09-02T15:06:40.6389896Z 
Core Validation & E2E	Run Playwright Tests	2026-09-02T15:06:40.6390475Z     Retry #1 ───────────────────────────────────────────────────────────────────────────────────────
Core Validation & E2E	Run Playwright Tests	2026-09-02T15:06:40.6390800Z 
Core Validation & E2E	Run Playwright Tests	2026-09-02T15:06:40.6390977Z     Error: expect(page).toHaveURL(expected) failed
Core Validation & E2E	Run Playwright Tests	2026-09-02T15:06:40.6391202Z 
Core Validation & E2E	Run Playwright Tests	2026-09-02T15:06:40.6391749Z     Expected pattern: /.*\/auth\/update-password/
Core Validation & E2E	Run Playwright Tests	2026-09-02T15:06:40.6392313Z     Received string:  "http://localhost:3000/login"
Core Validation & E2E	Run Playwright Tests	2026-09-02T15:06:40.6392840Z     Timeout: 5000ms
Core Validation & E2E	Run Playwright Tests	2026-09-02T15:06:40.6393087Z 
Core Validation & E2E	Run Playwright Tests	2026-09-02T15:06:40.6398153Z     Call log:
Core Validation & E2E	Run Playwright Tests	2026-09-02T15:06:40.6398610Z       - Expect "toHaveURL" with timeout 5000ms
Core Validation & E2E	Run Playwright Tests	2026-09-02T15:06:40.6399607Z         13 × locator resolved to <html lang="en" class="h-full antialiased">…</html>
Core Validation & E2E	Run Playwright Tests	2026-09-02T15:06:40.6400402Z            - unexpected value "http://localhost:3000/login"
Core Validation & E2E	Run Playwright Tests	2026-09-02T15:06:40.6400784Z 
Core Validation & E2E	Run Playwright Tests	2026-09-02T15:06:40.6400794Z 
Core Validation & E2E	Run Playwright Tests	2026-09-02T15:06:40.6400924Z       51 |
Core Validation & E2E	Run Playwright Tests	2026-09-02T15:06:40.6401352Z       52 |       // Should be forced to update-password
Core Validation & E2E	Run Playwright Tests	2026-09-02T15:06:40.6402171Z     > 53 |       await expect(page).toHaveURL(/.*\/auth\/update-password/);
Core Validation & E2E	Run Playwright Tests	2026-09-02T15:06:40.6402806Z          |                          ^
Core Validation & E2E	Run Playwright Tests	2026-09-02T15:06:40.6403579Z       54 |       await expect(page.getByRole('heading', { name: 'Update Password' })).toBeVisible();
Core Validation & E2E	Run Playwright Tests	2026-09-02T15:06:40.6404268Z       55 |
Core Validation & E2E	Run Playwright Tests	2026-09-02T15:06:40.6404867Z       56 |       // Trying to navigate to a protected page directly should still redirect
Core Validation & E2E	Run Playwright Tests	2026-09-02T15:06:40.6406398Z         at /mnt/c/Users/krish/actions-runner/_work/ERP-1/ERP-1/apps/web/e2e/proxy-security.spec.ts:53:26
Core Validation & E2E	Run Playwright Tests	2026-09-02T15:06:40.6407251Z 
Core Validation & E2E	Run Playwright Tests	2026-09-02T15:06:40.6408185Z     Error Context: test-results/proxy-security-Proxy-Middl-e4437-ted-to-auth-update-password-webkit-superadmin-retry1/error-context.md
Core Validation & E2E	Run Playwright Tests	2026-09-02T15:06:40.6409784Z 
Core Validation & E2E	Run Playwright Tests	2026-09-02T15:06:40.6410572Z     attachment #2: trace (application/zip) ─────────────────────────────────────────────────────────
Core Validation & E2E	Run Playwright Tests	2026-09-02T15:06:40.6412410Z     test-results/proxy-security-Proxy-Middl-e4437-ted-to-auth-update-password-webkit-superadmin-retry1/trace.zip
Core Validation & E2E	Run Playwright Tests	2026-09-02T15:06:40.6437249Z     Usage:
Core Validation & E2E	Run Playwright Tests	2026-09-02T15:06:40.6437486Z 
Core Validation & E2E	Run Playwright Tests	2026-09-02T15:06:40.6438416Z         npx playwright show-trace test-results/proxy-security-Proxy-Middl-e4437-ted-to-auth-update-password-webkit-superadmin-retry1/trace.zip
Core Validation & E2E	Run Playwright Tests	2026-09-02T15:06:40.6439373Z 
Core Validation & E2E	Run Playwright Tests	2026-09-02T15:06:40.6440114Z     ────────────────────────────────────────────────────────────────────────────────────────────────
Core Validation & E2E	Run Playwright Tests	2026-09-02T15:06:40.6440572Z 
Core Validation & E2E	Run Playwright Tests	2026-09-02T15:06:40.6441187Z     Retry #2 ───────────────────────────────────────────────────────────────────────────────────────
Core Validation & E2E	Run Playwright Tests	2026-09-02T15:06:40.6441642Z 
Core Validation & E2E	Run Playwright Tests	2026-09-02T15:06:40.6441883Z     Error: expect(page).toHaveURL(expected) failed
Core Validation & E2E	Run Playwright Tests	2026-09-02T15:06:40.6442220Z 
Core Validation & E2E	Run Playwright Tests	2026-09-02T15:06:40.6442463Z     Expected pattern: /.*\/auth\/update-password/
Core Validation & E2E	Run Playwright Tests	2026-09-02T15:06:40.6443055Z     Received string:  "http://localhost:3000/login"
Core Validation & E2E	Run Playwright Tests	2026-09-02T15:06:40.6443536Z     Timeout: 5000ms
Core Validation & E2E	Run Playwright Tests	2026-09-02T15:06:40.6449976Z 
Core Validation & E2E	Run Playwright Tests	2026-09-02T15:06:40.6450157Z     Call log:
Core Validation & E2E	Run Playwright Tests	2026-09-02T15:06:40.6450548Z       - Expect "toHaveURL" with timeout 5000ms
Core Validation & E2E	Run Playwright Tests	2026-09-02T15:06:40.6451420Z         14 × locator resolved to <html lang="en" class="h-full antialiased">…</html>
Core Validation & E2E	Run Playwright Tests	2026-09-02T15:06:40.6452132Z            - unexpected value "http://localhost:3000/login"
Core Validation & E2E	Run Playwright Tests	2026-09-02T15:06:40.6452461Z 
Core Validation & E2E	Run Playwright Tests	2026-09-02T15:06:40.6452469Z 
Core Validation & E2E	Run Playwright Tests	2026-09-02T15:06:40.6452591Z       51 |
Core Validation & E2E	Run Playwright Tests	2026-09-02T15:06:40.6452967Z       52 |       // Should be forced to update-password
Core Validation & E2E	Run Playwright Tests	2026-09-02T15:06:40.6453570Z     > 53 |       await expect(page).toHaveURL(/.*\/auth\/update-password/);
Core Validation & E2E	Run Playwright Tests	2026-09-02T15:06:40.6459319Z          |                          ^
Core Validation & E2E	Run Playwright Tests	2026-09-02T15:06:40.6460559Z       54 |       await expect(page.getByRole('heading', { name: 'Update Password' })).toBeVisible();
Core Validation & E2E	Run Playwright Tests	2026-09-02T15:06:40.6461577Z       55 |
Core Validation & E2E	Run Playwright Tests	2026-09-02T15:06:40.6462229Z       56 |       // Trying to navigate to a protected page directly should still redirect
Core Validation & E2E	Run Playwright Tests	2026-09-02T15:06:40.6463286Z         at /mnt/c/Users/krish/actions-runner/_work/ERP-1/ERP-1/apps/web/e2e/proxy-security.spec.ts:53:26
Core Validation & E2E	Run Playwright Tests	2026-09-02T15:06:40.6463930Z 
Core Validation & E2E	Run Playwright Tests	2026-09-02T15:06:40.6465076Z     Error Context: test-results/proxy-security-Proxy-Middl-e4437-ted-to-auth-update-password-webkit-superadmin-retry2/error-context.md
Core Validation & E2E	Run Playwright Tests	2026-09-02T15:06:40.6466086Z 
Core Validation & E2E	Run Playwright Tests	2026-09-02T15:06:40.6466105Z 
Core Validation & E2E	Run Playwright Tests	2026-09-02T15:06:42.7397801Z [540/626] [webkit-superadmin] › e2e/scheduling.spec.ts:13:7 › Scheduling Management › Branch Admin can manage rooms, bell schedules, and periods
Core Validation & E2E	Run Playwright Tests	2026-09-02T15:06:42.9110378Z [541/626] [webkit-superadmin] › e2e/scheduling.spec.ts:99:7 › Scheduling Security - Teacher Role › Teacher cannot perform administrative mutations
Core Validation & E2E	Run Playwright Tests	2026-09-02T15:06:42.9409382Z [542/626] [webkit-superadmin] › e2e/scheduling.spec.ts:119:7 › Scheduling Security - Cross Branch › Cross-branch manipulation is rejected
Core Validation & E2E	Run Playwright Tests	2026-09-02T15:06:44.5823700Z [543/626] [webkit-superadmin] › e2e/storage.spec.ts:34:7 › Storage Runtime Authorization (Communication) › Teacher can upload attachment to their own draft and unauthorized users cannot read
Core Validation & E2E	Run Playwright Tests	2026-09-02T15:06:44.6570052Z [544/626] [webkit-superadmin] › e2e/students-security.spec.ts:17:7 › Students Page Authorization › Branch Admin can access /students for their own branch
Core Validation & E2E	Run Playwright Tests	2026-09-02T15:06:45.2446066Z [545/626] [webkit-superadmin] › e2e/students-security.spec.ts:35:7 › Students Page Authorization › Teacher can access /students in read-only mode
Core Validation & E2E	Run Playwright Tests	2026-09-02T15:06:45.6068501Z [546/626] [webkit-superadmin] › e2e/students-security.spec.ts:52:7 › Students Page Authorization › Students page rejects access with invalid branch context
Core Validation & E2E	Run Playwright Tests	2026-09-02T15:06:45.9585323Z [547/626] [webkit-superadmin] › e2e/students-security.spec.ts:67:7 › Students/New Page Authorization › Branch Admin can access /students/new for their branch
Core Validation & E2E	Run Playwright Tests	2026-09-02T15:06:46.3244964Z [548/626] [webkit-superadmin] › e2e/students-security.spec.ts:80:7 › Students/New Page Authorization › Teacher cannot access /students/new (read-only role)
Core Validation & E2E	Run Playwright Tests	2026-09-02T15:06:46.6976864Z [549/626] [webkit-superadmin] › e2e/students-security.spec.ts:91:7 › Students/New Page Authorization › Students/new page does not contain hardcoded branch/org IDs
Core Validation & E2E	Run Playwright Tests	2026-09-02T15:06:47.0939597Z [550/626] [webkit-superadmin] › e2e/students-security.spec.ts:104:7 › Students/New Page Authorization › Students/new rejects cross-branch access
Core Validation & E2E	Run Playwright Tests	2026-09-02T15:06:47.4629498Z [551/626] [webkit-superadmin] › e2e/students-security.spec.ts:119:7 › Students Detail Page Authorization › Student detail page enforces branch context
Core Validation & E2E	Run Playwright Tests	2026-09-02T15:06:56.6095242Z [552/626] [webkit-superadmin] › e2e/students-security.spec.ts:131:7 › Students Detail Page Authorization › Student detail page rejects cross-branch access
Core Validation & E2E	Run Playwright Tests	2026-09-02T15:06:47.8782397Z [553/626] [webkit-superadmin] › e2e/substitutions.spec.ts:33:7 › Substitutions Management › Branch Admin CRUD & Conflicts › should manage substitutions and handle conflicts
Core Validation & E2E	Run Playwright Tests	2026-09-02T15:06:47.9130176Z [554/626] [webkit-superadmin] › e2e/substitutions.spec.ts:281:9 › Substitutions Management › Teacher Roles › should view substitutions but cannot create
Core Validation & E2E	Run Playwright Tests	2026-09-02T15:06:47.9747972Z [555/626] [webkit-superadmin] › e2e/timetable.spec.ts:27:9 › Timetable Management › Branch Admin CRUD & Conflicts › should manage timetable entries and handle conflicts
Core Validation & E2E	Run Playwright Tests	2026-09-02T15:06:48.0049412Z [556/626] [webkit-superadmin] › e2e/timetable.spec.ts:168:9 › Timetable Management › Teacher Roles › should view timetable but cannot create entries
Core Validation & E2E	Run Playwright Tests	2026-09-02T15:06:50.5518568Z [557/626] [webkit-branchadmin] › e2e/academic-structure.spec.ts:6:7 › Academic Structure Role Tests › Teacher gets Access Denied when trying to create and sees branch identity without switching
Core Validation & E2E	Run Playwright Tests	2026-09-02T15:06:51.2743730Z [558/626] [webkit-branchadmin] › e2e/academic-structure.spec.ts:22:7 › Academic Structure Role Tests › Branch Admin can create, edit, and delete an Academic Year but cannot switch branch
Core Validation & E2E	Run Playwright Tests	2026-09-02T15:06:54.9411249Z [559/626] [webkit-branchadmin] › e2e/academic-structure.spec.ts:58:7 › Academic Structure Role Tests › Branch Admin attempting to access another branch resource is denied
Core Validation & E2E	Run Playwright Tests	2026-09-02T15:07:36.5834478Z [webkit-branchadmin] › e2e/academic-structure.spec.ts:58:7 › Academic Structure Role Tests › Branch Admin attempting to access another branch resource is denied
Core Validation & E2E	Run Playwright Tests	2026-09-02T15:07:36.5835375Z 
Core Validation & E2E	Run Playwright Tests	2026-09-02T15:07:36.5835388Z 
Core Validation & E2E	Run Playwright Tests	2026-09-02T15:07:36.5835586Z Connecting to local database...
Core Validation & E2E	Run Playwright Tests	2026-09-02T15:07:36.5836175Z A new version of Supabase CLI is available: v2.116.0 (currently installed v2.115.0)
Core Validation & E2E	Run Playwright Tests	2026-09-02T15:07:36.5837262Z We recommend updating regularly for new features and bug fixes: https://supabase.com/docs/guides/cli/getting-started#updating-the-supabase-cli
Core Validation & E2E	Run Playwright Tests	2026-09-02T15:07:36.6799258Z [560/626] [webkit-branchadmin] › e2e/adversarial-security.spec.ts:38:9 › Adversarial Server-Boundary Security › Teacher Role Mutations › Teacher cannot mutate attendance for unauthorized branch
Core Validation & E2E	Run Playwright Tests	2026-09-02T15:07:36.7190261Z [561/626] [webkit-branchadmin] › e2e/adversarial-security.spec.ts:63:9 › Adversarial Server-Boundary Security › Teacher Role Mutations › Teacher cannot mutate homework for unauthorized branch
Core Validation & E2E	Run Playwright Tests	2026-09-02T15:07:36.7568214Z [562/626] [webkit-branchadmin] › e2e/adversarial-security.spec.ts:104:9 › Adversarial Server-Boundary Security › Teacher Role Mutations › Teacher cannot publish communication messages (admin-only)
Core Validation & E2E	Run Playwright Tests	2026-09-02T15:07:36.7950320Z [563/626] [webkit-branchadmin] › e2e/adversarial-security.spec.ts:131:9 › Adversarial Server-Boundary Security › Teacher Role Mutations › Teacher cannot mutate a locked attendance session directly via RPC
Core Validation & E2E	Run Playwright Tests	2026-09-02T15:07:36.8411862Z [564/626] [webkit-branchadmin] › e2e/adversarial-security.spec.ts:176:9 › Adversarial Server-Boundary Security › Guardian Role Mutations › Guardian cannot mutate attendance for their own child
Core Validation & E2E	Run Playwright Tests	2026-09-02T15:07:36.9226971Z [565/626] [webkit-branchadmin] › e2e/app-config.spec.ts:5:7 › App Config Admin Tests › Teacher gets Access Denied when trying to access app config
Core Validation & E2E	Run Playwright Tests	2026-09-02T15:07:37.2860024Z [566/626] [webkit-branchadmin] › e2e/app-config.spec.ts:15:7 › App Config Admin Tests › Branch Admin can view and edit their branch app config
Core Validation & E2E	Run Playwright Tests	2026-09-02T15:07:39.9373580Z [567/626] [webkit-branchadmin] › e2e/app-config.spec.ts:40:7 › App Config Admin Tests › Super Admin can view and edit app configs across branches
Core Validation & E2E	Run Playwright Tests	2026-09-02T15:07:40.3878972Z [568/626] [webkit-branchadmin] › e2e/attendance.spec.ts:11:9 › Attendance Management › Teacher Flow (chromium-teacher) › Teacher can mark, save, and lock attendance
Core Validation & E2E	Run Playwright Tests	2026-09-02T15:07:40.4199102Z [569/626] [webkit-branchadmin] › e2e/attendance.spec.ts:64:9 › Attendance Management › Teacher Flow (chromium-teacher) › Teacher cannot bypass authorization for another branch
Core Validation & E2E	Run Playwright Tests	2026-09-02T15:07:40.4495034Z [570/626] [webkit-branchadmin] › e2e/attendance.spec.ts:76:9 › Attendance Management › Branch Admin Flow (chromium-branchadmin) › Admin can mark, save, lock, publish, and correct attendance
Core Validation & E2E	Run Playwright Tests	2026-09-02T15:07:40.4788711Z [571/626] [webkit-branchadmin] › e2e/attendance.spec.ts:145:9 › Attendance Management › Guardian History Flow (chromium-guardian) › Guardian can view published absences
Core Validation & E2E	Run Playwright Tests	2026-09-02T15:07:40.5130881Z [572/626] [webkit-branchadmin] › e2e/attendance.spec.ts:155:9 › Attendance Management › Guardian History Flow (chromium-guardian) › Guardian cannot access attendance entry page
Core Validation & E2E	Run Playwright Tests	2026-09-02T15:07:40.5783668Z [573/626] [webkit-branchadmin] › e2e/auth-password-reset.spec.ts:7:7 › Temporary Credentials Enforcement › User with force_password_reset=true is redirected and can reset
Core Validation & E2E	Run Playwright Tests	2026-09-02T15:07:40.9446816Z [574/626] [webkit-branchadmin] › e2e/auth-password-reset.spec.ts:62:7 › Temporary Credentials Enforcement › Normal user without force_password_reset can login normally
Core Validation & E2E	Run Playwright Tests	2026-09-02T15:07:45.6634268Z [575/626] [webkit-branchadmin] › e2e/branch-context.spec.ts:39:9 › branch-context authorization helpers › Super Admin Semantics › auth_is_super_admin() is true
Core Validation & E2E	Run Playwright Tests	2026-09-02T15:07:45.6783607Z [576/626] [webkit-branchadmin] › e2e/branch-context.spec.ts:44:9 › branch-context authorization helpers › Super Admin Semantics › auth_has_org_access() is true for authorized org
Core Validation & E2E	Run Playwright Tests	2026-09-02T15:07:45.6915570Z [577/626] [webkit-branchadmin] › e2e/branch-context.spec.ts:49:9 › branch-context authorization helpers › Super Admin Semantics › auth_has_branch_membership() is true for branch in authorized org
Core Validation & E2E	Run Playwright Tests	2026-09-02T15:07:45.7093813Z [578/626] [webkit-branchadmin] › e2e/branch-context.spec.ts:53:9 › branch-context authorization helpers › Super Admin Semantics › auth_has_branch_membership() is false for branch in unauthorized org
Core Validation & E2E	Run Playwright Tests	2026-09-02T15:07:45.7208345Z [579/626] [webkit-branchadmin] › e2e/branch-context.spec.ts:57:9 › branch-context authorization helpers › Super Admin Semantics › auth_has_branch_role() is false unless an explicit real role assignment exists
Core Validation & E2E	Run Playwright Tests	2026-09-02T15:07:45.7406628Z [580/626] [webkit-branchadmin] › e2e/branch-context.spec.ts:68:9 › branch-context authorization helpers › Branch Admin Semantics › branchadmin role is true for own branch
Core Validation & E2E	Run Playwright Tests	2026-09-02T15:07:45.7524141Z [581/626] [webkit-branchadmin] › e2e/branch-context.spec.ts:72:9 › branch-context authorization helpers › Branch Admin Semantics › teacher role is false unless explicitly assigned
Core Validation & E2E	Run Playwright Tests	2026-09-02T15:07:45.7700151Z [582/626] [webkit-branchadmin] › e2e/branch-context.spec.ts:76:9 › branch-context authorization helpers › Branch Admin Semantics › other branch is false
Core Validation & E2E	Run Playwright Tests	2026-09-02T15:07:45.7876704Z [583/626] [webkit-branchadmin] › e2e/branch-context.spec.ts:80:9 › branch-context authorization helpers › Branch Admin Semantics › wrong org is false
Core Validation & E2E	Run Playwright Tests	2026-09-02T15:07:45.7997621Z [584/626] [webkit-branchadmin] › e2e/branch-context.spec.ts:86:9 › branch-context authorization helpers › Teacher Semantics › teacher role is true in own branch
Core Validation & E2E	Run Playwright Tests	2026-09-02T15:07:45.8123309Z [585/626] [webkit-branchadmin] › e2e/branch-context.spec.ts:90:9 › branch-context authorization helpers › Teacher Semantics › branchadmin role is false
Core Validation & E2E	Run Playwright Tests	2026-09-02T15:07:45.8248333Z [586/626] [webkit-branchadmin] › e2e/branch-context.spec.ts:94:9 › branch-context authorization helpers › Teacher Semantics › other branch is false
Core Validation & E2E	Run Playwright Tests	2026-09-02T15:07:45.8374853Z [587/626] [webkit-branchadmin] › e2e/branch-context.spec.ts:98:9 › branch-context authorization helpers › Teacher Semantics › wrong org is false
Core Validation & E2E	Run Playwright Tests	2026-09-02T15:07:45.8823602Z [588/626] [webkit-branchadmin] › e2e/calendar.spec.ts:24:7 › Calendar UI › Teacher cannot mutate calendar events or operating days
Core Validation & E2E	Run Playwright Tests	2026-09-02T15:07:46.2488848Z [589/626] [webkit-branchadmin] › e2e/calendar.spec.ts:79:9 › Calendar UI › Branch Admin Calendar Mutations › Branch Admin can manage operating days
Core Validation & E2E	Run Playwright Tests	2026-09-02T15:07:46.6304702Z [590/626] [webkit-branchadmin] › e2e/calendar.spec.ts:128:9 › Calendar UI › Branch Admin Calendar Mutations › Branch Admin can create, edit, and archive calendar events
Core Validation & E2E	Run Playwright Tests	2026-09-02T15:07:47.1104400Z [591/626] [webkit-branchadmin] › e2e/communication.spec.ts:5:7 › Communication End-to-End Workflows › Branch Admin can create an announcement and view it in Sent
Core Validation & E2E	Run Playwright Tests	2026-09-02T15:07:47.4899474Z [592/626] [webkit-branchadmin] › e2e/communication.spec.ts:26:7 › Communication End-to-End Workflows › Teacher can create class announcement and branch-wide targeting is denied
Core Validation & E2E	Run Playwright Tests	2026-09-02T15:07:47.5145046Z [593/626] [webkit-branchadmin] › e2e/communication.spec.ts:61:7 › Communication End-to-End Workflows › Recipient can view message in inbox
Core Validation & E2E	Run Playwright Tests	2026-09-02T15:07:47.5459718Z [594/626] [webkit-branchadmin] › e2e/communication.spec.ts:163:7 › Communication End-to-End Workflows › Teacher rate limit enforces exactly 5 messages per day
Core Validation & E2E	Run Playwright Tests	2026-09-02T15:07:47.5924916Z [595/626] [webkit-branchadmin] › e2e/homework.spec.ts:11:9 › Homework E2E - Phase 5 › Teacher Creation Flow › Teacher creates, saves draft, and publishes
Core Validation & E2E	Run Playwright Tests	2026-09-02T15:07:47.6184347Z [596/626] [webkit-branchadmin] › e2e/homework.spec.ts:63:9 › Homework E2E - Phase 5 › Guardian View Flow › Guardian views homework but cannot submit
Core Validation & E2E	Run Playwright Tests	2026-09-02T15:07:47.6433040Z [597/626] [webkit-branchadmin] › e2e/homework.spec.ts:86:9 › Homework E2E - Phase 5 › Unauthorized Access › Unauthorized access to creation page is blocked
Core Validation & E2E	Run Playwright Tests	2026-09-02T15:07:47.6972922Z [598/626] [webkit-branchadmin] › e2e/proxy-security.spec.ts:5:7 › Proxy / Middleware Runtime Security › Unauthenticated user is redirected to /login
Core Validation & E2E	Run Playwright Tests	2026-09-02T15:07:54.7929889Z [599/626] (retries) [webkit-branchadmin] › e2e/proxy-security.spec.ts:5:7 › Proxy / Middleware Runtime Security › Unauthenticated user is redirected to /login (retry #1)
Core Validation & E2E	Run Playwright Tests	2026-09-02T15:08:11.8704640Z [600/626] (retries) [webkit-branchadmin] › e2e/proxy-security.spec.ts:5:7 › Proxy / Middleware Runtime Security › Unauthenticated user is redirected to /login (retry #2)
Core Validation & E2E	Run Playwright Tests	2026-09-02T15:08:08.3013732Z   28) [webkit-branchadmin] › e2e/proxy-security.spec.ts:5:7 › Proxy / Middleware Runtime Security › Unauthenticated user is redirected to /login 
Core Validation & E2E	Run Playwright Tests	2026-09-02T15:08:08.3014656Z 
Core Validation & E2E	Run Playwright Tests	2026-09-02T15:08:08.3014871Z     Error: expect(locator).toBeVisible() failed
Core Validation & E2E	Run Playwright Tests	2026-09-02T15:08:08.3015101Z 
Core Validation & E2E	Run Playwright Tests	2026-09-02T15:08:08.3015285Z     Locator: getByRole('heading', { name: 'Sign in' })
Core Validation & E2E	Run Playwright Tests	2026-09-02T15:08:08.3015597Z     Expected: visible
Core Validation & E2E	Run Playwright Tests	2026-09-02T15:08:08.3016279Z     Timeout: 5000ms
Core Validation & E2E	Run Playwright Tests	2026-09-02T15:08:08.3016625Z     Error: element(s) not found
Core Validation & E2E	Run Playwright Tests	2026-09-02T15:08:08.3016820Z 
Core Validation & E2E	Run Playwright Tests	2026-09-02T15:08:08.3016911Z     Call log:
Core Validation & E2E	Run Playwright Tests	2026-09-02T15:08:08.3017183Z       - Expect "toBeVisible" with timeout 5000ms
Core Validation & E2E	Run Playwright Tests	2026-09-02T15:08:08.3017576Z       - waiting for getByRole('heading', { name: 'Sign in' })
Core Validation & E2E	Run Playwright Tests	2026-09-02T15:08:08.3017811Z 
Core Validation & E2E	Run Playwright Tests	2026-09-02T15:08:08.3017818Z 
Core Validation & E2E	Run Playwright Tests	2026-09-02T15:08:08.3017985Z       11 |     // Should be redirected by proxy.ts to login
Core Validation & E2E	Run Playwright Tests	2026-09-02T15:08:08.3018374Z       12 |     await expect(page).toHaveURL(/.*\/login/);
Core Validation & E2E	Run Playwright Tests	2026-09-02T15:08:08.3018843Z     > 13 |     await expect(page.getByRole('heading', { name: 'Sign in' })).toBeVisible();
Core Validation & E2E	Run Playwright Tests	2026-09-02T15:08:08.3019348Z          |                                                                  ^
Core Validation & E2E	Run Playwright Tests	2026-09-02T15:08:08.3019695Z       14 |     await context.close();
Core Validation & E2E	Run Playwright Tests	2026-09-02T15:08:08.3019945Z       15 |   });
Core Validation & E2E	Run Playwright Tests	2026-09-02T15:08:08.3020138Z       16 |
Core Validation & E2E	Run Playwright Tests	2026-09-02T15:08:08.3020585Z         at /mnt/c/Users/krish/actions-runner/_work/ERP-1/ERP-1/apps/web/e2e/proxy-security.spec.ts:13:66
Core Validation & E2E	Run Playwright Tests	2026-09-02T15:08:08.3020965Z 
Core Validation & E2E	Run Playwright Tests	2026-09-02T15:08:08.3021459Z     Error Context: test-results/proxy-security-Proxy-Middl-28b94-user-is-redirected-to-login-webkit-branchadmin/error-context.md
Core Validation & E2E	Run Playwright Tests	2026-09-02T15:08:08.3021988Z 
Core Validation & E2E	Run Playwright Tests	2026-09-02T15:08:08.3022486Z     Retry #1 ───────────────────────────────────────────────────────────────────────────────────────
Core Validation & E2E	Run Playwright Tests	2026-09-02T15:08:08.3022998Z 
Core Validation & E2E	Run Playwright Tests	2026-09-02T15:08:08.3023196Z     Error: expect(locator).toBeVisible() failed
Core Validation & E2E	Run Playwright Tests	2026-09-02T15:08:08.3023419Z 
Core Validation & E2E	Run Playwright Tests	2026-09-02T15:08:08.3023586Z     Locator: getByRole('heading', { name: 'Sign in' })
Core Validation & E2E	Run Playwright Tests	2026-09-02T15:08:08.3023915Z     Expected: visible
Core Validation & E2E	Run Playwright Tests	2026-09-02T15:08:08.3024147Z     Timeout: 5000ms
Core Validation & E2E	Run Playwright Tests	2026-09-02T15:08:08.3024434Z     Error: element(s) not found
Core Validation & E2E	Run Playwright Tests	2026-09-02T15:08:08.3024680Z 
Core Validation & E2E	Run Playwright Tests	2026-09-02T15:08:08.3024777Z     Call log:
Core Validation & E2E	Run Playwright Tests	2026-09-02T15:08:08.3025041Z       - Expect "toBeVisible" with timeout 5000ms
Core Validation & E2E	Run Playwright Tests	2026-09-02T15:08:08.3025437Z       - waiting for getByRole('heading', { name: 'Sign in' })
Core Validation & E2E	Run Playwright Tests	2026-09-02T15:08:08.3025672Z 
Core Validation & E2E	Run Playwright Tests	2026-09-02T15:08:08.3025677Z 
Core Validation & E2E	Run Playwright Tests	2026-09-02T15:08:08.3032406Z       11 |     // Should be redirected by proxy.ts to login
Core Validation & E2E	Run Playwright Tests	2026-09-02T15:08:08.3033181Z       12 |     await expect(page).toHaveURL(/.*\/login/);
Core Validation & E2E	Run Playwright Tests	2026-09-02T15:08:08.3034009Z     > 13 |     await expect(page.getByRole('heading', { name: 'Sign in' })).toBeVisible();
Core Validation & E2E	Run Playwright Tests	2026-09-02T15:08:08.3035481Z          |                                                                  ^
Core Validation & E2E	Run Playwright Tests	2026-09-02T15:08:08.3036468Z       14 |     await context.close();
Core Validation & E2E	Run Playwright Tests	2026-09-02T15:08:08.3036762Z       15 |   });
Core Validation & E2E	Run Playwright Tests	2026-09-02T15:08:08.3036968Z       16 |
Core Validation & E2E	Run Playwright Tests	2026-09-02T15:08:08.3042464Z         at /mnt/c/Users/krish/actions-runner/_work/ERP-1/ERP-1/apps/web/e2e/proxy-security.spec.ts:13:66
Core Validation & E2E	Run Playwright Tests	2026-09-02T15:08:08.3042946Z 
Core Validation & E2E	Run Playwright Tests	2026-09-02T15:08:08.3043524Z     Error Context: test-results/proxy-security-Proxy-Middl-28b94-user-is-redirected-to-login-webkit-branchadmin-retry1/error-context.md
Core Validation & E2E	Run Playwright Tests	2026-09-02T15:08:08.3044110Z 
Core Validation & E2E	Run Playwright Tests	2026-09-02T15:08:08.3044728Z     attachment #2: trace (application/zip) ─────────────────────────────────────────────────────────
Core Validation & E2E	Run Playwright Tests	2026-09-02T15:08:08.3045574Z     test-results/proxy-security-Proxy-Middl-28b94-user-is-redirected-to-login-webkit-branchadmin-retry1/trace.zip
Core Validation & E2E	Run Playwright Tests	2026-09-02T15:08:08.3046458Z     Usage:
Core Validation & E2E	Run Playwright Tests	2026-09-02T15:08:08.3046602Z 
Core Validation & E2E	Run Playwright Tests	2026-09-02T15:08:08.3047199Z         npx playwright show-trace test-results/proxy-security-Proxy-Middl-28b94-user-is-redirected-to-login-webkit-branchadmin-retry1/trace.zip
Core Validation & E2E	Run Playwright Tests	2026-09-02T15:08:08.3047798Z 
Core Validation & E2E	Run Playwright Tests	2026-09-02T15:08:08.3048341Z     ────────────────────────────────────────────────────────────────────────────────────────────────
Core Validation & E2E	Run Playwright Tests	2026-09-02T15:08:08.3048662Z 
Core Validation & E2E	Run Playwright Tests	2026-09-02T15:08:08.3049029Z     Retry #2 ───────────────────────────────────────────────────────────────────────────────────────
Core Validation & E2E	Run Playwright Tests	2026-09-02T15:08:08.3049323Z 
Core Validation & E2E	Run Playwright Tests	2026-09-02T15:08:08.3049475Z     Error: expect(locator).toBeVisible() failed
Core Validation & E2E	Run Playwright Tests	2026-09-02T15:08:08.3049686Z 
Core Validation & E2E	Run Playwright Tests	2026-09-02T15:08:08.3049844Z     Locator: getByRole('heading', { name: 'Sign in' })
Core Validation & E2E	Run Playwright Tests	2026-09-02T15:08:08.3050408Z     Expected: visible
Core Validation & E2E	Run Playwright Tests	2026-09-02T15:08:08.3050975Z     Timeout: 5000ms
Core Validation & E2E	Run Playwright Tests	2026-09-02T15:08:08.3051891Z     Error: element(s) not found
Core Validation & E2E	Run Playwright Tests	2026-09-02T15:08:08.3052371Z 
Core Validation & E2E	Run Playwright Tests	2026-09-02T15:08:08.3052490Z     Call log:
Core Validation & E2E	Run Playwright Tests	2026-09-02T15:08:08.3052797Z       - Expect "toBeVisible" with timeout 5000ms
Core Validation & E2E	Run Playwright Tests	2026-09-02T15:08:08.3053448Z       - waiting for getByRole('heading', { name: 'Sign in' })
Core Validation & E2E	Run Playwright Tests	2026-09-02T15:08:08.3053752Z 
Core Validation & E2E	Run Playwright Tests	2026-09-02T15:08:08.3053760Z 
Core Validation & E2E	Run Playwright Tests	2026-09-02T15:08:08.3054362Z       11 |     // Should be redirected by proxy.ts to login
Core Validation & E2E	Run Playwright Tests	2026-09-02T15:08:08.3055132Z       12 |     await expect(page).toHaveURL(/.*\/login/);
Core Validation & E2E	Run Playwright Tests	2026-09-02T15:08:08.3055747Z     > 13 |     await expect(page.getByRole('heading', { name: 'Sign in' })).toBeVisible();
Core Validation & E2E	Run Playwright Tests	2026-09-02T15:08:08.3056255Z          |                                                                  ^
Core Validation & E2E	Run Playwright Tests	2026-09-02T15:08:08.3056628Z       14 |     await context.close();
Core Validation & E2E	Run Playwright Tests	2026-09-02T15:08:08.3056891Z       15 |   });
Core Validation & E2E	Run Playwright Tests	2026-09-02T15:08:08.3057094Z       16 |
Core Validation & E2E	Run Playwright Tests	2026-09-02T15:08:08.3057569Z         at /mnt/c/Users/krish/actions-runner/_work/ERP-1/ERP-1/apps/web/e2e/proxy-security.spec.ts:13:66
Core Validation & E2E	Run Playwright Tests	2026-09-02T15:08:08.3063461Z 
Core Validation & E2E	Run Playwright Tests	2026-09-02T15:08:08.3064212Z     Error Context: test-results/proxy-security-Proxy-Middl-28b94-user-is-redirected-to-login-webkit-branchadmin-retry2/error-context.md
Core Validation & E2E	Run Playwright Tests	2026-09-02T15:08:08.3064932Z 
Core Validation & E2E	Run Playwright Tests	2026-09-02T15:08:08.3064940Z 
Core Validation & E2E	Run Playwright Tests	2026-09-02T15:08:10.7243304Z [601/626] [webkit-branchadmin] › e2e/proxy-security.spec.ts:17:7 › Proxy / Middleware Runtime Security › Normal authenticated user is not incorrectly redirected
Core Validation & E2E	Run Playwright Tests	2026-09-02T15:08:12.0778738Z [602/626] [webkit-branchadmin] › e2e/proxy-security.spec.ts:25:7 › Proxy / Middleware Runtime Security › Logout remains usable
Core Validation & E2E	Run Playwright Tests	2026-09-02T15:08:41.6489421Z [603/626] (retries) [webkit-branchadmin] › e2e/proxy-security.spec.ts:25:7 › Proxy / Middleware Runtime Security › Logout remains usable (retry #1)
Core Validation & E2E	Run Playwright Tests	2026-09-02T15:09:11.9807162Z [604/626] (retries) [webkit-branchadmin] › e2e/proxy-security.spec.ts:25:7 › Proxy / Middleware Runtime Security › Logout remains usable (retry #2)
Core Validation & E2E	Run Playwright Tests	2026-09-02T15:09:39.4867780Z   29) [webkit-branchadmin] › e2e/proxy-security.spec.ts:25:7 › Proxy / Middleware Runtime Security › Logout remains usable 
Core Validation & E2E	Run Playwright Tests	2026-09-02T15:09:39.4868331Z 
Core Validation & E2E	Run Playwright Tests	2026-09-02T15:09:39.4868482Z     Test timeout of 30000ms exceeded.
Core Validation & E2E	Run Playwright Tests	2026-09-02T15:09:39.4868662Z 
Core Validation & E2E	Run Playwright Tests	2026-09-02T15:09:39.4868859Z     Error: locator.click: Test timeout of 30000ms exceeded.
Core Validation & E2E	Run Playwright Tests	2026-09-02T15:09:39.4869189Z     Call log:
Core Validation & E2E	Run Playwright Tests	2026-09-02T15:09:39.4869481Z       - waiting for getByRole('button', { name: 'Logout' })
Core Validation & E2E	Run Playwright Tests	2026-09-02T15:09:39.4869716Z 
Core Validation & E2E	Run Playwright Tests	2026-09-02T15:09:39.4869723Z 
Core Validation & E2E	Run Playwright Tests	2026-09-02T15:09:39.4869843Z       29 |     
Core Validation & E2E	Run Playwright Tests	2026-09-02T15:09:39.4870729Z       30 |     // Perform logout
Core Validation & E2E	Run Playwright Tests	2026-09-02T15:09:39.4871629Z     > 31 |     await page.getByRole('button', { name: 'Logout' }).click();
Core Validation & E2E	Run Playwright Tests	2026-09-02T15:09:39.4872179Z          |                                                        ^
Core Validation & E2E	Run Playwright Tests	2026-09-02T15:09:39.4872541Z       32 |     
Core Validation & E2E	Run Playwright Tests	2026-09-02T15:09:39.4872847Z       33 |     // Verify redirect to login
Core Validation & E2E	Run Playwright Tests	2026-09-02T15:09:39.4873278Z       34 |     await expect(page).toHaveURL(/.*\/login/);
Core Validation & E2E	Run Playwright Tests	2026-09-02T15:09:39.4873985Z         at /mnt/c/Users/krish/actions-runner/_work/ERP-1/ERP-1/apps/web/e2e/proxy-security.spec.ts:31:56
Core Validation & E2E	Run Playwright Tests	2026-09-02T15:09:39.4874450Z 
Core Validation & E2E	Run Playwright Tests	2026-09-02T15:09:39.4875088Z     Error Context: test-results/proxy-security-Proxy-Middl-2a5ca-urity-Logout-remains-usable-webkit-branchadmin/error-context.md
Core Validation & E2E	Run Playwright Tests	2026-09-02T15:09:39.4875755Z 
Core Validation & E2E	Run Playwright Tests	2026-09-02T15:09:39.4876771Z     Retry #1 ───────────────────────────────────────────────────────────────────────────────────────
Core Validation & E2E	Run Playwright Tests	2026-09-02T15:09:39.4877117Z 
Core Validation & E2E	Run Playwright Tests	2026-09-02T15:09:39.4877292Z     Test timeout of 30000ms exceeded.
Core Validation & E2E	Run Playwright Tests	2026-09-02T15:09:39.4877472Z 
Core Validation & E2E	Run Playwright Tests	2026-09-02T15:09:39.4877663Z     Error: locator.click: Test timeout of 30000ms exceeded.
Core Validation & E2E	Run Playwright Tests	2026-09-02T15:09:39.4877979Z     Call log:
Core Validation & E2E	Run Playwright Tests	2026-09-02T15:09:39.4878261Z       - waiting for getByRole('button', { name: 'Logout' })
Core Validation & E2E	Run Playwright Tests	2026-09-02T15:09:39.4878484Z 
Core Validation & E2E	Run Playwright Tests	2026-09-02T15:09:39.4878490Z 
Core Validation & E2E	Run Playwright Tests	2026-09-02T15:09:39.4878569Z       29 |     
Core Validation & E2E	Run Playwright Tests	2026-09-02T15:09:39.4879139Z       30 |     // Perform logout
Core Validation & E2E	Run Playwright Tests	2026-09-02T15:09:39.4879636Z     > 31 |     await page.getByRole('button', { name: 'Logout' }).click();
Core Validation & E2E	Run Playwright Tests	2026-09-02T15:09:39.4880337Z          |                                                        ^
Core Validation & E2E	Run Playwright Tests	2026-09-02T15:09:39.4880749Z       32 |     
Core Validation & E2E	Run Playwright Tests	2026-09-02T15:09:39.4881354Z       33 |     // Verify redirect to login
Core Validation & E2E	Run Playwright Tests	2026-09-02T15:09:39.4881944Z       34 |     await expect(page).toHaveURL(/.*\/login/);
Core Validation & E2E	Run Playwright Tests	2026-09-02T15:09:39.4882613Z         at /mnt/c/Users/krish/actions-runner/_work/ERP-1/ERP-1/apps/web/e2e/proxy-security.spec.ts:31:56
Core Validation & E2E	Run Playwright Tests	2026-09-02T15:09:39.4883018Z 
Core Validation & E2E	Run Playwright Tests	2026-09-02T15:09:39.4883571Z     Error Context: test-results/proxy-security-Proxy-Middl-2a5ca-urity-Logout-remains-usable-webkit-branchadmin-retry1/error-context.md
Core Validation & E2E	Run Playwright Tests	2026-09-02T15:09:39.4884621Z 
Core Validation & E2E	Run Playwright Tests	2026-09-02T15:09:39.4885582Z     attachment #2: trace (application/zip) ─────────────────────────────────────────────────────────
Core Validation & E2E	Run Playwright Tests	2026-09-02T15:09:39.4886882Z     test-results/proxy-security-Proxy-Middl-2a5ca-urity-Logout-remains-usable-webkit-branchadmin-retry1/trace.zip
Core Validation & E2E	Run Playwright Tests	2026-09-02T15:09:39.4893597Z     Usage:
Core Validation & E2E	Run Playwright Tests	2026-09-02T15:09:39.4893797Z 
Core Validation & E2E	Run Playwright Tests	2026-09-02T15:09:39.4894758Z         npx playwright show-trace test-results/proxy-security-Proxy-Middl-2a5ca-urity-Logout-remains-usable-webkit-branchadmin-retry1/trace.zip
Core Validation & E2E	Run Playwright Tests	2026-09-02T15:09:39.4895928Z 
Core Validation & E2E	Run Playwright Tests	2026-09-02T15:09:39.4896414Z     ────────────────────────────────────────────────────────────────────────────────────────────────
Core Validation & E2E	Run Playwright Tests	2026-09-02T15:09:39.4896722Z 
Core Validation & E2E	Run Playwright Tests	2026-09-02T15:09:39.4897502Z     Retry #2 ───────────────────────────────────────────────────────────────────────────────────────
Core Validation & E2E	Run Playwright Tests	2026-09-02T15:09:39.4902758Z 
Core Validation & E2E	Run Playwright Tests	2026-09-02T15:09:39.4902924Z     Test timeout of 30000ms exceeded.
Core Validation & E2E	Run Playwright Tests	2026-09-02T15:09:39.4903680Z 
Core Validation & E2E	Run Playwright Tests	2026-09-02T15:09:39.4903937Z     Error: locator.click: Test timeout of 30000ms exceeded.
Core Validation & E2E	Run Playwright Tests	2026-09-02T15:09:39.4904390Z     Call log:
Core Validation & E2E	Run Playwright Tests	2026-09-02T15:09:39.4904779Z       - waiting for getByRole('button', { name: 'Logout' })
Core Validation & E2E	Run Playwright Tests	2026-09-02T15:09:39.4905073Z 
Core Validation & E2E	Run Playwright Tests	2026-09-02T15:09:39.4905080Z 
Core Validation & E2E	Run Playwright Tests	2026-09-02T15:09:39.4905508Z       29 |     
Core Validation & E2E	Run Playwright Tests	2026-09-02T15:09:39.4906194Z       30 |     // Perform logout
Core Validation & E2E	Run Playwright Tests	2026-09-02T15:09:39.4907099Z     > 31 |     await page.getByRole('button', { name: 'Logout' }).click();
Core Validation & E2E	Run Playwright Tests	2026-09-02T15:09:39.4907676Z          |                                                        ^
Core Validation & E2E	Run Playwright Tests	2026-09-02T15:09:39.4908046Z       32 |     
Core Validation & E2E	Run Playwright Tests	2026-09-02T15:09:39.4908350Z       33 |     // Verify redirect to login
Core Validation & E2E	Run Playwright Tests	2026-09-02T15:09:39.4908793Z       34 |     await expect(page).toHaveURL(/.*\/login/);
Core Validation & E2E	Run Playwright Tests	2026-09-02T15:09:39.4909515Z         at /mnt/c/Users/krish/actions-runner/_work/ERP-1/ERP-1/apps/web/e2e/proxy-security.spec.ts:31:56
Core Validation & E2E	Run Playwright Tests	2026-09-02T15:09:39.4910037Z 
Core Validation & E2E	Run Playwright Tests	2026-09-02T15:09:39.4910769Z     Error Context: test-results/proxy-security-Proxy-Middl-2a5ca-urity-Logout-remains-usable-webkit-branchadmin-retry2/error-context.md
Core Validation & E2E	Run Playwright Tests	2026-09-02T15:09:39.4911554Z 
Core Validation & E2E	Run Playwright Tests	2026-09-02T15:09:39.4911561Z 
Core Validation & E2E	Run Playwright Tests	2026-09-02T15:09:41.8012668Z [605/626] [webkit-branchadmin] › e2e/proxy-security.spec.ts:42:9 › Proxy / Middleware Runtime Security › Password Reset Flow › User requiring password reset is redirected to /auth/update-password
Core Validation & E2E	Run Playwright Tests	2026-09-02T15:09:49.6203802Z [606/626] (retries) [webkit-branchadmin] › e2e/proxy-security.spec.ts:42:9 › Proxy / Middleware Runtime Security › Password Reset Flow › User requiring password reset is redirected to /auth/update-password (retry #1)
Core Validation & E2E	Run Playwright Tests	2026-09-02T15:09:57.9783465Z [607/626] (retries) [webkit-branchadmin] › e2e/proxy-security.spec.ts:42:9 › Proxy / Middleware Runtime Security › Password Reset Flow › User requiring password reset is redirected to /auth/update-password (retry #2)
Core Validation & E2E	Run Playwright Tests	2026-09-02T15:10:03.9627223Z   30) [webkit-branchadmin] › e2e/proxy-security.spec.ts:42:9 › Proxy / Middleware Runtime Security › Password Reset Flow › User requiring password reset is redirected to /auth/update-password 
Core Validation & E2E	Run Playwright Tests	2026-09-02T15:10:03.9628573Z 
Core Validation & E2E	Run Playwright Tests	2026-09-02T15:10:03.9628797Z     Error: expect(page).toHaveURL(expected) failed
Core Validation & E2E	Run Playwright Tests	2026-09-02T15:10:03.9629043Z 
Core Validation & E2E	Run Playwright Tests	2026-09-02T15:10:03.9629219Z     Expected pattern: /.*\/auth\/update-password/
Core Validation & E2E	Run Playwright Tests	2026-09-02T15:10:03.9629631Z     Received string:  "http://localhost:3000/login"
Core Validation & E2E	Run Playwright Tests	2026-09-02T15:10:03.9635703Z     Timeout: 5000ms
Core Validation & E2E	Run Playwright Tests	2026-09-02T15:10:03.9635911Z 
Core Validation & E2E	Run Playwright Tests	2026-09-02T15:10:03.9636021Z     Call log:
Core Validation & E2E	Run Playwright Tests	2026-09-02T15:10:03.9636318Z       - Expect "toHaveURL" with timeout 5000ms
Core Validation & E2E	Run Playwright Tests	2026-09-02T15:10:03.9637315Z         13 × locator resolved to <html lang="en" class="h-full antialiased">…</html>
Core Validation & E2E	Run Playwright Tests	2026-09-02T15:10:03.9637855Z            - unexpected value "http://localhost:3000/login"
Core Validation & E2E	Run Playwright Tests	2026-09-02T15:10:03.9638093Z 
Core Validation & E2E	Run Playwright Tests	2026-09-02T15:10:03.9638101Z 
Core Validation & E2E	Run Playwright Tests	2026-09-02T15:10:03.9638192Z       51 |
Core Validation & E2E	Run Playwright Tests	2026-09-02T15:10:03.9638501Z       52 |       // Should be forced to update-password
Core Validation & E2E	Run Playwright Tests	2026-09-02T15:10:03.9638974Z     > 53 |       await expect(page).toHaveURL(/.*\/auth\/update-password/);
Core Validation & E2E	Run Playwright Tests	2026-09-02T15:10:03.9639358Z          |                          ^
Core Validation & E2E	Run Playwright Tests	2026-09-02T15:10:03.9639836Z       54 |       await expect(page.getByRole('heading', { name: 'Update Password' })).toBeVisible();
Core Validation & E2E	Run Playwright Tests	2026-09-02T15:10:03.9640256Z       55 |
Core Validation & E2E	Run Playwright Tests	2026-09-02T15:10:03.9640615Z       56 |       // Trying to navigate to a protected page directly should still redirect
Core Validation & E2E	Run Playwright Tests	2026-09-02T15:10:03.9641266Z         at /mnt/c/Users/krish/actions-runner/_work/ERP-1/ERP-1/apps/web/e2e/proxy-security.spec.ts:53:26
Core Validation & E2E	Run Playwright Tests	2026-09-02T15:10:03.9641974Z 
Core Validation & E2E	Run Playwright Tests	2026-09-02T15:10:03.9642517Z     Error Context: test-results/proxy-security-Proxy-Middl-e4437-ted-to-auth-update-password-webkit-branchadmin/error-context.md
Core Validation & E2E	Run Playwright Tests	2026-09-02T15:10:03.9643408Z 
Core Validation & E2E	Run Playwright Tests	2026-09-02T15:10:03.9644395Z     Retry #1 ───────────────────────────────────────────────────────────────────────────────────────
Core Validation & E2E	Run Playwright Tests	2026-09-02T15:10:03.9649526Z 
Core Validation & E2E	Run Playwright Tests	2026-09-02T15:10:03.9649780Z     Error: expect(page).toHaveURL(expected) failed
Core Validation & E2E	Run Playwright Tests	2026-09-02T15:10:03.9650062Z 
Core Validation & E2E	Run Playwright Tests	2026-09-02T15:10:03.9650261Z     Expected pattern: /.*\/auth\/update-password/
Core Validation & E2E	Run Playwright Tests	2026-09-02T15:10:03.9650754Z     Received string:  "http://localhost:3000/login"
Core Validation & E2E	Run Playwright Tests	2026-09-02T15:10:03.9651123Z     Timeout: 5000ms
Core Validation & E2E	Run Playwright Tests	2026-09-02T15:10:03.9651276Z 
Core Validation & E2E	Run Playwright Tests	2026-09-02T15:10:03.9651386Z     Call log:
Core Validation & E2E	Run Playwright Tests	2026-09-02T15:10:03.9664364Z       - Expect "toHaveURL" with timeout 5000ms
Core Validation & E2E	Run Playwright Tests	2026-09-02T15:10:03.9665131Z         13 × locator resolved to <html lang="en" class="h-full antialiased">…</html>
Core Validation & E2E	Run Playwright Tests	2026-09-02T15:10:03.9665639Z            - unexpected value "http://localhost:3000/login"
Core Validation & E2E	Run Playwright Tests	2026-09-02T15:10:03.9665889Z 
Core Validation & E2E	Run Playwright Tests	2026-09-02T15:10:03.9665896Z 
Core Validation & E2E	Run Playwright Tests	2026-09-02T15:10:03.9665975Z       51 |
Core Validation & E2E	Run Playwright Tests	2026-09-02T15:10:03.9666258Z       52 |       // Should be forced to update-password
Core Validation & E2E	Run Playwright Tests	2026-09-02T15:10:03.9666693Z     > 53 |       await expect(page).toHaveURL(/.*\/auth\/update-password/);
Core Validation & E2E	Run Playwright Tests	2026-09-02T15:10:03.9667251Z          |                          ^
Core Validation & E2E	Run Playwright Tests	2026-09-02T15:10:03.9667758Z       54 |       await expect(page.getByRole('heading', { name: 'Update Password' })).toBeVisible();
Core Validation & E2E	Run Playwright Tests	2026-09-02T15:10:03.9668183Z       55 |
Core Validation & E2E	Run Playwright Tests	2026-09-02T15:10:03.9668546Z       56 |       // Trying to navigate to a protected page directly should still redirect
Core Validation & E2E	Run Playwright Tests	2026-09-02T15:10:03.9669192Z         at /mnt/c/Users/krish/actions-runner/_work/ERP-1/ERP-1/apps/web/e2e/proxy-security.spec.ts:53:26
Core Validation & E2E	Run Playwright Tests	2026-09-02T15:10:03.9669567Z 
Core Validation & E2E	Run Playwright Tests	2026-09-02T15:10:03.9670109Z     Error Context: test-results/proxy-security-Proxy-Middl-e4437-ted-to-auth-update-password-webkit-branchadmin-retry1/error-context.md
Core Validation & E2E	Run Playwright Tests	2026-09-02T15:10:03.9670674Z 
Core Validation & E2E	Run Playwright Tests	2026-09-02T15:10:03.9671104Z     attachment #2: trace (application/zip) ─────────────────────────────────────────────────────────
Core Validation & E2E	Run Playwright Tests	2026-09-02T15:10:03.9671897Z     test-results/proxy-security-Proxy-Middl-e4437-ted-to-auth-update-password-webkit-branchadmin-retry1/trace.zip
Core Validation & E2E	Run Playwright Tests	2026-09-02T15:10:03.9672474Z     Usage:
Core Validation & E2E	Run Playwright Tests	2026-09-02T15:10:03.9672593Z 
Core Validation & E2E	Run Playwright Tests	2026-09-02T15:10:03.9673175Z         npx playwright show-trace test-results/proxy-security-Proxy-Middl-e4437-ted-to-auth-update-password-webkit-branchadmin-retry1/trace.zip
Core Validation & E2E	Run Playwright Tests	2026-09-02T15:10:03.9673760Z 
Core Validation & E2E	Run Playwright Tests	2026-09-02T15:10:03.9674098Z     ────────────────────────────────────────────────────────────────────────────────────────────────
Core Validation & E2E	Run Playwright Tests	2026-09-02T15:10:03.9674381Z 
Core Validation & E2E	Run Playwright Tests	2026-09-02T15:10:03.9674717Z     Retry #2 ───────────────────────────────────────────────────────────────────────────────────────
Core Validation & E2E	Run Playwright Tests	2026-09-02T15:10:03.9680032Z 
Core Validation & E2E	Run Playwright Tests	2026-09-02T15:10:03.9680255Z     Error: expect(page).toHaveURL(expected) failed
Core Validation & E2E	Run Playwright Tests	2026-09-02T15:10:03.9680482Z 
Core Validation & E2E	Run Playwright Tests	2026-09-02T15:10:03.9680653Z     Expected pattern: /.*\/auth\/update-password/
Core Validation & E2E	Run Playwright Tests	2026-09-02T15:10:03.9681032Z     Received string:  "http://localhost:3000/login"
Core Validation & E2E	Run Playwright Tests	2026-09-02T15:10:03.9681337Z     Timeout: 5000ms
Core Validation & E2E	Run Playwright Tests	2026-09-02T15:10:03.9681456Z 
Core Validation & E2E	Run Playwright Tests	2026-09-02T15:10:03.9681543Z     Call log:
Core Validation & E2E	Run Playwright Tests	2026-09-02T15:10:03.9681794Z       - Expect "toHaveURL" with timeout 5000ms
Core Validation & E2E	Run Playwright Tests	2026-09-02T15:10:03.9686730Z         14 × locator resolved to <html lang="en" class="h-full antialiased">…</html>
Core Validation & E2E	Run Playwright Tests	2026-09-02T15:10:03.9687371Z            - unexpected value "http://localhost:3000/login"
Core Validation & E2E	Run Playwright Tests	2026-09-02T15:10:03.9687672Z 
Core Validation & E2E	Run Playwright Tests	2026-09-02T15:10:03.9687681Z 
Core Validation & E2E	Run Playwright Tests	2026-09-02T15:10:03.9687788Z       51 |
Core Validation & E2E	Run Playwright Tests	2026-09-02T15:10:03.9688124Z       52 |       // Should be forced to update-password
Core Validation & E2E	Run Playwright Tests	2026-09-02T15:10:03.9688643Z     > 53 |       await expect(page).toHaveURL(/.*\/auth\/update-password/);
Core Validation & E2E	Run Playwright Tests	2026-09-02T15:10:03.9689129Z          |                          ^
Core Validation & E2E	Run Playwright Tests	2026-09-02T15:10:03.9690033Z       54 |       await expect(page.getByRole('heading', { name: 'Update Password' })).toBeVisible();
Core Validation & E2E	Run Playwright Tests	2026-09-02T15:10:03.9690660Z       55 |
Core Validation & E2E	Run Playwright Tests	2026-09-02T15:10:03.9691056Z       56 |       // Trying to navigate to a protected page directly should still redirect
Core Validation & E2E	Run Playwright Tests	2026-09-02T15:10:03.9691721Z         at /mnt/c/Users/krish/actions-runner/_work/ERP-1/ERP-1/apps/web/e2e/proxy-security.spec.ts:53:26
Core Validation & E2E	Run Playwright Tests	2026-09-02T15:10:03.9692103Z 
Core Validation & E2E	Run Playwright Tests	2026-09-02T15:10:03.9692646Z     Error Context: test-results/proxy-security-Proxy-Middl-e4437-ted-to-auth-update-password-webkit-branchadmin-retry2/error-context.md
Core Validation & E2E	Run Playwright Tests	2026-09-02T15:10:03.9693233Z 
Core Validation & E2E	Run Playwright Tests	2026-09-02T15:10:03.9693240Z 
Core Validation & E2E	Run Playwright Tests	2026-09-02T15:10:06.4135166Z [608/626] [webkit-branchadmin] › e2e/scheduling.spec.ts:13:7 › Scheduling Management › Branch Admin can manage rooms, bell schedules, and periods
Core Validation & E2E	Run Playwright Tests	2026-09-02T15:10:06.5632115Z [609/626] [webkit-branchadmin] › e2e/scheduling.spec.ts:99:7 › Scheduling Security - Teacher Role › Teacher cannot perform administrative mutations
Core Validation & E2E	Run Playwright Tests	2026-09-02T15:10:06.5958041Z [610/626] [webkit-branchadmin] › e2e/scheduling.spec.ts:119:7 › Scheduling Security - Cross Branch › Cross-branch manipulation is rejected
Core Validation & E2E	Run Playwright Tests	2026-09-02T15:10:16.9883606Z [611/626] [webkit-branchadmin] › e2e/storage.spec.ts:34:7 › Storage Runtime Authorization (Communication) › Teacher can upload attachment to their own draft and unauthorized users cannot read
Core Validation & E2E	Run Playwright Tests	2026-09-02T15:10:17.0603828Z [612/626] [webkit-branchadmin] › e2e/students-security.spec.ts:17:7 › Students Page Authorization › Branch Admin can access /students for their own branch
Core Validation & E2E	Run Playwright Tests	2026-09-02T15:10:09.0447985Z [613/626] [webkit-branchadmin] › e2e/students-security.spec.ts:35:7 › Students Page Authorization › Teacher can access /students in read-only mode
Core Validation & E2E	Run Playwright Tests	2026-09-02T15:10:09.4297258Z [614/626] [webkit-branchadmin] › e2e/students-security.spec.ts:52:7 › Students Page Authorization › Students page rejects access with invalid branch context
Core Validation & E2E	Run Playwright Tests	2026-09-02T15:10:10.2483360Z [615/626] [webkit-branchadmin] › e2e/students-security.spec.ts:67:7 › Students/New Page Authorization › Branch Admin can access /students/new for their branch
Core Validation & E2E	Run Playwright Tests	2026-09-02T15:10:11.1398742Z [616/626] [webkit-branchadmin] › e2e/students-security.spec.ts:80:7 › Students/New Page Authorization › Teacher cannot access /students/new (read-only role)
Core Validation & E2E	Run Playwright Tests	2026-09-02T15:10:11.5412509Z [617/626] [webkit-branchadmin] › e2e/students-security.spec.ts:91:7 › Students/New Page Authorization › Students/new page does not contain hardcoded branch/org IDs
Core Validation & E2E	Run Playwright Tests	2026-09-02T15:10:12.2476114Z [618/626] [webkit-branchadmin] › e2e/students-security.spec.ts:104:7 › Students/New Page Authorization › Students/new rejects cross-branch access
Core Validation & E2E	Run Playwright Tests	2026-09-02T15:10:13.0861560Z [619/626] [webkit-branchadmin] › e2e/students-security.spec.ts:119:7 › Students Detail Page Authorization › Student detail page enforces branch context
Core Validation & E2E	Run Playwright Tests	2026-09-02T15:10:13.4330651Z [620/626] [webkit-branchadmin] › e2e/students-security.spec.ts:131:7 › Students Detail Page Authorization › Student detail page rejects cross-branch access
Core Validation & E2E	Run Playwright Tests	2026-09-02T15:10:14.2941516Z [621/626] [webkit-branchadmin] › e2e/substitutions.spec.ts:33:7 › Substitutions Management › Branch Admin CRUD & Conflicts › should manage substitutions and handle conflicts
Core Validation & E2E	Run Playwright Tests	2026-09-02T15:10:14.3517335Z [622/626] [webkit-branchadmin] › e2e/substitutions.spec.ts:281:9 › Substitutions Management › Teacher Roles › should view substitutions but cannot create
Core Validation & E2E	Run Playwright Tests	2026-09-02T15:10:14.4221713Z [623/626] [webkit-branchadmin] › e2e/timetable.spec.ts:27:9 › Timetable Management › Branch Admin CRUD & Conflicts › should manage timetable entries and handle conflicts
Core Validation & E2E	Run Playwright Tests	2026-09-02T15:10:14.4552262Z [624/626] [webkit-branchadmin] › e2e/timetable.spec.ts:168:9 › Timetable Management › Teacher Roles › should view timetable but cannot create entries
Core Validation & E2E	Run Playwright Tests	2026-09-02T15:10:16.9989133Z [625/626] [webkit-teacher] › e2e/academic-structure.spec.ts:6:7 › Academic Structure Role Tests › Teacher gets Access Denied when trying to create and sees branch identity without switching
Core Validation & E2E	Run Playwright Tests	2026-09-02T15:10:18.1565745Z [626/626] [webkit-teacher] › e2e/academic-structure.spec.ts:22:7 › Academic Structure Role Tests › Branch Admin can create, edit, and delete an Academic Year but cannot switch branch
Core Validation & E2E	Run Playwright Tests	2026-09-02T15:10:18.5654151Z [627/626] [webkit-teacher] › e2e/academic-structure.spec.ts:58:7 › Academic Structure Role Tests › Branch Admin attempting to access another branch resource is denied
Core Validation & E2E	Run Playwright Tests	2026-09-02T15:10:19.0245345Z [628/626] [webkit-teacher] › e2e/adversarial-security.spec.ts:38:9 › Adversarial Server-Boundary Security › Teacher Role Mutations › Teacher cannot mutate attendance for unauthorized branch
Core Validation & E2E	Run Playwright Tests	2026-09-02T15:10:19.1842447Z [629/626] [webkit-teacher] › e2e/adversarial-security.spec.ts:63:9 › Adversarial Server-Boundary Security › Teacher Role Mutations › Teacher cannot mutate homework for unauthorized branch
Core Validation & E2E	Run Playwright Tests	2026-09-02T15:10:19.3767281Z [630/626] [webkit-teacher] › e2e/adversarial-security.spec.ts:104:9 › Adversarial Server-Boundary Security › Teacher Role Mutations › Teacher cannot publish communication messages (admin-only)
Core Validation & E2E	Run Playwright Tests	2026-09-02T15:10:19.5066758Z [631/626] [webkit-teacher] › e2e/adversarial-security.spec.ts:131:9 › Adversarial Server-Boundary Security › Teacher Role Mutations › Teacher cannot mutate a locked attendance session directly via RPC
Core Validation & E2E	Run Playwright Tests	2026-09-02T15:10:19.6758657Z [632/626] [webkit-teacher] › e2e/adversarial-security.spec.ts:176:9 › Adversarial Server-Boundary Security › Guardian Role Mutations › Guardian cannot mutate attendance for their own child
Core Validation & E2E	Run Playwright Tests	2026-09-02T15:10:19.7314943Z [633/626] [webkit-teacher] › e2e/app-config.spec.ts:5:7 › App Config Admin Tests › Teacher gets Access Denied when trying to access app config
Core Validation & E2E	Run Playwright Tests	2026-09-02T15:10:20.5091770Z [634/626] [webkit-teacher] › e2e/app-config.spec.ts:15:7 › App Config Admin Tests › Branch Admin can view and edit their branch app config
Core Validation & E2E	Run Playwright Tests	2026-09-02T15:10:20.9870170Z [635/626] [webkit-teacher] › e2e/app-config.spec.ts:40:7 › App Config Admin Tests › Super Admin can view and edit app configs across branches
Core Validation & E2E	Run Playwright Tests	2026-09-02T15:10:21.3999548Z [636/626] [webkit-teacher] › e2e/attendance.spec.ts:11:9 › Attendance Management › Teacher Flow (chromium-teacher) › Teacher can mark, save, and lock attendance
Core Validation & E2E	Run Playwright Tests	2026-09-02T15:10:21.4325015Z [637/626] [webkit-teacher] › e2e/attendance.spec.ts:64:9 › Attendance Management › Teacher Flow (chromium-teacher) › Teacher cannot bypass authorization for another branch
Core Validation & E2E	Run Playwright Tests	2026-09-02T15:10:21.4586901Z [638/626] [webkit-teacher] › e2e/attendance.spec.ts:76:9 › Attendance Management › Branch Admin Flow (chromium-branchadmin) › Admin can mark, save, lock, publish, and correct attendance
Core Validation & E2E	Run Playwright Tests	2026-09-02T15:10:21.4868038Z [639/626] [webkit-teacher] › e2e/attendance.spec.ts:145:9 › Attendance Management › Guardian History Flow (chromium-guardian) › Guardian can view published absences
Core Validation & E2E	Run Playwright Tests	2026-09-02T15:10:21.5142477Z [640/626] [webkit-teacher] › e2e/attendance.spec.ts:155:9 › Attendance Management › Guardian History Flow (chromium-guardian) › Guardian cannot access attendance entry page
Core Validation & E2E	Run Playwright Tests	2026-09-02T15:10:21.5698666Z [641/626] [webkit-teacher] › e2e/auth-password-reset.spec.ts:7:7 › Temporary Credentials Enforcement › User with force_password_reset=true is redirected and can reset
Core Validation & E2E	Run Playwright Tests	2026-09-02T15:10:21.9465716Z [642/626] [webkit-teacher] › e2e/auth-password-reset.spec.ts:62:7 › Temporary Credentials Enforcement › Normal user without force_password_reset can login normally
Core Validation & E2E	Run Playwright Tests	2026-09-02T15:10:26.5338291Z [643/626] [webkit-teacher] › e2e/branch-context.spec.ts:39:9 › branch-context authorization helpers › Super Admin Semantics › auth_is_super_admin() is true
Core Validation & E2E	Run Playwright Tests	2026-09-02T15:10:26.5473096Z [644/626] [webkit-teacher] › e2e/branch-context.spec.ts:44:9 › branch-context authorization helpers › Super Admin Semantics › auth_has_org_access() is true for authorized org
Core Validation & E2E	Run Playwright Tests	2026-09-02T15:10:26.5671449Z [645/626] [webkit-teacher] › e2e/branch-context.spec.ts:49:9 › branch-context authorization helpers › Super Admin Semantics › auth_has_branch_membership() is true for branch in authorized org
Core Validation & E2E	Run Playwright Tests	2026-09-02T15:10:26.5817836Z [646/626] [webkit-teacher] › e2e/branch-context.spec.ts:53:9 › branch-context authorization helpers › Super Admin Semantics › auth_has_branch_membership() is false for branch in unauthorized org
Core Validation & E2E	Run Playwright Tests	2026-09-02T15:10:26.5963395Z [647/626] [webkit-teacher] › e2e/branch-context.spec.ts:57:9 › branch-context authorization helpers › Super Admin Semantics › auth_has_branch_role() is false unless an explicit real role assignment exists
Core Validation & E2E	Run Playwright Tests	2026-09-02T15:10:26.6132322Z [648/626] [webkit-teacher] › e2e/branch-context.spec.ts:68:9 › branch-context authorization helpers › Branch Admin Semantics › branchadmin role is true for own branch
Core Validation & E2E	Run Playwright Tests	2026-09-02T15:10:26.6249085Z [649/626] [webkit-teacher] › e2e/branch-context.spec.ts:72:9 › branch-context authorization helpers › Branch Admin Semantics › teacher role is false unless explicitly assigned
Core Validation & E2E	Run Playwright Tests	2026-09-02T15:10:26.6416034Z [650/626] [webkit-teacher] › e2e/branch-context.spec.ts:76:9 › branch-context authorization helpers › Branch Admin Semantics › other branch is false
Core Validation & E2E	Run Playwright Tests	2026-09-02T15:10:26.6540937Z [651/626] [webkit-teacher] › e2e/branch-context.spec.ts:80:9 › branch-context authorization helpers › Branch Admin Semantics › wrong org is false
Core Validation & E2E	Run Playwright Tests	2026-09-02T15:10:26.6668597Z [652/626] [webkit-teacher] › e2e/branch-context.spec.ts:86:9 › branch-context authorization helpers › Teacher Semantics › teacher role is true in own branch
Core Validation & E2E	Run Playwright Tests	2026-09-02T15:10:26.6790924Z [653/626] [webkit-teacher] › e2e/branch-context.spec.ts:90:9 › branch-context authorization helpers › Teacher Semantics › branchadmin role is false
Core Validation & E2E	Run Playwright Tests	2026-09-02T15:10:26.6913193Z [654/626] [webkit-teacher] › e2e/branch-context.spec.ts:94:9 › branch-context authorization helpers › Teacher Semantics › other branch is false
Core Validation & E2E	Run Playwright Tests	2026-09-02T15:10:26.7036494Z [655/626] [webkit-teacher] › e2e/branch-context.spec.ts:98:9 › branch-context authorization helpers › Teacher Semantics › wrong org is false
Core Validation & E2E	Run Playwright Tests	2026-09-02T15:10:26.7460396Z [656/626] [webkit-teacher] › e2e/calendar.spec.ts:24:7 › Calendar UI › Teacher cannot mutate calendar events or operating days
Core Validation & E2E	Run Playwright Tests	2026-09-02T15:10:27.6608993Z [657/626] [webkit-teacher] › e2e/calendar.spec.ts:79:9 › Calendar UI › Branch Admin Calendar Mutations › Branch Admin can manage operating days
Core Validation & E2E	Run Playwright Tests	2026-09-02T15:10:28.0615156Z [658/626] [webkit-teacher] › e2e/calendar.spec.ts:128:9 › Calendar UI › Branch Admin Calendar Mutations › Branch Admin can create, edit, and archive calendar events
Core Validation & E2E	Run Playwright Tests	2026-09-02T15:10:28.0116914Z [659/626] [webkit-teacher] › e2e/communication.spec.ts:5:7 › Communication End-to-End Workflows › Branch Admin can create an announcement and view it in Sent
Core Validation & E2E	Run Playwright Tests	2026-09-02T15:10:28.3827154Z [660/626] [webkit-teacher] › e2e/communication.spec.ts:26:7 › Communication End-to-End Workflows › Teacher can create class announcement and branch-wide targeting is denied
Core Validation & E2E	Run Playwright Tests	2026-09-02T15:10:28.3985035Z [661/626] [webkit-teacher] › e2e/communication.spec.ts:61:7 › Communication End-to-End Workflows › Recipient can view message in inbox
Core Validation & E2E	Run Playwright Tests	2026-09-02T15:10:28.4226112Z [662/626] [webkit-teacher] › e2e/communication.spec.ts:163:7 › Communication End-to-End Workflows › Teacher rate limit enforces exactly 5 messages per day
Core Validation & E2E	Run Playwright Tests	2026-09-02T15:10:28.4678545Z [663/626] [webkit-teacher] › e2e/homework.spec.ts:11:9 › Homework E2E - Phase 5 › Teacher Creation Flow › Teacher creates, saves draft, and publishes
Core Validation & E2E	Run Playwright Tests	2026-09-02T15:10:28.4932006Z [664/626] [webkit-teacher] › e2e/homework.spec.ts:63:9 › Homework E2E - Phase 5 › Guardian View Flow › Guardian views homework but cannot submit
Core Validation & E2E	Run Playwright Tests	2026-09-02T15:10:28.5197276Z [665/626] [webkit-teacher] › e2e/homework.spec.ts:86:9 › Homework E2E - Phase 5 › Unauthorized Access › Unauthorized access to creation page is blocked
Core Validation & E2E	Run Playwright Tests	2026-09-02T15:10:28.5740236Z [666/626] [webkit-teacher] › e2e/proxy-security.spec.ts:5:7 › Proxy / Middleware Runtime Security › Unauthenticated user is redirected to /login
Core Validation & E2E	Run Playwright Tests	2026-09-02T15:10:36.1627623Z [667/626] (retries) [webkit-teacher] › e2e/proxy-security.spec.ts:5:7 › Proxy / Middleware Runtime Security › Unauthenticated user is redirected to /login (retry #1)
Core Validation & E2E	Run Playwright Tests	2026-09-02T15:10:44.0218018Z [668/626] (retries) [webkit-teacher] › e2e/proxy-security.spec.ts:5:7 › Proxy / Middleware Runtime Security › Unauthenticated user is redirected to /login (retry #2)
Core Validation & E2E	Run Playwright Tests	2026-09-02T15:10:49.6705713Z   31) [webkit-teacher] › e2e/proxy-security.spec.ts:5:7 › Proxy / Middleware Runtime Security › Unauthenticated user is redirected to /login 
Core Validation & E2E	Run Playwright Tests	2026-09-02T15:10:49.6706466Z 
Core Validation & E2E	Run Playwright Tests	2026-09-02T15:10:49.6706662Z     Error: expect(locator).toBeVisible() failed
Core Validation & E2E	Run Playwright Tests	2026-09-02T15:10:49.6706920Z 
Core Validation & E2E	Run Playwright Tests	2026-09-02T15:10:49.6707118Z     Locator: getByRole('heading', { name: 'Sign in' })
Core Validation & E2E	Run Playwright Tests	2026-09-02T15:10:49.6707545Z     Expected: visible
Core Validation & E2E	Run Playwright Tests	2026-09-02T15:10:49.6707802Z     Timeout: 5000ms
Core Validation & E2E	Run Playwright Tests	2026-09-02T15:10:49.6708081Z     Error: element(s) not found
Core Validation & E2E	Run Playwright Tests	2026-09-02T15:10:49.6708275Z 
Core Validation & E2E	Run Playwright Tests	2026-09-02T15:10:49.6708356Z     Call log:
Core Validation & E2E	Run Playwright Tests	2026-09-02T15:10:49.6708604Z       - Expect "toBeVisible" with timeout 5000ms
Core Validation & E2E	Run Playwright Tests	2026-09-02T15:10:49.6708980Z       - waiting for getByRole('heading', { name: 'Sign in' })
Core Validation & E2E	Run Playwright Tests	2026-09-02T15:10:49.6709207Z 
Core Validation & E2E	Run Playwright Tests	2026-09-02T15:10:49.6709213Z 
Core Validation & E2E	Run Playwright Tests	2026-09-02T15:10:49.6709376Z       11 |     // Should be redirected by proxy.ts to login
Core Validation & E2E	Run Playwright Tests	2026-09-02T15:10:49.6710038Z       12 |     await expect(page).toHaveURL(/.*\/login/);
Core Validation & E2E	Run Playwright Tests	2026-09-02T15:10:49.6710649Z     > 13 |     await expect(page.getByRole('heading', { name: 'Sign in' })).toBeVisible();
Core Validation & E2E	Run Playwright Tests	2026-09-02T15:10:49.6711123Z          |                                                                  ^
Core Validation & E2E	Run Playwright Tests	2026-09-02T15:10:49.6711453Z       14 |     await context.close();
Core Validation & E2E	Run Playwright Tests	2026-09-02T15:10:49.6711701Z       15 |   });
Core Validation & E2E	Run Playwright Tests	2026-09-02T15:10:49.6711907Z       16 |
Core Validation & E2E	Run Playwright Tests	2026-09-02T15:10:49.6712352Z         at /mnt/c/Users/krish/actions-runner/_work/ERP-1/ERP-1/apps/web/e2e/proxy-security.spec.ts:13:66
Core Validation & E2E	Run Playwright Tests	2026-09-02T15:10:49.6712735Z 
Core Validation & E2E	Run Playwright Tests	2026-09-02T15:10:49.6713210Z     Error Context: test-results/proxy-security-Proxy-Middl-28b94-user-is-redirected-to-login-webkit-teacher/error-context.md
Core Validation & E2E	Run Playwright Tests	2026-09-02T15:10:49.6713701Z 
Core Validation & E2E	Run Playwright Tests	2026-09-02T15:10:49.6714117Z     Retry #1 ───────────────────────────────────────────────────────────────────────────────────────
Core Validation & E2E	Run Playwright Tests	2026-09-02T15:10:49.6714413Z 
Core Validation & E2E	Run Playwright Tests	2026-09-02T15:10:49.6719857Z     Error: expect(locator).toBeVisible() failed
Core Validation & E2E	Run Playwright Tests	2026-09-02T15:10:49.6720283Z 
Core Validation & E2E	Run Playwright Tests	2026-09-02T15:10:49.6720490Z     Locator: getByRole('heading', { name: 'Sign in' })
Core Validation & E2E	Run Playwright Tests	2026-09-02T15:10:49.6720822Z     Expected: visible
Core Validation & E2E	Run Playwright Tests	2026-09-02T15:10:49.6721050Z     Timeout: 5000ms
Core Validation & E2E	Run Playwright Tests	2026-09-02T15:10:49.6721307Z     Error: element(s) not found
Core Validation & E2E	Run Playwright Tests	2026-09-02T15:10:49.6721501Z 
Core Validation & E2E	Run Playwright Tests	2026-09-02T15:10:49.6721642Z     Call log:
Core Validation & E2E	Run Playwright Tests	2026-09-02T15:10:49.6722075Z       - Expect "toBeVisible" with timeout 5000ms
Core Validation & E2E	Run Playwright Tests	2026-09-02T15:10:49.6722801Z       - waiting for getByRole('heading', { name: 'Sign in' })
Core Validation & E2E	Run Playwright Tests	2026-09-02T15:10:49.6727776Z 
Core Validation & E2E	Run Playwright Tests	2026-09-02T15:10:49.6727786Z 
Core Validation & E2E	Run Playwright Tests	2026-09-02T15:10:49.6728038Z       11 |     // Should be redirected by proxy.ts to login
Core Validation & E2E	Run Playwright Tests	2026-09-02T15:10:49.6729011Z       12 |     await expect(page).toHaveURL(/.*\/login/);
Core Validation & E2E	Run Playwright Tests	2026-09-02T15:10:49.6729728Z     > 13 |     await expect(page.getByRole('heading', { name: 'Sign in' })).toBeVisible();
Core Validation & E2E	Run Playwright Tests	2026-09-02T15:10:49.6730336Z          |                                                                  ^
Core Validation & E2E	Run Playwright Tests	2026-09-02T15:10:49.6731331Z       14 |     await context.close();
Core Validation & E2E	Run Playwright Tests	2026-09-02T15:10:49.6731710Z       15 |   });
Core Validation & E2E	Run Playwright Tests	2026-09-02T15:10:49.6731921Z       16 |
Core Validation & E2E	Run Playwright Tests	2026-09-02T15:10:49.6732644Z         at /mnt/c/Users/krish/actions-runner/_work/ERP-1/ERP-1/apps/web/e2e/proxy-security.spec.ts:13:66
Core Validation & E2E	Run Playwright Tests	2026-09-02T15:10:49.6733726Z 
Core Validation & E2E	Run Playwright Tests	2026-09-02T15:10:49.6734307Z     Error Context: test-results/proxy-security-Proxy-Middl-28b94-user-is-redirected-to-login-webkit-teacher-retry1/error-context.md
Core Validation & E2E	Run Playwright Tests	2026-09-02T15:10:49.6734875Z 
Core Validation & E2E	Run Playwright Tests	2026-09-02T15:10:49.6735451Z     attachment #2: trace (application/zip) ─────────────────────────────────────────────────────────
Core Validation & E2E	Run Playwright Tests	2026-09-02T15:10:49.6736234Z     test-results/proxy-security-Proxy-Middl-28b94-user-is-redirected-to-login-webkit-teacher-retry1/trace.zip
Core Validation & E2E	Run Playwright Tests	2026-09-02T15:10:49.6736777Z     Usage:
Core Validation & E2E	Run Playwright Tests	2026-09-02T15:10:49.6736891Z 
Core Validation & E2E	Run Playwright Tests	2026-09-02T15:10:49.6737419Z         npx playwright show-trace test-results/proxy-security-Proxy-Middl-28b94-user-is-redirected-to-login-webkit-teacher-retry1/trace.zip
Core Validation & E2E	Run Playwright Tests	2026-09-02T15:10:49.6737981Z 
Core Validation & E2E	Run Playwright Tests	2026-09-02T15:10:49.6738326Z     ────────────────────────────────────────────────────────────────────────────────────────────────
Core Validation & E2E	Run Playwright Tests	2026-09-02T15:10:49.6738598Z 
Core Validation & E2E	Run Playwright Tests	2026-09-02T15:10:49.6738936Z     Retry #2 ───────────────────────────────────────────────────────────────────────────────────────
Core Validation & E2E	Run Playwright Tests	2026-09-02T15:10:49.6739212Z 
Core Validation & E2E	Run Playwright Tests	2026-09-02T15:10:49.6739359Z     Error: expect(locator).toBeVisible() failed
Core Validation & E2E	Run Playwright Tests	2026-09-02T15:10:49.6739564Z 
Core Validation & E2E	Run Playwright Tests	2026-09-02T15:10:49.6739729Z     Locator: getByRole('heading', { name: 'Sign in' })
Core Validation & E2E	Run Playwright Tests	2026-09-02T15:10:49.6740040Z     Expected: visible
Core Validation & E2E	Run Playwright Tests	2026-09-02T15:10:49.6740258Z     Timeout: 5000ms
Core Validation & E2E	Run Playwright Tests	2026-09-02T15:10:49.6740487Z     Error: element(s) not found
Core Validation & E2E	Run Playwright Tests	2026-09-02T15:10:49.6740649Z 
Core Validation & E2E	Run Playwright Tests	2026-09-02T15:10:49.6740725Z     Call log:
Core Validation & E2E	Run Playwright Tests	2026-09-02T15:10:49.6740977Z       - Expect "toBeVisible" with timeout 5000ms
Core Validation & E2E	Run Playwright Tests	2026-09-02T15:10:49.6741358Z       - waiting for getByRole('heading', { name: 'Sign in' })
Core Validation & E2E	Run Playwright Tests	2026-09-02T15:10:49.6741580Z 
Core Validation & E2E	Run Playwright Tests	2026-09-02T15:10:49.6741597Z 
Core Validation & E2E	Run Playwright Tests	2026-09-02T15:10:49.6741763Z       11 |     // Should be redirected by proxy.ts to login
Core Validation & E2E	Run Playwright Tests	2026-09-02T15:10:49.6742467Z       12 |     await expect(page).toHaveURL(/.*\/login/);
Core Validation & E2E	Run Playwright Tests	2026-09-02T15:10:49.6742985Z     > 13 |     await expect(page.getByRole('heading', { name: 'Sign in' })).toBeVisible();
Core Validation & E2E	Run Playwright Tests	2026-09-02T15:10:49.6743468Z          |                                                                  ^
Core Validation & E2E	Run Playwright Tests	2026-09-02T15:10:49.6743807Z       14 |     await context.close();
Core Validation & E2E	Run Playwright Tests	2026-09-02T15:10:49.6744075Z       15 |   });
Core Validation & E2E	Run Playwright Tests	2026-09-02T15:10:49.6744725Z       16 |
Core Validation & E2E	Run Playwright Tests	2026-09-02T15:10:49.6745737Z         at /mnt/c/Users/krish/actions-runner/_work/ERP-1/ERP-1/apps/web/e2e/proxy-security.spec.ts:13:66
Core Validation & E2E	Run Playwright Tests	2026-09-02T15:10:49.6746344Z 
Core Validation & E2E	Run Playwright Tests	2026-09-02T15:10:49.6747195Z     Error Context: test-results/proxy-security-Proxy-Middl-28b94-user-is-redirected-to-login-webkit-teacher-retry2/error-context.md
Core Validation & E2E	Run Playwright Tests	2026-09-02T15:10:49.6748063Z 
Core Validation & E2E	Run Playwright Tests	2026-09-02T15:10:49.6748072Z 
Core Validation & E2E	Run Playwright Tests	2026-09-02T15:10:52.1519166Z [669/626] [webkit-teacher] › e2e/proxy-security.spec.ts:17:7 › Proxy / Middleware Runtime Security › Normal authenticated user is not incorrectly redirected
Core Validation & E2E	Run Playwright Tests	2026-09-02T15:11:02.1009947Z [670/626] [webkit-teacher] › e2e/proxy-security.spec.ts:25:7 › Proxy / Middleware Runtime Security › Logout remains usable
Core Validation & E2E	Run Playwright Tests	2026-09-02T15:11:22.9761282Z [671/626] (retries) [webkit-teacher] › e2e/proxy-security.spec.ts:25:7 › Proxy / Middleware Runtime Security › Logout remains usable (retry #1)
Core Validation & E2E	Run Playwright Tests	2026-09-02T15:11:53.2363201Z [672/626] (retries) [webkit-teacher] › e2e/proxy-security.spec.ts:25:7 › Proxy / Middleware Runtime Security › Logout remains usable (retry #2)
Core Validation & E2E	Run Playwright Tests	2026-09-02T15:12:20.6901772Z   32) [webkit-teacher] › e2e/proxy-security.spec.ts:25:7 › Proxy / Middleware Runtime Security › Logout remains usable 
Core Validation & E2E	Run Playwright Tests	2026-09-02T15:12:20.6902500Z 
Core Validation & E2E	Run Playwright Tests	2026-09-02T15:12:20.6902814Z     Test timeout of 30000ms exceeded.
Core Validation & E2E	Run Playwright Tests	2026-09-02T15:12:20.6903117Z 
Core Validation & E2E	Run Playwright Tests	2026-09-02T15:12:20.6903439Z     Error: locator.click: Test timeout of 30000ms exceeded.
Core Validation & E2E	Run Playwright Tests	2026-09-02T15:12:20.6904038Z     Call log:
Core Validation & E2E	Run Playwright Tests	2026-09-02T15:12:20.6904633Z       - waiting for getByRole('button', { name: 'Logout' })
Core Validation & E2E	Run Playwright Tests	2026-09-02T15:12:20.6905035Z 
Core Validation & E2E	Run Playwright Tests	2026-09-02T15:12:20.6905045Z 
Core Validation & E2E	Run Playwright Tests	2026-09-02T15:12:20.6905184Z       29 |     
Core Validation & E2E	Run Playwright Tests	2026-09-02T15:12:20.6905641Z       30 |     // Perform logout
Core Validation & E2E	Run Playwright Tests	2026-09-02T15:12:20.6906276Z     > 31 |     await page.getByRole('button', { name: 'Logout' }).click();
Core Validation & E2E	Run Playwright Tests	2026-09-02T15:12:20.6906973Z          |                                                        ^
Core Validation & E2E	Run Playwright Tests	2026-09-02T15:12:20.6907297Z       32 |     
Core Validation & E2E	Run Playwright Tests	2026-09-02T15:12:20.6907588Z       33 |     // Verify redirect to login
Core Validation & E2E	Run Playwright Tests	2026-09-02T15:12:20.6907971Z       34 |     await expect(page).toHaveURL(/.*\/login/);
Core Validation & E2E	Run Playwright Tests	2026-09-02T15:12:20.6908535Z         at /mnt/c/Users/krish/actions-runner/_work/ERP-1/ERP-1/apps/web/e2e/proxy-security.spec.ts:31:56
Core Validation & E2E	Run Playwright Tests	2026-09-02T15:12:20.6908909Z 
Core Validation & E2E	Run Playwright Tests	2026-09-02T15:12:20.6909397Z     Error Context: test-results/proxy-security-Proxy-Middl-2a5ca-urity-Logout-remains-usable-webkit-teacher/error-context.md
Core Validation & E2E	Run Playwright Tests	2026-09-02T15:12:20.6909916Z 
Core Validation & E2E	Run Playwright Tests	2026-09-02T15:12:20.6910440Z     Retry #1 ───────────────────────────────────────────────────────────────────────────────────────
Core Validation & E2E	Run Playwright Tests	2026-09-02T15:12:20.6910752Z 
Core Validation & E2E	Run Playwright Tests	2026-09-02T15:12:20.6910931Z     Test timeout of 30000ms exceeded.
Core Validation & E2E	Run Playwright Tests	2026-09-02T15:12:20.6911114Z 
Core Validation & E2E	Run Playwright Tests	2026-09-02T15:12:20.6911299Z     Error: locator.click: Test timeout of 30000ms exceeded.
Core Validation & E2E	Run Playwright Tests	2026-09-02T15:12:20.6911610Z     Call log:
Core Validation & E2E	Run Playwright Tests	2026-09-02T15:12:20.6911895Z       - waiting for getByRole('button', { name: 'Logout' })
Core Validation & E2E	Run Playwright Tests	2026-09-02T15:12:20.6912105Z 
Core Validation & E2E	Run Playwright Tests	2026-09-02T15:12:20.6912110Z 
Core Validation & E2E	Run Playwright Tests	2026-09-02T15:12:20.6912197Z       29 |     
Core Validation & E2E	Run Playwright Tests	2026-09-02T15:12:20.6912436Z       30 |     // Perform logout
Core Validation & E2E	Run Playwright Tests	2026-09-02T15:12:20.6912854Z     > 31 |     await page.getByRole('button', { name: 'Logout' }).click();
Core Validation & E2E	Run Playwright Tests	2026-09-02T15:12:20.6913264Z          |                                                        ^
Core Validation & E2E	Run Playwright Tests	2026-09-02T15:12:20.6913549Z       32 |     
Core Validation & E2E	Run Playwright Tests	2026-09-02T15:12:20.6913780Z       33 |     // Verify redirect to login
Core Validation & E2E	Run Playwright Tests	2026-09-02T15:12:20.6914105Z       34 |     await expect(page).toHaveURL(/.*\/login/);
Core Validation & E2E	Run Playwright Tests	2026-09-02T15:12:20.6915046Z         at /mnt/c/Users/krish/actions-runner/_work/ERP-1/ERP-1/apps/web/e2e/proxy-security.spec.ts:31:56
Core Validation & E2E	Run Playwright Tests	2026-09-02T15:12:20.6915438Z 
Core Validation & E2E	Run Playwright Tests	2026-09-02T15:12:20.6915990Z     Error Context: test-results/proxy-security-Proxy-Middl-2a5ca-urity-Logout-remains-usable-webkit-teacher-retry1/error-context.md
Core Validation & E2E	Run Playwright Tests	2026-09-02T15:12:20.6916547Z 
Core Validation & E2E	Run Playwright Tests	2026-09-02T15:12:20.6917690Z     attachment #2: trace (application/zip) ─────────────────────────────────────────────────────────
Core Validation & E2E	Run Playwright Tests	2026-09-02T15:12:20.6918737Z     test-results/proxy-security-Proxy-Middl-2a5ca-urity-Logout-remains-usable-webkit-teacher-retry1/trace.zip
Core Validation & E2E	Run Playwright Tests	2026-09-02T15:12:20.6919758Z     Usage:
Core Validation & E2E	Run Playwright Tests	2026-09-02T15:12:20.6920037Z 
Core Validation & E2E	Run Playwright Tests	2026-09-02T15:12:20.6921055Z         npx playwright show-trace test-results/proxy-security-Proxy-Middl-2a5ca-urity-Logout-remains-usable-webkit-teacher-retry1/trace.zip
Core Validation & E2E	Run Playwright Tests	2026-09-02T15:12:20.6922270Z 
Core Validation & E2E	Run Playwright Tests	2026-09-02T15:12:20.6922811Z     ────────────────────────────────────────────────────────────────────────────────────────────────
Core Validation & E2E	Run Playwright Tests	2026-09-02T15:12:20.6929104Z 
Core Validation & E2E	Run Playwright Tests	2026-09-02T15:12:20.6929611Z     Retry #2 ───────────────────────────────────────────────────────────────────────────────────────
Core Validation & E2E	Run Playwright Tests	2026-09-02T15:12:20.6929947Z 
Core Validation & E2E	Run Playwright Tests	2026-09-02T15:12:20.6930086Z     Test timeout of 30000ms exceeded.
Core Validation & E2E	Run Playwright Tests	2026-09-02T15:12:20.6930318Z 
Core Validation & E2E	Run Playwright Tests	2026-09-02T15:12:20.6930602Z     Error: locator.click: Test timeout of 30000ms exceeded.
Core Validation & E2E	Run Playwright Tests	2026-09-02T15:12:20.6931562Z     Call log:
Core Validation & E2E	Run Playwright Tests	2026-09-02T15:12:20.6932096Z       - waiting for getByRole('button', { name: 'Logout' })
Core Validation & E2E	Run Playwright Tests	2026-09-02T15:12:20.6932362Z 
Core Validation & E2E	Run Playwright Tests	2026-09-02T15:12:20.6937510Z 
Core Validation & E2E	Run Playwright Tests	2026-09-02T15:12:20.6937758Z       29 |     
Core Validation & E2E	Run Playwright Tests	2026-09-02T15:12:20.6938180Z       30 |     // Perform logout
Core Validation & E2E	Run Playwright Tests	2026-09-02T15:12:20.6938800Z     > 31 |     await page.getByRole('button', { name: 'Logout' }).click();
Core Validation & E2E	Run Playwright Tests	2026-09-02T15:12:20.6939518Z          |                                                        ^
Core Validation & E2E	Run Playwright Tests	2026-09-02T15:12:20.6939990Z       32 |     
Core Validation & E2E	Run Playwright Tests	2026-09-02T15:12:20.6940349Z       33 |     // Verify redirect to login
Core Validation & E2E	Run Playwright Tests	2026-09-02T15:12:20.6940878Z       34 |     await expect(page).toHaveURL(/.*\/login/);
Core Validation & E2E	Run Playwright Tests	2026-09-02T15:12:20.6941810Z         at /mnt/c/Users/krish/actions-runner/_work/ERP-1/ERP-1/apps/web/e2e/proxy-security.spec.ts:31:56
Core Validation & E2E	Run Playwright Tests	2026-09-02T15:12:20.6942452Z 
Core Validation & E2E	Run Playwright Tests	2026-09-02T15:12:20.6943360Z     Error Context: test-results/proxy-security-Proxy-Middl-2a5ca-urity-Logout-remains-usable-webkit-teacher-retry2/error-context.md
Core Validation & E2E	Run Playwright Tests	2026-09-02T15:12:20.6944012Z 
Core Validation & E2E	Run Playwright Tests	2026-09-02T15:12:20.6944030Z 
Core Validation & E2E	Run Playwright Tests	2026-09-02T15:12:23.1819483Z [673/626] [webkit-teacher] › e2e/proxy-security.spec.ts:42:9 › Proxy / Middleware Runtime Security › Password Reset Flow › User requiring password reset is redirected to /auth/update-password
Core Validation & E2E	Run Playwright Tests	2026-09-02T15:12:31.1797465Z [674/626] (retries) [webkit-teacher] › e2e/proxy-security.spec.ts:42:9 › Proxy / Middleware Runtime Security › Password Reset Flow › User requiring password reset is redirected to /auth/update-password (retry #1)
Core Validation & E2E	Run Playwright Tests	2026-09-02T15:12:39.6890128Z [675/626] (retries) [webkit-teacher] › e2e/proxy-security.spec.ts:42:9 › Proxy / Middleware Runtime Security › Password Reset Flow › User requiring password reset is redirected to /auth/update-password (retry #2)
Core Validation & E2E	Run Playwright Tests	2026-09-02T15:12:45.6206497Z   33) [webkit-teacher] › e2e/proxy-security.spec.ts:42:9 › Proxy / Middleware Runtime Security › Password Reset Flow › User requiring password reset is redirected to /auth/update-password 
Core Validation & E2E	Run Playwright Tests	2026-09-02T15:12:45.6207683Z 
Core Validation & E2E	Run Playwright Tests	2026-09-02T15:12:45.6207940Z     Error: expect(page).toHaveURL(expected) failed
Core Validation & E2E	Run Playwright Tests	2026-09-02T15:12:45.6208234Z 
Core Validation & E2E	Run Playwright Tests	2026-09-02T15:12:45.6208443Z     Expected pattern: /.*\/auth\/update-password/
Core Validation & E2E	Run Playwright Tests	2026-09-02T15:12:45.6208967Z     Received string:  "http://localhost:3000/login"
Core Validation & E2E	Run Playwright Tests	2026-09-02T15:12:45.6209350Z     Timeout: 5000ms
Core Validation & E2E	Run Playwright Tests	2026-09-02T15:12:45.6209502Z 
Core Validation & E2E	Run Playwright Tests	2026-09-02T15:12:45.6209605Z     Call log:
Core Validation & E2E	Run Playwright Tests	2026-09-02T15:12:45.6209911Z       - Expect "toHaveURL" with timeout 5000ms
Core Validation & E2E	Run Playwright Tests	2026-09-02T15:12:45.6210611Z         13 × locator resolved to <html lang="en" class="h-full antialiased">…</html>
Core Validation & E2E	Run Playwright Tests	2026-09-02T15:12:45.6211201Z            - unexpected value "http://localhost:3000/login"
Core Validation & E2E	Run Playwright Tests	2026-09-02T15:12:45.6216902Z 
Core Validation & E2E	Run Playwright Tests	2026-09-02T15:12:45.6216921Z 
Core Validation & E2E	Run Playwright Tests	2026-09-02T15:12:45.6217045Z       51 |
Core Validation & E2E	Run Playwright Tests	2026-09-02T15:12:45.6217469Z       52 |       // Should be forced to update-password
Core Validation & E2E	Run Playwright Tests	2026-09-02T15:12:45.6218341Z     > 53 |       await expect(page).toHaveURL(/.*\/auth\/update-password/);
Core Validation & E2E	Run Playwright Tests	2026-09-02T15:12:45.6218938Z          |                          ^
Core Validation & E2E	Run Playwright Tests	2026-09-02T15:12:45.6219638Z       54 |       await expect(page.getByRole('heading', { name: 'Update Password' })).toBeVisible();
Core Validation & E2E	Run Playwright Tests	2026-09-02T15:12:45.6220253Z       55 |
Core Validation & E2E	Run Playwright Tests	2026-09-02T15:12:45.6226480Z       56 |       // Trying to navigate to a protected page directly should still redirect
Core Validation & E2E	Run Playwright Tests	2026-09-02T15:12:45.6227269Z         at /mnt/c/Users/krish/actions-runner/_work/ERP-1/ERP-1/apps/web/e2e/proxy-security.spec.ts:53:26
Core Validation & E2E	Run Playwright Tests	2026-09-02T15:12:45.6227656Z 
Core Validation & E2E	Run Playwright Tests	2026-09-02T15:12:45.6228150Z     Error Context: test-results/proxy-security-Proxy-Middl-e4437-ted-to-auth-update-password-webkit-teacher/error-context.md
Core Validation & E2E	Run Playwright Tests	2026-09-02T15:12:45.6228646Z 
Core Validation & E2E	Run Playwright Tests	2026-09-02T15:12:45.6229252Z     Retry #1 ───────────────────────────────────────────────────────────────────────────────────────
Core Validation & E2E	Run Playwright Tests	2026-09-02T15:12:45.6229560Z 
Core Validation & E2E	Run Playwright Tests	2026-09-02T15:12:45.6229719Z     Error: expect(page).toHaveURL(expected) failed
Core Validation & E2E	Run Playwright Tests	2026-09-02T15:12:45.6229939Z 
Core Validation & E2E	Run Playwright Tests	2026-09-02T15:12:45.6230090Z     Expected pattern: /.*\/auth\/update-password/
Core Validation & E2E	Run Playwright Tests	2026-09-02T15:12:45.6230473Z     Received string:  "http://localhost:3000/login"
Core Validation & E2E	Run Playwright Tests	2026-09-02T15:12:45.6230782Z     Timeout: 5000ms
Core Validation & E2E	Run Playwright Tests	2026-09-02T15:12:45.6230903Z 
Core Validation & E2E	Run Playwright Tests	2026-09-02T15:12:45.6230989Z     Call log:
Core Validation & E2E	Run Playwright Tests	2026-09-02T15:12:45.6231356Z       - Expect "toHaveURL" with timeout 5000ms
Core Validation & E2E	Run Playwright Tests	2026-09-02T15:12:45.6232765Z         14 × locator resolved to <html lang="en" class="h-full antialiased">…</html>
Core Validation & E2E	Run Playwright Tests	2026-09-02T15:12:45.6233520Z            - unexpected value "http://localhost:3000/login"
Core Validation & E2E	Run Playwright Tests	2026-09-02T15:12:45.6233848Z 
Core Validation & E2E	Run Playwright Tests	2026-09-02T15:12:45.6233857Z 
Core Validation & E2E	Run Playwright Tests	2026-09-02T15:12:45.6246263Z       51 |
Core Validation & E2E	Run Playwright Tests	2026-09-02T15:12:45.6246889Z       52 |       // Should be forced to update-password
Core Validation & E2E	Run Playwright Tests	2026-09-02T15:12:45.6247427Z     > 53 |       await expect(page).toHaveURL(/.*\/auth\/update-password/);
Core Validation & E2E	Run Playwright Tests	2026-09-02T15:12:45.6247817Z          |                          ^
Core Validation & E2E	Run Playwright Tests	2026-09-02T15:12:45.6248289Z       54 |       await expect(page.getByRole('heading', { name: 'Update Password' })).toBeVisible();
Core Validation & E2E	Run Playwright Tests	2026-09-02T15:12:45.6248717Z       55 |
Core Validation & E2E	Run Playwright Tests	2026-09-02T15:12:45.6249074Z       56 |       // Trying to navigate to a protected page directly should still redirect
Core Validation & E2E	Run Playwright Tests	2026-09-02T15:12:45.6249717Z         at /mnt/c/Users/krish/actions-runner/_work/ERP-1/ERP-1/apps/web/e2e/proxy-security.spec.ts:53:26
Core Validation & E2E	Run Playwright Tests	2026-09-02T15:12:45.6250089Z 
Core Validation & E2E	Run Playwright Tests	2026-09-02T15:12:45.6250604Z     Error Context: test-results/proxy-security-Proxy-Middl-e4437-ted-to-auth-update-password-webkit-teacher-retry1/error-context.md
Core Validation & E2E	Run Playwright Tests	2026-09-02T15:12:45.6251138Z 
Core Validation & E2E	Run Playwright Tests	2026-09-02T15:12:45.6251654Z     attachment #2: trace (application/zip) ─────────────────────────────────────────────────────────
Core Validation & E2E	Run Playwright Tests	2026-09-02T15:12:45.6252418Z     test-results/proxy-security-Proxy-Middl-e4437-ted-to-auth-update-password-webkit-teacher-retry1/trace.zip
Core Validation & E2E	Run Playwright Tests	2026-09-02T15:12:45.6253135Z     Usage:
Core Validation & E2E	Run Playwright Tests	2026-09-02T15:12:45.6253238Z 
Core Validation & E2E	Run Playwright Tests	2026-09-02T15:12:45.6253761Z         npx playwright show-trace test-results/proxy-security-Proxy-Middl-e4437-ted-to-auth-update-password-webkit-teacher-retry1/trace.zip
Core Validation & E2E	Run Playwright Tests	2026-09-02T15:12:45.6254305Z 
Core Validation & E2E	Run Playwright Tests	2026-09-02T15:12:45.6254639Z     ────────────────────────────────────────────────────────────────────────────────────────────────
Core Validation & E2E	Run Playwright Tests	2026-09-02T15:12:45.6254914Z 
Core Validation & E2E	Run Playwright Tests	2026-09-02T15:12:45.6255238Z     Retry #2 ───────────────────────────────────────────────────────────────────────────────────────
Core Validation & E2E	Run Playwright Tests	2026-09-02T15:12:45.6255524Z 
Core Validation & E2E	Run Playwright Tests	2026-09-02T15:12:45.6255683Z     Error: expect(page).toHaveURL(expected) failed
Core Validation & E2E	Run Playwright Tests	2026-09-02T15:12:45.6255898Z 
Core Validation & E2E	Run Playwright Tests	2026-09-02T15:12:45.6256061Z     Expected pattern: /.*\/auth\/update-password/
Core Validation & E2E	Run Playwright Tests	2026-09-02T15:12:45.6256425Z     Received string:  "http://localhost:3000/login"
Core Validation & E2E	Run Playwright Tests	2026-09-02T15:12:45.6256710Z     Timeout: 5000ms
Core Validation & E2E	Run Playwright Tests	2026-09-02T15:12:45.6256829Z 
Core Validation & E2E	Run Playwright Tests	2026-09-02T15:12:45.6256913Z     Call log:
Core Validation & E2E	Run Playwright Tests	2026-09-02T15:12:45.6262823Z       - Expect "toHaveURL" with timeout 5000ms
Core Validation & E2E	Run Playwright Tests	2026-09-02T15:12:45.6263480Z         13 × locator resolved to <html lang="en" class="h-full antialiased">…</html>
Core Validation & E2E	Run Playwright Tests	2026-09-02T15:12:45.6263987Z            - unexpected value "http://localhost:3000/login"
Core Validation & E2E	Run Playwright Tests	2026-09-02T15:12:45.6264268Z 
Core Validation & E2E	Run Playwright Tests	2026-09-02T15:12:45.6264276Z 
Core Validation & E2E	Run Playwright Tests	2026-09-02T15:12:45.6264361Z       51 |
Core Validation & E2E	Run Playwright Tests	2026-09-02T15:12:45.6264627Z       52 |       // Should be forced to update-password
Core Validation & E2E	Run Playwright Tests	2026-09-02T15:12:45.6265056Z     > 53 |       await expect(page).toHaveURL(/.*\/auth\/update-password/);
Core Validation & E2E	Run Playwright Tests	2026-09-02T15:12:45.6269314Z          |                          ^
Core Validation & E2E	Run Playwright Tests	2026-09-02T15:12:45.6270030Z       54 |       await expect(page.getByRole('heading', { name: 'Update Password' })).toBeVisible();
Core Validation & E2E	Run Playwright Tests	2026-09-02T15:12:45.6270899Z       55 |
Core Validation & E2E	Run Playwright Tests	2026-09-02T15:12:45.6271316Z       56 |       // Trying to navigate to a protected page directly should still redirect
Core Validation & E2E	Run Playwright Tests	2026-09-02T15:12:45.6271996Z         at /mnt/c/Users/krish/actions-runner/_work/ERP-1/ERP-1/apps/web/e2e/proxy-security.spec.ts:53:26
Core Validation & E2E	Run Playwright Tests	2026-09-02T15:12:45.6272416Z 
Core Validation & E2E	Run Playwright Tests	2026-09-02T15:12:45.6272960Z     Error Context: test-results/proxy-security-Proxy-Middl-e4437-ted-to-auth-update-password-webkit-teacher-retry2/error-context.md
Core Validation & E2E	Run Playwright Tests	2026-09-02T15:12:45.6273554Z 
Core Validation & E2E	Run Playwright Tests	2026-09-02T15:12:45.6273560Z 
Core Validation & E2E	Run Playwright Tests	2026-09-02T15:12:48.0733466Z [676/626] [webkit-teacher] › e2e/scheduling.spec.ts:13:7 › Scheduling Management › Branch Admin can manage rooms, bell schedules, and periods
Core Validation & E2E	Run Playwright Tests	2026-09-02T15:12:48.2211013Z [677/626] [webkit-teacher] › e2e/scheduling.spec.ts:99:7 › Scheduling Security - Teacher Role › Teacher cannot perform administrative mutations
Core Validation & E2E	Run Playwright Tests	2026-09-02T15:12:48.2533632Z [678/626] [webkit-teacher] › e2e/scheduling.spec.ts:119:7 › Scheduling Security - Cross Branch › Cross-branch manipulation is rejected
Core Validation & E2E	Run Playwright Tests	2026-09-02T15:12:49.4859738Z [679/626] [webkit-teacher] › e2e/storage.spec.ts:34:7 › Storage Runtime Authorization (Communication) › Teacher can upload attachment to their own draft and unauthorized users cannot read
Core Validation & E2E	Run Playwright Tests	2026-09-02T15:12:49.5602973Z [680/626] [webkit-teacher] › e2e/students-security.spec.ts:17:7 › Students Page Authorization › Branch Admin can access /students for their own branch
Core Validation & E2E	Run Playwright Tests	2026-09-02T15:12:50.2294912Z [681/626] [webkit-teacher] › e2e/students-security.spec.ts:35:7 › Students Page Authorization › Teacher can access /students in read-only mode
Core Validation & E2E	Run Playwright Tests	2026-09-02T15:12:51.2464623Z [682/626] [webkit-teacher] › e2e/students-security.spec.ts:52:7 › Students Page Authorization › Students page rejects access with invalid branch context
Core Validation & E2E	Run Playwright Tests	2026-09-02T15:12:51.6954071Z [683/626] [webkit-teacher] › e2e/students-security.spec.ts:67:7 › Students/New Page Authorization › Branch Admin can access /students/new for their branch
Core Validation & E2E	Run Playwright Tests	2026-09-02T15:12:52.0911906Z [684/626] [webkit-teacher] › e2e/students-security.spec.ts:80:7 › Students/New Page Authorization › Teacher cannot access /students/new (read-only role)
Core Validation & E2E	Run Playwright Tests	2026-09-02T15:12:52.8795120Z [685/626] [webkit-teacher] › e2e/students-security.spec.ts:91:7 › Students/New Page Authorization › Students/new page does not contain hardcoded branch/org IDs
Core Validation & E2E	Run Playwright Tests	2026-09-02T15:12:53.2909638Z [686/626] [webkit-teacher] › e2e/students-security.spec.ts:104:7 › Students/New Page Authorization › Students/new rejects cross-branch access
Core Validation & E2E	Run Playwright Tests	2026-09-02T15:12:53.1701721Z [687/626] [webkit-teacher] › e2e/students-security.spec.ts:119:7 › Students Detail Page Authorization › Student detail page enforces branch context
Core Validation & E2E	Run Playwright Tests	2026-09-02T15:12:53.5426412Z [688/626] [webkit-teacher] › e2e/students-security.spec.ts:131:7 › Students Detail Page Authorization › Student detail page rejects cross-branch access
Core Validation & E2E	Run Playwright Tests	2026-09-02T15:12:53.9642514Z [689/626] [webkit-teacher] › e2e/substitutions.spec.ts:33:7 › Substitutions Management › Branch Admin CRUD & Conflicts › should manage substitutions and handle conflicts
Core Validation & E2E	Run Playwright Tests	2026-09-02T15:12:53.9999609Z [690/626] [webkit-teacher] › e2e/substitutions.spec.ts:281:9 › Substitutions Management › Teacher Roles › should view substitutions but cannot create
Core Validation & E2E	Run Playwright Tests	2026-09-02T15:12:54.0634285Z [691/626] [webkit-teacher] › e2e/timetable.spec.ts:27:9 › Timetable Management › Branch Admin CRUD & Conflicts › should manage timetable entries and handle conflicts
Core Validation & E2E	Run Playwright Tests	2026-09-02T15:12:54.0901920Z [692/626] [webkit-teacher] › e2e/timetable.spec.ts:168:9 › Timetable Management › Teacher Roles › should view timetable but cannot create entries
Core Validation & E2E	Run Playwright Tests	2026-09-02T15:12:54.2266479Z   33 failed
Core Validation & E2E	Run Playwright Tests	2026-09-02T15:12:54.2268435Z     [chromium-superadmin] › e2e/proxy-security.spec.ts:5:7 › Proxy / Middleware Runtime Security › Unauthenticated user is redirected to /login 
Core Validation & E2E	Run Playwright Tests	2026-09-02T15:12:54.2271284Z     [chromium-superadmin] › e2e/proxy-security.spec.ts:17:7 › Proxy / Middleware Runtime Security › Normal authenticated user is not incorrectly redirected 
Core Validation & E2E	Run Playwright Tests	2026-09-02T15:12:54.2273408Z     [chromium-superadmin] › e2e/proxy-security.spec.ts:25:7 › Proxy / Middleware Runtime Security › Logout remains usable 
Core Validation & E2E	Run Playwright Tests	2026-09-02T15:12:54.2275037Z     [chromium-superadmin] › e2e/proxy-security.spec.ts:42:9 › Proxy / Middleware Runtime Security › Password Reset Flow › User requiring password reset is redirected to /auth/update-password 
Core Validation & E2E	Run Playwright Tests	2026-09-02T15:12:54.2277298Z     [chromium-branchadmin] › e2e/proxy-security.spec.ts:5:7 › Proxy / Middleware Runtime Security › Unauthenticated user is redirected to /login 
Core Validation & E2E	Run Playwright Tests	2026-09-02T15:12:54.2278384Z     [chromium-branchadmin] › e2e/proxy-security.spec.ts:25:7 › Proxy / Middleware Runtime Security › Logout remains usable 
Core Validation & E2E	Run Playwright Tests	2026-09-02T15:12:54.2279647Z     [chromium-branchadmin] › e2e/proxy-security.spec.ts:42:9 › Proxy / Middleware Runtime Security › Password Reset Flow › User requiring password reset is redirected to /auth/update-password 
Core Validation & E2E	Run Playwright Tests	2026-09-02T15:12:54.2280933Z     [chromium-teacher] › e2e/proxy-security.spec.ts:5:7 › Proxy / Middleware Runtime Security › Unauthenticated user is redirected to /login 
Core Validation & E2E	Run Playwright Tests	2026-09-02T15:12:54.2281903Z     [chromium-teacher] › e2e/proxy-security.spec.ts:25:7 › Proxy / Middleware Runtime Security › Logout remains usable 
Core Validation & E2E	Run Playwright Tests	2026-09-02T15:12:54.2283625Z     [chromium-teacher] › e2e/proxy-security.spec.ts:42:9 › Proxy / Middleware Runtime Security › Password Reset Flow › User requiring password reset is redirected to /auth/update-password 
Core Validation & E2E	Run Playwright Tests	2026-09-02T15:12:54.2284967Z     [chromium-guardian] › e2e/proxy-security.spec.ts:5:7 › Proxy / Middleware Runtime Security › Unauthenticated user is redirected to /login 
Core Validation & E2E	Run Playwright Tests	2026-09-02T15:12:54.2285967Z     [chromium-guardian] › e2e/proxy-security.spec.ts:25:7 › Proxy / Middleware Runtime Security › Logout remains usable 
Core Validation & E2E	Run Playwright Tests	2026-09-02T15:12:54.2287196Z     [chromium-guardian] › e2e/proxy-security.spec.ts:42:9 › Proxy / Middleware Runtime Security › Password Reset Flow › User requiring password reset is redirected to /auth/update-password 
Core Validation & E2E	Run Playwright Tests	2026-09-02T15:12:54.2288498Z     [mobile-chrome-superadmin] › e2e/proxy-security.spec.ts:5:7 › Proxy / Middleware Runtime Security › Unauthenticated user is redirected to /login 
Core Validation & E2E	Run Playwright Tests	2026-09-02T15:12:54.2289690Z     [mobile-chrome-superadmin] › e2e/proxy-security.spec.ts:17:7 › Proxy / Middleware Runtime Security › Normal authenticated user is not incorrectly redirected 
Core Validation & E2E	Run Playwright Tests	2026-09-02T15:12:54.2296689Z     [mobile-chrome-superadmin] › e2e/proxy-security.spec.ts:25:7 › Proxy / Middleware Runtime Security › Logout remains usable 
Core Validation & E2E	Run Playwright Tests	2026-09-02T15:12:54.2298026Z     [mobile-chrome-superadmin] › e2e/proxy-security.spec.ts:42:9 › Proxy / Middleware Runtime Security › Password Reset Flow › User requiring password reset is redirected to /auth/update-password 
Core Validation & E2E	Run Playwright Tests	2026-09-02T15:12:54.2299362Z     [mobile-chrome-branchadmin] › e2e/proxy-security.spec.ts:5:7 › Proxy / Middleware Runtime Security › Unauthenticated user is redirected to /login 
Core Validation & E2E	Run Playwright Tests	2026-09-02T15:12:54.2305626Z     [mobile-chrome-branchadmin] › e2e/proxy-security.spec.ts:25:7 › Proxy / Middleware Runtime Security › Logout remains usable 
Core Validation & E2E	Run Playwright Tests	2026-09-02T15:12:54.2306951Z     [mobile-chrome-branchadmin] › e2e/proxy-security.spec.ts:42:9 › Proxy / Middleware Runtime Security › Password Reset Flow › User requiring password reset is redirected to /auth/update-password 
Core Validation & E2E	Run Playwright Tests	2026-09-02T15:12:54.2308384Z     [mobile-chrome-teacher] › e2e/proxy-security.spec.ts:5:7 › Proxy / Middleware Runtime Security › Unauthenticated user is redirected to /login 
Core Validation & E2E	Run Playwright Tests	2026-09-02T15:12:54.2310376Z     [mobile-chrome-teacher] › e2e/proxy-security.spec.ts:25:7 › Proxy / Middleware Runtime Security › Logout remains usable 
Core Validation & E2E	Run Playwright Tests	2026-09-02T15:12:54.2311748Z     [mobile-chrome-teacher] › e2e/proxy-security.spec.ts:42:9 › Proxy / Middleware Runtime Security › Password Reset Flow › User requiring password reset is redirected to /auth/update-password 
Core Validation & E2E	Run Playwright Tests	2026-09-02T15:12:54.2313375Z     [webkit-superadmin] › e2e/proxy-security.spec.ts:5:7 › Proxy / Middleware Runtime Security › Unauthenticated user is redirected to /login 
Core Validation & E2E	Run Playwright Tests	2026-09-02T15:12:54.2314609Z     [webkit-superadmin] › e2e/proxy-security.spec.ts:17:7 › Proxy / Middleware Runtime Security › Normal authenticated user is not incorrectly redirected 
Core Validation & E2E	Run Playwright Tests	2026-09-02T15:12:54.2315788Z     [webkit-superadmin] › e2e/proxy-security.spec.ts:25:7 › Proxy / Middleware Runtime Security › Logout remains usable 
Core Validation & E2E	Run Playwright Tests	2026-09-02T15:12:54.2317065Z     [webkit-superadmin] › e2e/proxy-security.spec.ts:42:9 › Proxy / Middleware Runtime Security › Password Reset Flow › User requiring password reset is redirected to /auth/update-password 
Core Validation & E2E	Run Playwright Tests	2026-09-02T15:12:54.2318353Z     [webkit-branchadmin] › e2e/proxy-security.spec.ts:5:7 › Proxy / Middleware Runtime Security › Unauthenticated user is redirected to /login 
Core Validation & E2E	Run Playwright Tests	2026-09-02T15:12:54.2319355Z     [webkit-branchadmin] › e2e/proxy-security.spec.ts:25:7 › Proxy / Middleware Runtime Security › Logout remains usable 
Core Validation & E2E	Run Playwright Tests	2026-09-02T15:12:54.2320580Z     [webkit-branchadmin] › e2e/proxy-security.spec.ts:42:9 › Proxy / Middleware Runtime Security › Password Reset Flow › User requiring password reset is redirected to /auth/update-password 
Core Validation & E2E	Run Playwright Tests	2026-09-02T15:12:54.2321841Z     [webkit-teacher] › e2e/proxy-security.spec.ts:5:7 › Proxy / Middleware Runtime Security › Unauthenticated user is redirected to /login 
Core Validation & E2E	Run Playwright Tests	2026-09-02T15:12:54.2322815Z     [webkit-teacher] › e2e/proxy-security.spec.ts:25:7 › Proxy / Middleware Runtime Security › Logout remains usable 
Core Validation & E2E	Run Playwright Tests	2026-09-02T15:12:54.2324022Z     [webkit-teacher] › e2e/proxy-security.spec.ts:42:9 › Proxy / Middleware Runtime Security › Password Reset Flow › User requiring password reset is redirected to /auth/update-password 
Core Validation & E2E	Run Playwright Tests	2026-09-02T15:12:54.2324768Z   356 skipped
Core Validation & E2E	Run Playwright Tests	2026-09-02T15:12:54.2324985Z   237 passed (30.8m)
Core Validation & E2E	Run Playwright Tests	2026-09-02T15:12:54.4472635Z ##[error]Process completed with exit code 1.
